公開類,,編製機關,新竹市政府(民政處),,,,,,,,,,,,,,,,,,,,,,,,,,,,,,,,,,,,,,,,,,,,,,,,,,,,,,,,,,,,,,,,,,,,,,,,,,,,,,,,,,,,,,,,,,,,,,,,,,,,,,,,,,,,,,,,,,,,,,,,,
月報,次月5日前編送,表號,10122-00-02-2,,,,,,,,,,,,,,,,,,,,,,,,,,,,,,,,,,,,,,,,,,,,,,,,,,,,,,,,,,,,,,,,,,,,,,,,,,,,,,,,,,,,,,,,,,,,,,,,,,,,,,,,,,,,,,,,,,,,,,,,,
月統計報表之3,新竹市各區村里　現住人口數按性別及年齡分,,,,,,,,,,,,,,,,,,,,,,,,,,,,,,,,,,,,,,,,,,,,,,,,,,,,,,,,,,,,,,,,,,,,,,,,,,,,,,,,,,,,,,,,,,,,,,,,,,,,,,,,,,,,,,,,,,,,,,,,,,,
中華民國115年05月底,,,,,,,,,,,,,,,,,,,,,,,,,,,,,,,,,,,,,,,,,,,,,,,,,,,,,,,,,,,,,,,,,,,,,,,,,,,,,,,,,,,,,,,,,,,,,,,,,,,,,,,,,,,,,,,,,,,,,,,,,,,,
RRRP03360,單位：人,,,,,,,,,,,,,,,,,,,,,,,,,,,,,,,,,,,,,,,,,,,,,,,,,,,,,,,,,,,,,,,,,,,,,,,,,,,,,,,,,,,,,,,,,,,,,,,,,,,,,,,,,,,,,,,,,,,,,,,,,,,
區域代碼,區域別,性別,總計,0～4歲_合計,0～4歲_0歲,0～4歲_1歲,0～4歲_2歲,0～4歲_3歲,0～4歲_4歲,5～9歲_合計,5～9歲_5歲,5～9歲_6歲,5～9歲_7歲,5～9歲_8歲,5～9歲_9歲,10～14歲_合計,10～14歲_10歲,10～14歲_11歲,10～14歲_12歲,10～14歲_13歲,10～14歲_14歲,15～19歲_合計,15～19歲_15歲,15～19歲_16歲,15～19歲_17歲,15～19歲_18歲,15～19歲_19歲,20～24歲_合計,20～24歲_20歲,20～24歲_21歲,20～24歲_22歲,20～24歲_23歲,20～24歲_24歲,25～29歲_合計,25～29歲_25歲,25～29歲_26歲,25～29歲_27歲,25～29歲_28歲,25～29歲_29歲,30～34歲_合計,30～34歲_30歲,30～34歲_31歲,30～34歲_32歲,30～34歲_33歲,30～34歲_34歲,35～39歲_合計,35～39歲_35歲,35～39歲_36歲,35～39歲_37歲,35～39歲_38歲,35～39歲_39歲,40～44歲_合計,40～44歲_40歲,40～44歲_41歲,40～44歲_42歲,40～44歲_43歲,40～44歲_44歲,45～49歲_合計,45～49歲_45歲,45～49歲_46歲,45～49歲_47歲,45～49歲_48歲,45～49歲_49歲,50～54歲_合計,50～54歲_50歲,50～54歲_51歲,50～54歲_52歲,50～54歲_53歲,50～54歲_54歲,55～59歲_合計,55～59歲_55歲,55～59歲_56歲,55～59歲_57歲,55～59歲_58歲,55～59歲_59歲,60～64歲_合計,60～64歲_60歲,60～64歲_61歲,60～64歲_62歲,60～64歲_63歲,60～64歲_64歲,65～69歲_合計,65～69歲_65歲,65～69歲_66歲,65～69歲_67歲,65～69歲_68歲,65～69歲_69歲,70～74歲_合計,70～74歲_70歲,70～74歲_71歲,70～74歲_72歲,70～74歲_73歲,70～74歲_74歲,75～79歲_合計,75～79歲_75歲,75～79歲_76歲,75～79歲_77歲,75～79歲_78歲,75～79歲_79歲,80～84歲_合計,80～84歲_80歲,80～84歲_81歲,80～84歲_82歲,80～84歲_83歲,80～84歲_84歲,85～89歲_合計,85～89歲_85歲,85～89歲_86歲,85～89歲_87歲,85～89歲_88歲,85～89歲_89歲,90～94歲_合計,90～94歲_90歲,90～94歲_91歲,90～94歲_92歲,90～94歲_93歲,90～94歲_94歲,95～99歲_合計,95～99歲_95歲,95～99歲_96歲,95～99歲_97歲,95～99歲_98歲,95～99歲_99歲,100歲以上
10018000,總計,計,455797,16309,2339,3268,3474,3419,3809,23237,4032,4460,4552,4952,5241,28637,5611,5929,5412,6074,5611,23367,4375,4697,4770,4969,4556,23142,4426,4528,4435,4836,4917,27320,5626,5183,4955,5595,5961,30161,6072,5914,5969,6121,6085,31654,6360,6313,6596,6273,6112,38923,6630,7331,7869,8332,8761,43133,9032,8908,8638,7959,8596,34525,7471,7066,6707,6574,6707,31464,6690,6586,6467,5974,5747,28902,5919,5922,5744,5784,5533,25080,5287,5257,5286,4676,4574,21264,4558,4548,4255,3950,3953,13374,3413,2880,2771,2226,2084,7478,1381,1591,1584,1543,1379,4992,1302,1134,1012,843,701,2026,560,515,367,343,241,669,223,155,133,100,58,140
10018000,總計,男,224778,8493,1194,1764,1822,1756,1957,12040,2092,2359,2356,2581,2652,14868,2859,3115,2811,3139,2944,12264,2263,2421,2529,2689,2362,12103,2325,2329,2312,2545,2592,14175,2926,2674,2594,2894,3087,15579,3117,3073,3029,3204,3156,16116,3287,3223,3363,3173,3070,18859,3272,3495,3766,4062,4264,20939,4351,4266,4214,3880,4228,16943,3669,3473,3377,3178,3246,15372,3290,3202,3125,2940,2815,13999,2881,2882,2786,2782,2668,11694,2515,2468,2492,2205,2014,9663,2081,2055,1993,1781,1753,5837,1528,1239,1194,983,893,2973,582,629,630,610,522,1792,480,419,339,293,261,733,194,177,142,120,100,270,88,52,49,46,35,66
10018000,總計,女,231019,7816,1145,1504,1652,1663,1852,11197,1940,2101,2196,2371,2589,13769,2752,2814,2601,2935,2667,11103,2112,2276,2241,2280,2194,11039,2101,2199,2123,2291,2325,13145,2700,2509,2361,2701,2874,14582,2955,2841,2940,2917,2929,15538,3073,3090,3233,3100,3042,20064,3358,3836,4103,4270,4497,22194,4681,4642,4424,4079,4368,17582,3802,3593,3330,3396,3461,16092,3400,3384,3342,3034,2932,14903,3038,3040,2958,3002,2865,13386,2772,2789,2794,2471,2560,11601,2477,2493,2262,2169,2200,7537,1885,1641,1577,1243,1191,4505,799,962,954,933,857,3200,822,715,673,550,440,1293,366,338,225,223,141,399,135,103,84,54,23,74
10018010,東區,計,221935,8784,1172,1719,1866,1869,2158,13869,2247,2584,2739,3011,3288,17545,3570,3817,3397,3585,3176,12127,2435,2472,2456,2487,2277,10765,2073,2140,2097,2206,2249,12315,2622,2345,2194,2475,2679,13743,2700,2677,2708,2879,2779,15168,2938,2963,3206,3010,3051,19197,3268,3613,3827,4148,4341,21173,4413,4435,4237,3886,4202,16368,3663,3370,3135,3059,3141,14314,3092,3002,2987,2642,2591,12873,2670,2671,2588,2504,2440,11065,2328,2261,2325,2081,2070,9344,2030,1999,1821,1761,1733,6043,1543,1290,1242,1016,952,3437,629,707,741,723,637,2376,615,519,489,403,350,982,257,265,160,177,123,350,114,78,74,52,32,97
10018010,東區,男,109483,4621,602,935,990,947,1147,7240,1174,1376,1440,1577,1673,9143,1836,2022,1740,1874,1671,6401,1255,1284,1298,1353,1211,5611,1084,1114,1094,1153,1166,6448,1368,1225,1163,1277,1415,7061,1383,1401,1396,1483,1398,7599,1515,1488,1626,1466,1504,9076,1540,1653,1784,2014,2085,10047,2045,2086,1996,1869,2051,8083,1810,1654,1599,1497,1523,7050,1513,1473,1479,1323,1262,6226,1281,1292,1256,1222,1175,5255,1141,1097,1115,974,928,4313,926,919,865,826,777,2570,672,537,513,446,402,1346,270,289,277,273,237,850,229,205,155,146,115,357,83,97,58,61,58,139,40,28,24,26,21,47
10018010,東區,女,112452,4163,570,784,876,922,1011,6629,1073,1208,1299,1434,1615,8402,1734,1795,1657,1711,1505,5726,1180,1188,1158,1134,1066,5154,989,1026,1003,1053,1083,5867,1254,1120,1031,1198,1264,6682,1317,1276,1312,1396,1381,7569,1423,1475,1580,1544,1547,10121,1728,1960,2043,2134,2256,11126,2368,2349,2241,2017,2151,8285,1853,1716,1536,1562,1618,7264,1579,1529,1508,1319,1329,6647,1389,1379,1332,1282,1265,5810,1187,1164,1210,1107,1142,5031,1104,1080,956,935,956,3473,871,753,729,570,550,2091,359,418,464,450,400,1526,386,314,334,257,235,625,174,168,102,116,65,211,74,50,50,26,11,50
10018010001,南門里,計,747,15,5,4,0,3,3,21,4,3,5,2,7,12,2,2,3,1,4,20,4,0,5,6,5,27,6,3,4,6,8,39,9,6,7,9,8,46,9,7,11,14,5,48,9,12,12,9,6,53,11,6,8,17,11,62,10,10,12,13,17,58,14,14,16,8,6,59,15,16,15,5,8,66,15,15,12,8,16,56,11,12,10,11,12,58,15,10,9,8,16,50,13,13,8,9,7,32,6,3,8,7,8,14,4,0,1,4,5,6,1,0,2,2,1,3,2,0,1,0,0,2
10018010001,南門里,男,365,8,3,3,0,0,2,12,2,3,2,1,4,8,1,0,3,1,3,9,0,0,4,3,2,10,2,1,2,3,2,16,2,3,5,3,3,27,7,4,6,7,3,27,4,8,7,3,5,23,5,2,5,8,3,26,5,3,4,7,7,29,7,5,10,4,3,33,7,9,7,4,6,39,6,10,7,7,9,25,6,3,6,5,5,24,10,4,3,2,5,27,9,5,4,4,5,15,3,2,4,1,5,4,2,0,0,2,0,1,0,0,1,0,0,2,1,0,1,0,0,0
10018010001,南門里,女,382,7,2,1,0,3,1,9,2,0,3,1,3,4,1,2,0,0,1,11,4,0,1,3,3,17,4,2,2,3,6,23,7,3,2,6,5,19,2,3,5,7,2,21,5,4,5,6,1,30,6,4,3,9,8,36,5,7,8,6,10,29,7,9,6,4,3,26,8,7,8,1,2,27,9,5,5,1,7,31,5,9,4,6,7,34,5,6,6,6,11,23,4,8,4,5,2,17,3,1,4,6,3,10,2,0,1,2,5,5,1,0,1,2,1,1,1,0,0,0,0,2
10018010002,福德里,計,1618,44,2,11,13,6,12,48,10,10,10,9,9,46,13,9,8,5,11,66,10,10,13,16,17,83,19,23,6,12,23,100,16,17,11,21,35,102,27,15,21,27,12,108,24,23,23,19,19,121,20,28,16,33,24,118,24,29,17,19,29,110,21,21,22,28,18,129,35,22,21,28,23,141,22,42,27,21,29,122,24,28,24,26,20,99,23,19,21,18,18,75,15,16,16,15,13,42,7,7,11,6,11,36,5,6,6,8,11,23,6,8,4,3,2,4,2,1,0,0,1,1
10018010002,福德里,男,803,24,1,7,6,4,6,30,6,4,6,6,8,15,6,3,3,1,2,39,6,4,8,8,13,44,10,10,5,6,13,39,6,4,6,9,14,56,14,7,12,17,6,56,10,11,14,9,12,64,8,19,7,19,11,60,15,13,9,10,13,58,11,12,11,15,9,67,16,11,10,19,11,73,9,26,12,10,16,63,9,17,10,14,13,47,12,11,9,5,10,32,5,9,7,7,4,14,2,1,4,2,5,12,1,1,2,1,7,7,1,2,3,0,1,3,2,1,0,0,0,0
10018010002,福德里,女,815,20,1,4,7,2,6,18,4,6,4,3,1,31,7,6,5,4,9,27,4,6,5,8,4,39,9,13,1,6,10,61,10,13,5,12,21,46,13,8,9,10,6,52,14,12,9,10,7,57,12,9,9,14,13,58,9,16,8,9,16,52,10,9,11,13,9,62,19,11,11,9,12,68,13,16,15,11,13,59,15,11,14,12,7,52,11,8,12,13,8,43,10,7,9,8,9,28,5,6,7,4,6,24,4,5,4,7,4,16,5,6,1,3,1,1,0,0,0,0,1,1
10018010003,南市里,計,874,20,5,3,4,3,5,19,4,3,2,5,5,22,7,7,2,1,5,31,5,3,8,7,8,31,4,3,7,9,8,47,7,10,9,8,13,66,14,19,13,9,11,45,8,10,12,7,8,76,9,17,19,15,16,62,12,11,18,9,12,66,14,15,13,9,15,70,16,13,16,13,12,72,9,11,22,16,14,71,16,9,20,13,13,73,17,11,16,11,18,49,12,12,10,4,11,25,9,4,5,4,3,17,7,1,6,2,1,10,2,3,2,3,0,2,2,0,0,0,0,0
10018010003,南市里,男,429,12,3,2,1,3,3,11,2,2,0,2,5,12,3,5,1,0,3,14,2,1,4,4,3,18,1,3,3,6,5,21,5,4,5,2,5,42,9,15,8,4,6,17,4,4,4,2,3,39,6,8,10,5,10,21,4,4,4,1,8,30,6,7,5,4,8,34,7,8,11,4,4,43,5,5,13,11,9,33,9,6,9,6,3,33,8,6,6,5,8,26,7,8,5,0,6,8,3,2,2,1,0,9,3,1,3,2,0,5,1,2,1,1,0,1,1,0,0,0,0,0
10018010003,南市里,女,445,8,2,1,3,0,2,8,2,1,2,3,0,10,4,2,1,1,2,17,3,2,4,3,5,13,3,0,4,3,3,26,2,6,4,6,8,24,5,4,5,5,5,28,4,6,8,5,5,37,3,9,9,10,6,41,8,7,14,8,4,36,8,8,8,5,7,36,9,5,5,9,8,29,4,6,9,5,5,38,7,3,11,7,10,40,9,5,10,6,10,23,5,4,5,4,5,17,6,2,3,3,3,8,4,0,3,0,1,5,1,1,1,2,0,1,1,0,0,0,0,0
10018010004,關帝里,計,502,3,1,1,0,0,1,15,4,2,2,4,3,7,1,0,2,2,2,11,3,3,3,1,1,16,2,2,4,4,4,26,5,5,4,4,8,35,7,7,6,11,4,37,10,4,11,7,5,35,8,4,15,5,3,34,6,4,7,6,11,28,5,3,4,6,10,39,4,9,5,13,8,41,6,9,5,15,6,47,7,13,11,13,3,38,5,13,10,6,4,36,10,9,9,6,2,21,4,4,4,4,5,24,7,3,5,4,5,7,2,3,2,0,0,2,0,1,0,1,0,0
10018010004,關帝里,男,260,1,0,0,0,0,1,9,4,1,1,2,1,4,1,0,1,0,2,3,1,1,1,0,0,9,2,2,0,2,3,17,4,2,3,3,5,21,4,3,5,6,3,22,6,2,5,5,4,21,6,1,10,3,1,19,3,3,5,3,5,22,4,3,4,4,7,18,1,5,2,6,4,19,4,3,4,5,3,19,3,5,6,5,0,17,3,5,6,0,3,14,4,2,6,1,1,9,1,3,1,2,2,13,4,1,0,4,4,2,0,0,2,0,0,1,0,0,0,1,0,0
10018010004,關帝里,女,242,2,1,1,0,0,0,6,0,1,1,2,2,3,0,0,1,2,0,8,2,2,2,1,1,7,0,0,4,2,1,9,1,3,1,1,3,14,3,4,1,5,1,15,4,2,6,2,1,14,2,3,5,2,2,15,3,1,2,3,6,6,1,0,0,2,3,21,3,4,3,7,4,22,2,6,1,10,3,28,4,8,5,8,3,21,2,8,4,6,1,22,6,7,3,5,1,12,3,1,3,2,3,11,3,2,5,0,1,5,2,3,0,0,0,1,0,1,0,0,0,0
10018010005,東門里,計,542,21,2,6,9,3,1,15,3,3,7,2,0,15,3,2,4,2,4,10,2,2,3,2,1,20,2,3,4,1,10,32,4,5,9,7,7,36,6,8,7,10,5,28,8,9,3,3,5,36,9,8,7,6,6,35,7,6,6,8,8,35,4,7,9,9,6,46,8,6,13,8,11,45,11,8,10,8,8,39,8,14,7,7,3,37,5,5,8,6,13,41,10,7,8,10,6,21,3,5,6,3,4,19,6,2,6,3,2,8,4,1,1,2,0,2,1,1,0,0,0,1
10018010005,東門里,男,261,11,1,4,3,2,1,6,1,1,3,1,0,8,2,1,2,0,3,3,1,1,1,0,0,14,2,1,2,1,8,16,2,2,5,4,3,21,4,5,3,7,2,11,4,4,0,0,3,16,1,4,6,1,4,14,3,4,4,1,2,17,2,3,4,4,4,24,2,5,9,3,5,20,6,5,4,1,4,23,4,7,6,4,2,19,3,2,5,3,6,19,4,4,2,5,4,7,1,2,2,0,2,8,3,1,1,2,1,3,1,1,1,0,0,1,0,1,0,0,0,0
10018010005,東門里,女,281,10,1,2,6,1,0,9,2,2,4,1,0,7,1,1,2,2,1,7,1,1,2,2,1,6,0,2,2,0,2,16,2,3,4,3,4,15,2,3,4,3,3,17,4,5,3,3,2,20,8,4,1,5,2,21,4,2,2,7,6,18,2,4,5,5,2,22,6,1,4,5,6,25,5,3,6,7,4,16,4,7,1,3,1,18,2,3,3,3,7,22,6,3,6,5,2,14,2,3,4,3,2,11,3,1,5,1,1,5,3,0,0,2,0,1,1,0,0,0,0,1
10018010006,榮光里,計,290,12,0,3,3,3,3,13,3,2,6,0,2,5,0,2,1,2,0,10,2,2,0,1,5,9,2,4,1,1,1,8,3,0,2,2,1,11,2,1,1,5,2,18,3,3,6,5,1,19,6,4,3,4,2,16,2,2,7,3,2,21,6,4,2,5,4,23,5,6,5,3,4,23,4,6,3,4,6,31,5,6,6,5,9,31,6,6,7,5,7,19,3,3,3,4,6,6,0,0,4,0,2,8,3,1,1,1,2,6,2,1,1,2,0,0,0,0,0,0,0,1
10018010006,榮光里,男,142,7,0,1,2,1,3,6,1,1,3,0,1,2,0,2,0,0,0,6,1,2,0,0,3,4,2,1,0,1,0,5,2,0,1,1,1,6,1,1,0,4,0,6,1,1,1,3,0,10,4,2,2,1,1,7,1,0,5,1,0,10,2,3,2,1,2,10,1,6,2,0,1,13,2,2,2,3,4,16,5,3,2,1,5,18,3,3,4,4,4,8,2,3,1,1,1,4,0,0,3,0,1,4,1,1,0,1,1,0,0,0,0,0,0,0,0,0,0,0,0,0
10018010006,榮光里,女,148,5,0,2,1,2,0,7,2,1,3,0,1,3,0,0,1,2,0,4,1,0,0,1,2,5,0,3,1,0,1,3,1,0,1,1,0,5,1,0,1,1,2,12,2,2,5,2,1,9,2,2,1,3,1,9,1,2,2,2,2,11,4,1,0,4,2,13,4,0,3,3,3,10,2,4,1,1,2,15,0,3,4,4,4,13,3,3,3,1,3,11,1,0,2,3,5,2,0,0,1,0,1,4,2,0,1,0,1,6,2,1,1,2,0,0,0,0,0,0,0,1
10018010007,成功里,計,576,13,1,2,5,2,3,23,5,4,5,5,4,13,2,3,1,5,2,13,1,4,2,1,5,24,4,4,6,1,9,33,6,8,1,6,12,35,6,4,9,8,8,28,6,5,5,7,5,49,10,9,7,12,11,46,9,10,8,8,11,40,10,5,8,7,10,34,10,8,2,2,12,50,9,10,12,6,13,47,10,6,9,12,10,35,7,7,11,4,6,39,5,10,11,6,7,28,9,6,4,8,1,17,2,6,3,4,2,7,3,2,0,2,0,1,0,0,1,0,0,1
10018010007,成功里,男,274,6,1,1,3,0,1,13,1,2,4,2,4,5,2,0,1,2,0,8,1,3,1,0,3,13,3,1,5,0,4,13,1,5,0,2,5,17,2,4,4,4,3,16,5,3,2,4,2,27,4,6,2,8,7,24,3,6,5,4,6,18,4,2,4,5,3,20,6,2,1,2,9,20,4,3,5,1,7,18,4,2,2,7,3,16,3,3,6,1,3,19,4,3,6,3,3,11,6,1,2,1,1,8,1,5,1,0,1,2,1,1,0,0,0,0,0,0,0,0,0,0
10018010007,成功里,女,302,7,0,1,2,2,2,10,4,2,1,3,0,8,0,3,0,3,2,5,0,1,1,1,2,11,1,3,1,1,5,20,5,3,1,4,7,18,4,0,5,4,5,12,1,2,3,3,3,22,6,3,5,4,4,22,6,4,3,4,5,22,6,3,4,2,7,14,4,6,1,0,3,30,5,7,7,5,6,29,6,4,7,5,7,19,4,4,5,3,3,20,1,7,5,3,4,17,3,5,2,7,0,9,1,1,2,4,1,5,2,1,0,2,0,1,0,0,1,0,0,1
10018010008,下竹里,計,452,11,2,2,2,1,4,7,0,0,4,2,1,12,1,3,4,4,0,19,7,3,3,5,1,23,7,4,3,6,3,24,3,8,4,3,6,21,3,4,2,9,3,19,3,2,6,4,4,31,3,8,7,9,4,47,6,11,7,15,8,31,5,3,6,10,7,28,3,7,4,7,7,26,8,6,7,2,3,30,5,4,7,9,5,40,10,11,7,8,4,34,14,3,5,6,6,24,5,5,4,4,6,18,1,5,5,4,3,6,0,2,3,1,0,0,0,0,0,0,0,1
10018010008,下竹里,男,226,3,1,0,0,0,2,6,0,0,3,2,1,7,0,3,1,3,0,7,2,1,1,3,0,10,3,2,1,3,1,13,2,5,2,0,4,16,2,2,1,8,3,11,2,1,4,2,2,15,0,5,4,6,0,29,5,7,5,8,4,14,4,0,2,5,3,13,1,1,2,5,4,15,6,2,4,1,2,15,3,2,3,5,2,19,4,3,5,5,2,14,6,1,2,2,3,8,0,1,2,2,3,7,0,1,2,2,2,4,0,1,3,0,0,0,0,0,0,0,0,0
10018010008,下竹里,女,226,8,1,2,2,1,2,1,0,0,1,0,0,5,1,0,3,1,0,12,5,2,2,2,1,13,4,2,2,3,2,11,1,3,2,3,2,5,1,2,1,1,0,8,1,1,2,2,2,16,3,3,3,3,4,18,1,4,2,7,4,17,1,3,4,5,4,15,2,6,2,2,3,11,2,4,3,1,1,15,2,2,4,4,3,21,6,8,2,3,2,20,8,2,3,4,3,16,5,4,2,2,3,11,1,4,3,2,1,2,0,1,0,1,0,0,0,0,0,0,0,1
10018010009,竹蓮里,計,735,14,3,2,4,3,2,18,2,5,3,4,4,20,0,5,5,5,5,31,7,9,6,6,3,39,6,6,12,9,6,42,12,6,7,7,10,41,5,5,10,9,12,54,7,14,8,13,12,63,12,11,13,13,14,54,14,9,12,8,11,54,16,14,7,10,7,48,6,7,9,13,13,57,14,10,12,9,12,47,14,7,7,12,7,61,12,12,15,7,15,47,13,13,5,8,8,18,3,1,3,8,3,16,6,4,2,3,1,8,1,1,3,1,2,3,1,1,0,1,0,0
10018010009,竹蓮里,男,366,7,1,1,2,2,1,11,1,3,1,3,3,11,0,3,4,2,2,18,3,6,4,4,1,21,5,3,6,3,4,21,7,2,6,3,3,19,2,4,2,4,7,30,6,6,6,8,4,30,4,7,7,6,6,30,10,5,6,5,4,24,7,7,4,5,1,23,2,4,6,4,7,20,4,5,4,3,4,25,8,4,5,6,2,31,4,5,8,3,11,21,8,3,3,3,4,13,2,1,1,6,3,6,1,2,0,3,0,4,0,0,2,1,1,1,0,1,0,0,0,0
10018010009,竹蓮里,女,369,7,2,1,2,1,1,7,1,2,2,1,1,9,0,2,1,3,3,13,4,3,2,2,2,18,1,3,6,6,2,21,5,4,1,4,7,22,3,1,8,5,5,24,1,8,2,5,8,33,8,4,6,7,8,24,4,4,6,3,7,30,9,7,3,5,6,25,4,3,3,9,6,37,10,5,8,6,8,22,6,3,2,6,5,30,8,7,7,4,4,26,5,10,2,5,4,5,1,0,2,2,0,10,5,2,2,0,1,4,1,1,1,0,1,2,1,0,0,1,0,0
10018010010,寺前里,計,875,19,2,2,4,4,7,21,2,3,5,6,5,33,3,8,5,12,5,35,8,5,7,8,7,46,5,11,8,10,12,34,10,6,6,8,4,46,11,8,7,9,11,69,9,15,13,11,21,79,13,13,17,17,19,79,10,24,17,13,15,76,13,18,11,17,17,46,7,17,3,8,11,55,10,4,15,15,11,70,7,14,24,9,16,58,12,17,6,13,10,59,17,13,12,11,6,24,6,2,6,6,4,10,4,1,2,3,0,11,2,3,1,2,3,4,2,1,1,0,0,1
10018010010,寺前里,男,440,10,1,1,3,2,3,9,0,0,4,3,2,18,1,4,2,7,4,17,3,5,3,3,3,25,1,7,6,2,9,19,7,3,3,4,2,23,5,3,6,6,3,42,6,9,7,6,14,38,6,7,10,8,7,42,6,12,9,9,6,33,5,7,4,9,8,30,4,9,2,6,9,31,7,3,6,10,5,34,3,7,14,4,6,28,4,6,3,10,5,27,10,5,4,8,0,9,3,2,3,1,0,2,1,0,1,0,0,1,0,0,0,1,0,2,2,0,0,0,0,0
10018010010,寺前里,女,435,9,1,1,1,2,4,12,2,3,1,3,3,15,2,4,3,5,1,18,5,0,4,5,4,21,4,4,2,8,3,15,3,3,3,4,2,23,6,5,1,3,8,27,3,6,6,5,7,41,7,6,7,9,12,37,4,12,8,4,9,43,8,11,7,8,9,16,3,8,1,2,2,24,3,1,9,5,6,36,4,7,10,5,10,30,8,11,3,3,5,32,7,8,8,3,6,15,3,0,3,5,4,8,3,1,1,3,0,10,2,3,1,1,3,2,0,1,1,0,0,1
10018010011,育賢里,計,2166,53,3,8,13,15,14,85,14,19,15,18,19,119,21,30,20,27,21,83,19,8,17,22,17,100,23,17,19,20,21,97,22,20,14,23,18,119,19,28,23,26,23,129,19,17,41,33,19,187,36,32,43,36,40,208,43,40,34,45,46,200,40,43,39,33,45,200,46,26,44,46,38,178,40,34,35,37,32,144,33,32,23,29,27,98,26,20,18,19,15,55,17,12,11,9,6,37,6,7,9,8,7,22,4,7,3,4,4,21,6,5,1,6,3,13,3,1,3,3,3,18
10018010011,育賢里,男,1222,23,1,5,6,5,6,39,6,10,6,9,8,61,7,16,11,16,11,41,6,3,11,12,9,43,12,5,7,9,10,52,8,11,5,16,12,65,11,16,13,13,12,78,10,9,28,20,11,104,15,22,22,21,24,129,20,23,25,31,30,113,22,27,21,15,28,129,29,20,27,30,23,104,24,20,19,22,19,93,22,21,15,19,16,58,15,15,11,9,8,31,13,3,5,5,5,18,2,3,6,4,3,13,4,4,0,3,2,10,2,2,0,3,3,8,0,1,2,2,3,10
10018010011,育賢里,女,944,30,2,3,7,10,8,46,8,9,9,9,11,58,14,14,9,11,10,42,13,5,6,10,8,57,11,12,12,11,11,45,14,9,9,7,6,54,8,12,10,13,11,51,9,8,13,13,8,83,21,10,21,15,16,79,23,17,9,14,16,87,18,16,18,18,17,71,17,6,17,16,15,74,16,14,16,15,13,51,11,11,8,10,11,40,11,5,7,10,7,24,4,9,6,4,1,19,4,4,3,4,4,9,0,3,3,1,2,11,4,3,1,3,0,5,3,0,1,1,0,8
10018010012,中正里,計,668,25,1,6,4,8,6,52,7,9,9,17,10,55,15,7,11,17,5,24,8,4,3,5,4,28,3,9,3,3,10,31,10,6,5,4,6,39,11,8,7,6,7,39,7,6,13,5,8,50,11,6,10,10,13,43,12,7,8,9,7,47,10,5,10,14,8,44,7,5,5,19,8,46,12,6,10,9,9,48,9,7,12,9,11,44,9,7,6,14,8,19,7,3,2,4,3,15,4,2,3,3,3,9,3,1,3,1,1,8,1,4,3,0,0,2,1,0,1,0,0,0
10018010012,中正里,男,323,12,0,5,1,3,3,25,2,3,3,11,6,32,10,6,8,6,2,9,3,1,1,2,2,13,0,4,3,2,4,14,5,2,3,1,3,22,7,6,6,2,1,17,2,2,7,3,3,22,5,2,5,5,5,17,3,4,2,6,2,22,4,4,5,5,4,14,5,1,1,6,1,22,7,3,2,4,6,28,6,4,8,4,6,23,3,4,5,6,5,12,5,1,1,3,2,9,3,1,1,2,2,5,2,0,2,1,0,5,0,3,2,0,0,0,0,0,0,0,0,0
10018010012,中正里,女,345,13,1,1,3,5,3,27,5,6,6,6,4,23,5,1,3,11,3,15,5,3,2,3,2,15,3,5,0,1,6,17,5,4,2,3,3,17,4,2,1,4,6,22,5,4,6,2,5,28,6,4,5,5,8,26,9,3,6,3,5,25,6,1,5,9,4,30,2,4,4,13,7,24,5,3,8,5,3,20,3,3,4,5,5,21,6,3,1,8,3,7,2,2,1,1,1,6,1,1,2,1,1,4,1,1,1,0,1,3,1,1,1,0,0,2,1,0,1,0,0,0
10018010013,公園里,計,4016,119,10,25,24,32,28,245,36,46,47,57,59,350,61,85,70,75,59,213,42,45,46,36,44,243,44,49,40,53,57,260,56,63,50,44,47,208,37,54,47,40,30,250,44,48,58,48,52,288,46,58,50,66,68,342,64,80,70,66,62,312,62,66,57,61,66,307,63,53,77,52,62,266,43,66,54,51,52,203,55,38,39,31,40,158,33,35,31,37,22,107,18,23,30,26,10,57,12,12,9,12,12,59,9,11,14,13,12,18,4,2,4,7,1,9,2,3,0,3,1,2
10018010013,公園里,男,1956,66,6,16,11,17,16,140,21,27,24,35,33,189,29,43,40,44,33,105,18,21,24,18,24,137,25,32,24,28,28,122,35,30,23,15,19,111,23,33,23,18,14,127,26,28,23,23,27,138,20,21,23,41,33,141,26,36,30,28,21,141,34,25,27,24,31,143,25,23,43,29,23,128,23,33,28,23,21,105,28,20,23,13,21,66,16,14,15,14,7,44,3,10,12,12,7,17,3,3,2,2,7,25,2,6,3,8,6,6,1,1,1,3,0,4,0,1,0,2,1,1
10018010013,公園里,女,2060,53,4,9,13,15,12,105,15,19,23,22,26,161,32,42,30,31,26,108,24,24,22,18,20,106,19,17,16,25,29,138,21,33,27,29,28,97,14,21,24,22,16,123,18,20,35,25,25,150,26,37,27,25,35,201,38,44,40,38,41,171,28,41,30,37,35,164,38,30,34,23,39,138,20,33,26,28,31,98,27,18,16,18,19,92,17,21,16,23,15,63,15,13,18,14,3,40,9,9,7,10,5,34,7,5,11,5,6,12,3,1,3,4,1,5,2,2,0,1,0,1
10018010014,頂竹里,計,3048,77,9,22,13,17,16,89,15,23,14,16,21,114,22,15,31,23,23,123,22,24,20,28,29,154,28,30,23,32,41,199,43,35,33,43,45,198,44,45,32,35,42,197,33,45,47,35,37,220,36,40,46,44,54,253,53,52,47,40,61,226,52,41,41,36,56,225,43,40,64,29,49,226,49,35,40,55,47,210,43,49,36,39,43,200,37,42,38,37,46,152,35,35,24,25,33,90,12,15,17,23,23,65,16,16,12,7,14,22,7,8,1,4,2,4,1,2,1,0,0,4
10018010014,頂竹里,男,1518,37,6,10,6,8,7,45,9,10,8,8,10,63,15,8,14,14,12,72,16,11,13,17,15,79,13,15,16,17,18,104,25,21,15,22,21,109,30,23,16,21,19,94,22,21,21,16,14,113,19,16,27,24,27,127,25,25,23,17,37,104,22,20,24,17,21,110,21,17,29,16,27,113,24,18,16,28,27,94,22,23,14,18,17,106,23,22,20,19,22,65,19,13,13,10,10,42,6,10,8,10,8,31,9,9,6,2,5,8,1,4,0,1,2,1,1,0,0,0,0,1
10018010014,頂竹里,女,1530,40,3,12,7,9,9,44,6,13,6,8,11,51,7,7,17,9,11,51,6,13,7,11,14,75,15,15,7,15,23,95,18,14,18,21,24,89,14,22,16,14,23,103,11,24,26,19,23,107,17,24,19,20,27,126,28,27,24,23,24,122,30,21,17,19,35,115,22,23,35,13,22,113,25,17,24,27,20,116,21,26,22,21,26,94,14,20,18,18,24,87,16,22,11,15,23,48,6,5,9,13,15,34,7,7,6,5,9,14,6,4,1,3,0,3,0,2,1,0,0,3
10018010015,南大里,計,1499,47,6,13,12,7,9,36,5,13,4,10,4,65,10,8,11,17,19,61,13,12,14,9,13,74,20,12,13,16,13,110,20,18,20,19,33,92,19,20,17,19,17,84,17,15,19,21,12,100,16,14,19,23,28,117,23,26,18,23,27,122,35,20,22,25,20,119,31,20,20,21,27,112,23,22,24,21,22,106,22,20,30,17,17,86,21,13,18,17,17,69,17,15,13,9,15,44,11,5,10,11,7,36,9,9,7,7,4,14,4,7,2,1,0,3,1,1,0,1,0,2
10018010015,南大里,男,778,27,3,7,9,3,5,29,3,11,4,9,2,35,5,4,5,11,10,31,5,6,7,5,8,46,10,9,8,11,8,50,7,9,11,10,13,52,9,12,10,11,10,51,10,8,15,13,5,54,7,7,12,15,13,57,10,14,11,9,13,59,20,9,10,13,7,61,20,6,6,14,15,69,15,11,15,14,14,51,13,11,12,9,6,40,8,2,10,9,11,26,6,3,4,6,7,18,4,3,5,4,2,13,6,4,1,1,1,8,3,3,1,1,0,1,1,0,0,0,0,0
10018010015,南大里,女,721,20,3,6,3,4,4,7,2,2,0,1,2,30,5,4,6,6,9,30,8,6,7,4,5,28,10,3,5,5,5,60,13,9,9,9,20,40,10,8,7,8,7,33,7,7,4,8,7,46,9,7,7,8,15,60,13,12,7,14,14,63,15,11,12,12,13,58,11,14,14,7,12,43,8,11,9,7,8,55,9,9,18,8,11,46,13,11,8,8,6,43,11,12,9,3,8,26,7,2,5,7,5,23,3,5,6,6,3,6,1,4,1,0,0,2,0,1,0,1,0,2
10018010016,振興里,計,6284,167,25,30,30,42,40,195,45,41,37,40,32,240,45,45,42,53,55,347,48,66,77,76,80,308,56,67,69,57,59,386,84,73,69,76,84,448,83,92,89,89,95,437,95,85,94,84,79,496,79,85,90,123,119,597,111,125,120,111,130,499,113,101,97,93,95,462,94,94,87,101,86,483,100,95,90,90,108,427,94,82,79,93,79,371,71,87,76,66,71,214,64,47,39,28,36,105,18,24,28,17,18,63,18,10,17,10,8,29,11,8,4,2,4,9,3,4,2,0,0,1
10018010016,振興里,男,3032,87,13,18,15,24,17,110,17,29,19,25,20,111,20,20,17,29,25,195,29,34,53,39,40,170,31,39,42,29,29,191,43,35,35,36,42,213,38,41,47,41,46,220,49,42,49,37,43,249,43,42,44,57,63,285,50,62,62,51,60,261,56,64,50,45,46,208,35,47,41,48,37,220,44,37,44,46,49,178,34,42,29,39,34,154,30,33,34,29,28,105,34,24,18,14,15,42,7,12,11,5,7,18,5,5,5,2,1,13,5,5,0,0,3,1,0,1,0,0,0,1
10018010016,振興里,女,3252,80,12,12,15,18,23,85,28,12,18,15,12,129,25,25,25,24,30,152,19,32,24,37,40,138,25,28,27,28,30,195,41,38,34,40,42,235,45,51,42,48,49,217,46,43,45,47,36,247,36,43,46,66,56,312,61,63,58,60,70,238,57,37,47,48,49,254,59,47,46,53,49,263,56,58,46,44,59,249,60,40,50,54,45,217,41,54,42,37,43,109,30,23,21,14,21,63,11,12,17,12,11,45,13,5,12,8,7,16,6,3,4,2,1,8,3,3,2,0,0,0
10018010017,親仁里,計,2326,74,8,12,15,15,24,142,17,31,24,30,40,222,50,52,44,47,29,156,38,34,20,30,34,139,31,26,28,23,31,119,35,24,25,15,20,106,24,15,25,20,22,109,27,26,14,18,24,147,24,25,27,33,38,213,42,35,52,46,38,182,35,40,43,36,28,162,34,25,36,33,34,165,34,35,30,42,24,114,21,24,25,24,20,122,21,26,18,30,27,77,13,22,18,10,14,40,6,7,5,12,10,19,6,7,3,1,2,3,2,1,0,0,0,11,2,4,2,2,1,4
10018010017,親仁里,男,1093,37,2,8,7,7,13,71,9,21,9,15,17,130,30,29,27,24,20,81,17,17,10,18,19,63,12,11,13,11,16,51,15,8,6,11,11,56,11,7,14,12,12,48,8,14,6,9,11,57,11,10,7,10,19,90,19,11,28,16,16,84,16,19,23,15,11,76,16,14,15,18,13,81,19,12,15,20,15,47,9,11,7,12,8,55,7,14,8,19,7,40,7,10,9,5,9,13,3,4,0,5,1,6,2,1,2,1,0,1,1,0,0,0,0,5,0,1,1,2,1,1
10018010017,親仁里,女,1233,37,6,4,8,8,11,71,8,10,15,15,23,92,20,23,17,23,9,75,21,17,10,12,15,76,19,15,15,12,15,68,20,16,19,4,9,50,13,8,11,8,10,61,19,12,8,9,13,90,13,15,20,23,19,123,23,24,24,30,22,98,19,21,20,21,17,86,18,11,21,15,21,84,15,23,15,22,9,67,12,13,18,12,12,67,14,12,10,11,20,37,6,12,9,5,5,27,3,3,5,7,9,13,4,6,1,0,2,2,1,1,0,0,0,6,2,3,1,0,0,3
10018010018,文華里,計,5862,175,25,40,25,45,40,408,43,74,79,100,112,555,109,128,122,116,80,301,62,62,62,63,52,262,44,49,63,50,56,323,67,56,58,68,74,347,67,64,64,87,65,354,56,71,71,79,77,428,70,84,77,99,98,500,102,105,99,102,92,436,85,95,87,88,81,373,79,80,77,68,69,358,78,65,66,85,64,330,68,73,60,66,63,260,54,52,58,48,48,210,50,42,47,38,33,118,33,22,25,19,19,87,20,21,25,13,8,28,9,8,3,3,5,8,2,2,3,1,0,1
10018010018,文華里,男,2719,95,12,19,20,20,24,212,19,42,46,44,61,288,54,68,69,61,36,149,30,28,34,29,28,125,23,23,25,25,29,159,30,29,29,32,39,168,40,31,28,46,23,172,30,28,40,37,37,181,28,35,32,48,38,210,44,41,37,48,40,211,39,52,44,44,32,164,43,31,38,27,25,157,33,28,36,38,22,154,31,36,30,29,28,112,20,29,22,26,15,77,15,14,19,17,12,47,11,13,11,6,6,31,7,7,9,6,2,6,1,1,0,2,2,1,1,0,0,0,0,0
10018010018,文華里,女,3143,80,13,21,5,25,16,196,24,32,33,56,51,267,55,60,53,55,44,152,32,34,28,34,24,137,21,26,38,25,27,164,37,27,29,36,35,179,27,33,36,41,42,182,26,43,31,42,40,247,42,49,45,51,60,290,58,64,62,54,52,225,46,43,43,44,49,209,36,49,39,41,44,201,45,37,30,47,42,176,37,37,30,37,35,148,34,23,36,22,33,133,35,28,28,21,21,71,22,9,14,13,13,56,13,14,16,7,6,22,8,7,3,1,3,7,1,2,3,1,0,1
10018010019,復中里,計,5233,166,16,29,42,37,42,305,39,58,61,74,73,490,93,130,91,95,81,273,50,58,52,51,62,281,48,75,57,44,57,301,67,69,48,60,57,293,62,59,62,61,49,282,53,48,61,57,63,398,64,71,85,93,85,403,88,83,83,82,67,350,74,77,62,72,65,353,71,72,66,67,77,339,78,66,68,65,62,307,70,55,80,46,56,255,57,40,56,51,51,203,59,31,40,26,47,106,20,26,20,21,19,81,16,21,23,9,12,31,10,8,6,3,4,16,4,4,3,2,3,0
10018010019,復中里,男,2442,78,11,15,16,15,21,160,21,29,33,40,37,251,41,68,51,51,40,144,30,26,31,24,33,138,26,37,21,24,30,153,44,30,21,30,28,138,30,33,29,26,20,140,25,25,30,24,36,163,22,26,35,35,45,158,37,36,28,32,25,172,36,40,33,38,25,155,30,32,32,28,33,152,29,28,28,33,34,156,38,26,43,18,31,114,26,21,21,28,18,78,20,14,15,10,19,46,11,10,8,11,6,30,3,8,11,5,3,10,1,2,4,1,2,6,2,1,0,1,2,0
10018010019,復中里,女,2791,88,5,14,26,22,21,145,18,29,28,34,36,239,52,62,40,44,41,129,20,32,21,27,29,143,22,38,36,20,27,148,23,39,27,30,29,155,32,26,33,35,29,142,28,23,31,33,27,235,42,45,50,58,40,245,51,47,55,50,42,178,38,37,29,34,40,198,41,40,34,39,44,187,49,38,40,32,28,151,32,29,37,28,25,141,31,19,35,23,33,125,39,17,25,16,28,60,9,16,12,10,13,51,13,13,12,4,9,21,9,6,2,2,2,10,2,3,3,1,1,0
10018010020,三民里,計,6020,245,39,45,58,49,54,404,64,75,69,78,118,505,115,127,95,94,74,279,56,53,64,50,56,260,46,48,60,51,55,351,68,57,77,73,76,446,88,88,80,96,94,409,94,78,89,84,64,467,84,96,85,94,108,447,92,101,90,84,80,403,89,85,73,72,84,380,83,80,78,68,71,390,89,84,65,76,76,317,62,68,63,61,63,290,66,67,45,67,45,185,43,45,39,29,29,102,25,12,33,18,14,96,25,21,19,15,16,29,8,8,3,5,5,11,3,5,2,0,1,4
10018010020,三民里,男,2839,125,21,24,31,17,32,197,33,38,36,39,51,266,63,65,45,49,44,137,26,28,29,26,28,134,22,21,34,23,34,187,45,23,38,40,41,220,45,42,37,46,50,200,55,41,41,34,29,211,33,42,42,45,49,174,41,36,33,34,30,183,46,39,34,32,32,179,40,42,34,27,36,180,36,43,31,36,34,150,25,31,29,34,31,126,28,25,29,28,16,78,17,23,16,12,10,47,15,7,12,8,5,33,6,6,9,6,6,10,4,4,1,1,0,1,0,1,0,0,0,1
10018010020,三民里,女,3181,120,18,21,27,32,22,207,31,37,33,39,67,239,52,62,50,45,30,142,30,25,35,24,28,126,24,27,26,28,21,164,23,34,39,33,35,226,43,46,43,50,44,209,39,37,48,50,35,256,51,54,43,49,59,273,51,65,57,50,50,220,43,46,39,40,52,201,43,38,44,41,35,210,53,41,34,40,42,167,37,37,34,27,32,164,38,42,16,39,29,107,26,22,23,17,19,55,10,5,21,10,9,63,19,15,10,9,10,19,4,4,2,4,5,10,3,4,2,0,1,3
10018010021,東園里,計,8886,434,56,61,94,104,119,874,133,151,187,174,229,1199,245,282,225,232,215,554,108,123,113,120,90,357,64,82,74,65,72,310,80,61,53,58,58,376,74,72,78,65,87,583,102,108,116,113,144,1029,162,181,212,225,249,1070,254,246,229,175,166,582,146,129,108,104,95,367,87,85,73,61,61,290,58,57,60,58,57,291,68,59,51,55,58,247,52,60,48,49,38,137,36,29,20,29,23,84,16,20,9,17,22,62,18,13,11,10,10,30,7,10,5,3,5,4,1,1,2,0,0,6
10018010021,東園里,男,4331,228,24,31,49,60,64,444,74,88,96,77,109,637,128,151,114,135,109,319,65,70,66,67,51,202,36,44,44,37,41,160,40,30,29,31,30,187,37,40,43,26,41,246,44,51,50,40,61,453,76,66,93,101,117,497,113,121,100,83,80,282,66,58,56,56,46,182,46,40,37,27,32,133,25,27,23,29,29,122,33,18,23,27,21,116,26,26,26,23,15,52,16,8,5,14,9,33,6,6,4,6,11,18,9,2,4,1,2,15,3,4,2,2,4,1,1,0,0,0,0,4
10018010021,東園里,女,4555,206,32,30,45,44,55,430,59,63,91,97,120,562,117,131,111,97,106,235,43,53,47,53,39,155,28,38,30,28,31,150,40,31,24,27,28,189,37,32,35,39,46,337,58,57,66,73,83,576,86,115,119,124,132,573,141,125,129,92,86,300,80,71,52,48,49,185,41,45,36,34,29,157,33,30,37,29,28,169,35,41,28,28,37,131,26,34,22,26,23,85,20,21,15,15,14,51,10,14,5,11,11,44,9,11,7,9,8,15,4,6,3,1,1,3,0,1,2,0,0,2
10018010022,東勢里,計,5787,405,57,81,80,90,97,523,101,86,98,115,123,535,125,111,103,93,103,345,80,74,70,71,50,243,52,48,49,46,48,207,51,43,31,41,41,346,64,60,54,77,91,594,116,98,141,126,113,638,114,131,133,131,129,609,141,112,137,90,129,360,73,77,68,71,71,286,61,60,69,41,55,213,49,37,48,46,33,168,36,36,38,32,26,132,31,30,26,20,25,81,17,15,16,16,17,50,8,13,9,12,8,35,12,5,5,7,6,13,2,7,2,1,1,2,1,1,0,0,0,2
10018010022,東勢里,男,2812,210,29,41,47,47,46,258,44,32,50,60,72,284,60,61,58,46,59,169,40,37,37,29,26,115,28,23,23,23,18,105,21,23,12,23,26,163,25,33,27,37,41,297,63,46,75,61,52,295,62,70,50,59,54,301,77,52,69,40,63,159,30,34,32,34,29,132,31,24,34,14,29,104,22,19,22,28,13,86,15,18,25,18,10,66,14,16,16,9,11,31,5,6,8,5,7,19,3,7,2,3,4,10,3,2,1,3,1,7,1,4,1,0,1,0,0,0,0,0,0,1
10018010022,東勢里,女,2975,195,28,40,33,43,51,265,57,54,48,55,51,251,65,50,45,47,44,176,40,37,33,42,24,128,24,25,26,23,30,102,30,20,19,18,15,183,39,27,27,40,50,297,53,52,66,65,61,343,52,61,83,72,75,308,64,60,68,50,66,201,43,43,36,37,42,154,30,36,35,27,26,109,27,18,26,18,20,82,21,18,13,14,16,66,17,14,10,11,14,50,12,9,8,11,10,31,5,6,7,9,4,25,9,3,4,4,5,6,1,3,1,1,0,2,1,1,0,0,0,1
10018010023,光復里,計,3786,155,29,30,31,27,38,312,38,59,69,63,83,344,67,75,78,75,49,188,42,44,40,35,27,175,38,32,37,42,26,211,53,32,31,41,54,237,46,46,50,45,50,263,53,57,43,58,52,338,60,60,65,78,75,355,80,73,57,76,69,217,39,40,49,46,43,263,47,42,64,46,64,219,37,48,43,54,37,185,33,40,39,32,41,126,23,38,29,14,22,74,11,22,17,10,14,47,8,8,11,11,9,53,11,10,13,11,8,19,5,6,2,5,1,5,2,1,0,2,0,0
10018010023,光復里,男,1848,86,14,17,20,12,23,159,20,32,35,30,42,176,38,41,34,37,26,89,20,17,24,18,10,92,17,17,20,23,15,116,29,18,19,18,32,119,20,22,30,22,25,123,28,25,17,27,26,165,35,26,30,37,37,161,31,39,27,32,32,102,23,11,26,20,22,122,25,21,25,19,32,108,19,25,20,25,19,92,20,20,19,12,21,52,8,19,10,5,10,38,8,9,8,3,10,19,4,4,3,5,3,17,2,5,4,3,3,9,4,3,0,1,1,3,1,1,0,1,0,0
10018010023,光復里,女,1938,69,15,13,11,15,15,153,18,27,34,33,41,168,29,34,44,38,23,99,22,27,16,17,17,83,21,15,17,19,11,95,24,14,12,23,22,118,26,24,20,23,25,140,25,32,26,31,26,173,25,34,35,41,38,194,49,34,30,44,37,115,16,29,23,26,21,141,22,21,39,27,32,111,18,23,23,29,18,93,13,20,20,20,20,74,15,19,19,9,12,36,3,13,9,7,4,28,4,4,8,6,6,36,9,5,9,8,5,10,1,3,2,4,0,2,1,0,0,1,0,0
10018010024,豐功里,計,5788,117,18,23,19,20,37,286,22,48,60,78,78,575,119,111,114,114,117,474,109,97,90,101,77,361,86,76,64,60,75,333,92,69,55,60,57,221,42,53,44,42,40,231,37,41,62,55,36,383,76,58,77,90,82,566,82,94,129,120,141,592,127,130,103,119,113,437,108,95,89,77,68,343,81,74,69,60,59,263,60,64,48,44,47,269,57,53,57,51,51,162,45,24,39,25,29,76,5,22,25,12,12,61,17,10,11,11,12,25,6,8,5,4,2,9,2,2,3,1,1,4
10018010024,豐功里,男,2789,62,9,14,9,14,16,142,10,25,34,40,33,292,54,49,58,66,65,266,53,58,55,59,41,192,44,47,29,30,42,162,48,34,28,28,24,108,14,24,26,27,17,117,20,24,33,25,15,151,25,17,34,34,41,235,36,32,57,47,63,297,58,71,53,57,58,229,57,44,44,49,35,157,39,32,29,26,31,133,28,32,26,21,26,122,28,20,20,28,26,58,17,9,12,10,10,28,2,9,10,4,3,20,4,5,1,6,4,8,2,4,0,2,0,6,1,1,2,1,1,4
10018010024,豐功里,女,2999,55,9,9,10,6,21,144,12,23,26,38,45,283,65,62,56,48,52,208,56,39,35,42,36,169,42,29,35,30,33,171,44,35,27,32,33,113,28,29,18,15,23,114,17,17,29,30,21,232,51,41,43,56,41,331,46,62,72,73,78,295,69,59,50,62,55,208,51,51,45,28,33,186,42,42,40,34,28,130,32,32,22,23,21,147,29,33,37,23,25,104,28,15,27,15,19,48,3,13,15,8,9,41,13,5,10,5,8,17,4,4,5,2,2,3,1,1,1,0,0,0
10018010025,武功里,計,5080,177,28,32,36,33,48,301,39,47,57,82,76,417,88,85,80,88,76,320,64,60,62,67,67,266,51,54,55,53,53,274,48,54,55,57,60,280,57,54,59,64,46,265,59,34,66,44,62,368,47,76,84,67,94,472,86,98,80,87,121,457,109,103,83,81,81,365,75,83,78,70,59,294,54,57,73,56,54,291,56,62,74,60,39,212,34,53,40,44,41,131,39,28,26,22,16,76,13,22,13,12,16,57,10,11,14,12,10,33,8,12,2,5,6,18,7,3,1,4,3,6
10018010025,武功里,男,2419,89,15,18,14,17,25,168,22,28,31,47,40,213,51,50,45,33,34,168,39,32,29,33,35,139,30,23,26,30,30,138,22,33,29,23,31,130,26,25,26,30,23,129,29,22,26,21,31,174,19,33,46,31,45,206,29,42,32,44,59,216,49,57,38,40,32,176,37,36,36,38,29,139,32,24,37,23,23,144,28,32,38,27,19,103,18,22,22,20,21,48,19,6,7,9,7,14,3,6,1,0,4,8,2,2,1,3,0,9,1,1,1,2,4,6,0,0,1,2,3,2
10018010025,武功里,女,2661,88,13,14,22,16,23,133,17,19,26,35,36,204,37,35,35,55,42,152,25,28,33,34,32,127,21,31,29,23,23,136,26,21,26,34,29,150,31,29,33,34,23,136,30,12,40,23,31,194,28,43,38,36,49,266,57,56,48,43,62,241,60,46,45,41,49,189,38,47,42,32,30,155,22,33,36,33,31,147,28,30,36,33,20,109,16,31,18,24,20,83,20,22,19,13,9,62,10,16,12,12,12,49,8,9,13,9,10,24,7,11,1,3,2,12,7,3,0,2,0,4
10018010026,綠水里,計,8317,203,31,38,35,54,45,587,71,95,124,144,153,889,169,202,205,187,126,630,143,125,126,126,110,501,110,99,100,89,103,488,113,119,71,98,87,397,92,80,78,72,75,392,74,79,76,95,68,582,106,101,110,118,147,713,141,147,155,128,142,740,178,138,137,148,139,598,121,145,121,102,109,482,103,96,111,84,88,363,68,77,85,61,72,290,73,56,45,68,48,194,54,31,35,42,32,135,26,28,32,25,24,87,27,20,13,11,16,33,6,10,8,6,3,9,3,3,2,0,1,4
10018010026,綠水里,男,4008,103,22,19,14,25,23,315,37,58,73,70,77,476,87,116,113,102,58,347,72,72,65,77,61,259,60,56,52,43,48,254,58,55,39,54,48,205,51,48,39,33,34,178,36,40,30,37,35,243,38,39,48,44,74,286,51,56,62,52,65,355,86,66,65,69,69,287,57,67,58,54,51,223,46,43,61,35,38,173,31,38,41,26,37,133,32,28,23,30,20,81,18,15,12,20,16,44,12,4,9,10,9,32,8,9,3,7,5,7,1,1,1,3,1,5,2,3,0,0,0,2
10018010026,綠水里,女,4309,100,9,19,21,29,22,272,34,37,51,74,76,413,82,86,92,85,68,283,71,53,61,49,49,242,50,43,48,46,55,234,55,64,32,44,39,192,41,32,39,39,41,214,38,39,46,58,33,339,68,62,62,74,73,427,90,91,93,76,77,385,92,72,72,79,70,311,64,78,63,48,58,259,57,53,50,49,50,190,37,39,44,35,35,157,41,28,22,38,28,113,36,16,23,22,16,91,14,24,23,15,15,55,19,11,10,4,11,26,5,9,7,3,2,4,1,0,2,0,1,2
10018010027,東山里,計,3954,127,12,25,29,21,40,304,34,44,73,75,78,448,94,113,85,92,64,201,37,43,46,35,40,174,44,34,26,28,42,193,39,44,33,39,38,209,47,44,46,35,37,209,38,38,39,45,49,294,51,63,66,58,56,312,82,53,65,43,69,244,53,51,50,46,44,202,47,43,41,35,36,258,54,47,60,47,50,250,52,56,52,54,36,197,41,32,36,37,51,146,39,22,34,19,32,72,13,14,20,13,12,70,17,16,15,14,8,32,7,11,6,5,3,12,4,1,4,2,1,0
10018010027,東山里,男,1931,61,7,11,15,8,20,160,14,30,36,42,38,244,49,61,45,50,39,116,21,22,29,20,24,86,23,13,16,16,18,104,17,25,17,24,21,112,26,23,30,14,19,103,22,19,16,23,23,126,21,28,29,23,25,126,36,22,29,15,24,116,26,23,18,27,22,107,23,19,29,21,15,132,31,22,24,22,33,115,24,26,28,25,12,95,19,15,18,16,27,62,13,13,17,4,15,29,3,7,10,6,3,20,2,5,5,5,3,13,1,7,3,0,2,4,1,0,1,1,1,0
10018010027,東山里,女,2023,66,5,14,14,13,20,144,20,14,37,33,40,204,45,52,40,42,25,85,16,21,17,15,16,88,21,21,10,12,24,89,22,19,16,15,17,97,21,21,16,21,18,106,16,19,23,22,26,168,30,35,37,35,31,186,46,31,36,28,45,128,27,28,32,19,22,95,24,24,12,14,21,126,23,25,36,25,17,135,28,30,24,29,24,102,22,17,18,21,24,84,26,9,17,15,17,43,10,7,10,7,9,50,15,11,10,9,5,19,6,4,3,5,1,8,3,1,3,1,0,0
10018010028,光鎮里,計,4120,148,19,37,29,29,34,186,33,46,26,44,37,223,46,43,49,43,42,191,32,47,26,44,42,191,36,35,40,42,38,250,51,42,43,60,54,272,54,59,57,43,59,287,57,71,57,51,51,334,61,73,67,77,56,362,71,78,68,71,74,294,66,57,54,41,76,293,63,63,61,56,50,273,58,47,43,58,67,241,47,44,52,48,50,234,45,47,50,42,50,153,32,29,37,28,27,112,16,34,19,20,23,54,23,10,5,7,9,18,3,5,3,4,3,4,2,0,1,0,1,0
10018010028,光鎮里,男,1983,67,7,15,13,10,22,106,17,29,17,28,15,114,31,19,23,22,19,94,17,29,13,15,20,112,23,17,26,26,20,122,25,21,21,34,21,132,22,30,27,22,31,147,33,32,26,29,27,163,34,31,29,48,21,183,34,41,38,34,36,141,32,24,23,23,39,140,28,29,27,26,30,130,29,24,19,20,38,112,22,19,22,23,26,92,21,25,12,14,20,58,14,11,12,15,6,43,7,12,7,12,5,20,10,4,1,3,2,5,1,3,0,1,0,2,1,0,1,0,0,0
10018010028,光鎮里,女,2137,81,12,22,16,19,12,80,16,17,9,16,22,109,15,24,26,21,23,97,15,18,13,29,22,79,13,18,14,16,18,128,26,21,22,26,33,140,32,29,30,21,28,140,24,39,31,22,24,171,27,42,38,29,35,179,37,37,30,37,38,153,34,33,31,18,37,153,35,34,34,30,20,143,29,23,24,38,29,129,25,25,30,25,24,142,24,22,38,28,30,95,18,18,25,13,21,69,9,22,12,8,18,34,13,6,4,4,7,13,2,2,3,3,3,2,1,0,0,0,1,0
10018010029,新興里,計,3615,112,18,25,22,19,28,123,24,32,25,19,23,159,24,21,33,37,44,157,24,30,34,34,35,167,27,36,36,38,30,199,56,25,38,42,38,233,46,43,46,44,54,276,51,55,65,58,47,292,49,54,44,71,74,316,62,78,59,54,63,230,43,50,32,51,54,247,50,51,47,55,44,249,53,53,47,49,47,226,44,36,55,50,41,257,55,65,47,55,35,155,46,34,34,19,22,102,13,23,25,21,20,75,21,15,16,15,8,28,2,8,7,8,3,10,6,0,1,3,0,2
10018010029,新興里,男,1813,62,11,18,10,10,13,64,7,19,15,13,10,83,10,14,16,22,21,75,11,14,16,17,17,85,14,22,19,20,10,117,38,13,23,23,20,118,30,20,24,19,25,150,27,32,30,36,25,145,23,29,15,38,40,164,32,41,35,32,24,111,18,22,19,26,26,132,25,26,25,29,27,133,25,31,28,28,21,106,25,21,25,19,16,122,24,35,18,31,14,61,15,13,15,12,6,40,6,6,9,11,8,27,10,7,3,5,2,11,0,2,4,3,2,5,2,0,1,2,0,2
10018010029,新興里,女,1802,50,7,7,12,9,15,59,17,13,10,6,13,76,14,7,17,15,23,82,13,16,18,17,18,82,13,14,17,18,20,82,18,12,15,19,18,115,16,23,22,25,29,126,24,23,35,22,22,147,26,25,29,33,34,152,30,37,24,22,39,119,25,28,13,25,28,115,25,25,22,26,17,116,28,22,19,21,26,120,19,15,30,31,25,135,31,30,29,24,21,94,31,21,19,7,16,62,7,17,16,10,12,48,11,8,13,10,6,17,2,6,3,5,1,5,4,0,0,1,0,0
10018010030,柴橋里,計,6426,187,28,28,48,45,38,251,44,54,50,49,54,287,61,46,48,66,66,291,42,61,62,66,60,377,60,67,83,89,78,528,108,97,107,104,112,533,103,103,106,118,103,412,100,84,87,72,69,445,74,73,89,100,109,508,108,105,86,96,113,483,106,106,89,89,93,574,101,121,126,106,120,558,128,132,91,107,100,392,90,69,88,68,77,288,72,66,61,48,41,169,52,42,30,27,18,68,17,14,10,14,13,55,13,14,9,12,7,15,3,5,2,2,3,5,2,1,2,0,0,0
10018010030,柴橋里,男,3163,104,14,17,26,26,21,126,24,21,23,25,33,150,31,23,25,35,36,143,20,32,33,33,25,187,27,39,42,48,31,296,60,49,61,54,72,274,52,43,52,67,60,194,51,38,41,33,31,225,29,45,40,49,62,244,49,50,39,44,62,213,56,41,42,37,37,272,46,50,65,57,54,275,63,62,42,58,50,182,42,33,37,35,35,139,34,26,33,27,19,85,30,18,12,15,10,33,9,8,6,3,7,14,4,3,4,2,1,7,2,2,0,2,1,0,0,0,0,0,0,0
10018010030,柴橋里,女,3263,83,14,11,22,19,17,125,20,33,27,24,21,137,30,23,23,31,30,148,22,29,29,33,35,190,33,28,41,41,47,232,48,48,46,50,40,259,51,60,54,51,43,218,49,46,46,39,38,220,45,28,49,51,47,264,59,55,47,52,51,270,50,65,47,52,56,302,55,71,61,49,66,283,65,70,49,49,50,210,48,36,51,33,42,149,38,40,28,21,22,84,22,24,18,12,8,35,8,6,4,11,6,41,9,11,5,10,6,8,1,3,2,0,2,5,2,1,2,0,0,0
10018010031,高峰里,計,6385,207,23,46,58,38,42,197,43,36,37,31,50,277,49,50,48,59,71,317,51,55,64,73,74,330,54,68,63,75,70,404,88,75,58,101,82,457,105,88,90,81,93,394,79,68,81,87,79,503,104,83,108,96,112,553,88,124,100,121,120,457,109,73,94,85,96,479,106,100,107,81,85,456,104,95,101,68,88,457,80,107,99,92,79,425,96,93,80,71,85,241,60,49,52,47,33,125,13,25,26,35,26,61,14,13,14,12,8,34,12,9,7,4,2,9,2,2,3,0,2,2
10018010031,高峰里,男,3199,105,17,29,25,15,19,110,27,15,23,19,26,153,25,28,32,34,34,162,25,30,29,42,36,168,26,36,32,35,39,220,42,45,36,59,38,248,57,50,52,46,43,210,43,30,49,51,37,261,56,42,58,51,54,294,48,70,47,57,72,232,52,39,53,40,48,227,60,45,45,39,38,221,50,41,58,31,41,192,40,47,39,35,31,201,49,40,34,35,43,94,25,17,22,18,12,62,11,12,14,15,10,18,6,4,1,4,3,14,5,2,2,3,2,5,1,2,1,0,1,2
10018010031,高峰里,女,3186,102,6,17,33,23,23,87,16,21,14,12,24,124,24,22,16,25,37,155,26,25,35,31,38,162,28,32,31,40,31,184,46,30,22,42,44,209,48,38,38,35,50,184,36,38,32,36,42,242,48,41,50,45,58,259,40,54,53,64,48,225,57,34,41,45,48,252,46,55,62,42,47,235,54,54,43,37,47,265,40,60,60,57,48,224,47,53,46,36,42,147,35,32,30,29,21,63,2,13,12,20,16,43,8,9,13,8,5,20,7,7,5,1,0,4,1,0,2,0,1,0
10018010032,仙宮里,計,1423,37,6,10,10,8,3,41,8,6,14,7,6,71,9,11,16,20,15,72,19,10,12,15,16,99,18,13,19,23,26,99,17,21,20,25,16,109,23,26,20,22,18,67,14,12,14,14,13,98,13,18,25,19,23,145,32,27,36,26,24,116,22,23,22,21,28,147,37,30,32,24,24,114,23,15,31,20,25,66,17,15,12,8,14,70,17,20,8,13,12,42,13,10,9,3,7,14,3,4,4,1,2,11,2,5,1,1,2,5,1,1,1,1,1,0,0,0,0,0,0,0
10018010032,仙宮里,男,718,15,2,3,7,1,2,30,7,4,10,5,4,35,4,4,6,13,8,39,9,7,6,8,9,48,3,6,11,14,14,52,6,12,11,16,7,52,12,10,11,14,5,38,9,5,10,9,5,48,7,9,11,10,11,79,16,16,22,15,10,66,13,10,13,15,15,77,21,18,15,14,9,52,7,10,14,11,10,34,13,7,4,5,5,28,8,6,3,6,5,15,4,3,4,1,3,5,1,2,1,0,1,4,1,2,0,0,1,1,0,0,1,0,0,0,0,0,0,0,0,0
10018010032,仙宮里,女,705,22,4,7,3,7,1,11,1,2,4,2,2,36,5,7,10,7,7,33,10,3,6,7,7,51,15,7,8,9,12,47,11,9,9,9,9,57,11,16,9,8,13,29,5,7,4,5,8,50,6,9,14,9,12,66,16,11,14,11,14,50,9,13,9,6,13,70,16,12,17,10,15,62,16,5,17,9,15,32,4,8,8,3,9,42,9,14,5,7,7,27,9,7,5,2,4,9,2,2,3,1,1,7,1,3,1,1,1,4,1,1,0,1,1,0,0,0,0,0,0,0
10018010033,光明里,計,3469,99,20,15,20,26,18,173,23,21,47,44,38,270,53,57,70,47,43,199,40,41,37,45,36,195,41,36,34,44,40,254,50,53,49,55,47,195,37,37,44,40,37,161,38,24,38,23,38,252,45,35,56,56,60,203,33,35,44,43,48,261,49,43,61,54,54,308,67,59,72,62,48,293,61,71,62,44,55,205,51,35,46,42,31,164,36,26,37,25,40,105,18,21,25,23,18,65,16,15,12,13,9,45,7,14,8,9,7,11,1,3,1,4,2,10,3,2,1,4,0,1
10018010033,光明里,男,1682,50,12,9,11,9,9,85,13,10,22,22,18,135,21,28,36,29,21,95,16,21,13,26,19,101,23,19,13,26,20,135,30,28,24,23,30,98,16,22,24,20,16,75,18,11,19,9,18,110,24,13,25,21,27,87,13,12,16,22,24,120,20,22,27,25,26,155,24,32,44,30,25,155,23,44,35,22,31,105,27,19,27,20,12,67,19,12,20,5,11,52,7,10,15,11,9,31,11,4,7,4,5,15,2,7,3,2,1,4,0,1,0,2,1,6,3,1,0,2,0,1
10018010033,光明里,女,1787,49,8,6,9,17,9,88,10,11,25,22,20,135,32,29,34,18,22,104,24,20,24,19,17,94,18,17,21,18,20,119,20,25,25,32,17,97,21,15,20,20,21,86,20,13,19,14,20,142,21,22,31,35,33,116,20,23,28,21,24,141,29,21,34,29,28,153,43,27,28,32,23,138,38,27,27,22,24,100,24,16,19,22,19,97,17,14,17,20,29,53,11,11,10,12,9,34,5,11,5,9,4,30,5,7,5,7,6,7,1,2,1,2,1,4,0,1,1,2,0,0
10018010035,立功里,計,998,29,6,5,7,4,7,33,5,9,7,6,6,56,18,6,12,11,9,49,9,7,9,16,8,61,12,13,11,11,14,53,15,7,6,10,15,59,10,10,16,15,8,67,15,19,10,8,15,75,13,14,13,14,21,59,8,11,11,15,14,75,14,15,15,18,13,90,15,23,17,19,16,81,15,19,14,16,17,67,16,12,16,13,10,56,13,11,11,7,14,40,11,8,4,11,6,21,1,10,1,5,4,15,4,5,1,5,0,7,2,2,2,1,0,3,2,0,0,0,1,2
10018010035,立功里,男,514,14,3,1,3,4,3,20,3,6,4,3,4,32,11,2,6,6,7,27,3,5,5,8,6,35,6,7,9,7,6,25,6,3,2,7,7,36,3,9,9,10,5,35,9,11,5,2,8,38,2,7,8,9,12,30,4,4,6,8,8,40,5,9,9,11,6,48,9,10,7,12,10,44,4,13,8,9,10,40,10,9,9,9,3,22,4,4,6,2,6,14,4,4,3,2,1,6,0,3,0,1,2,3,1,1,0,1,0,3,1,1,0,1,0,1,1,0,0,0,0,1
10018010035,立功里,女,484,15,3,4,4,0,4,13,2,3,3,3,2,24,7,4,6,5,2,22,6,2,4,8,2,26,6,6,2,4,8,28,9,4,4,3,8,23,7,1,7,5,3,32,6,8,5,6,7,37,11,7,5,5,9,29,4,7,5,7,6,35,9,6,6,7,7,42,6,13,10,7,6,37,11,6,6,7,7,27,6,3,7,4,7,34,9,7,5,5,8,26,7,4,1,9,5,15,1,7,1,4,2,12,3,4,1,4,0,4,1,1,2,0,0,2,1,0,0,0,1,1
10018010036,軍功里,計,3315,86,11,12,16,23,24,146,27,24,29,25,41,245,44,48,46,50,57,236,43,41,43,54,55,204,43,48,33,49,31,172,40,35,27,34,36,159,35,31,25,34,34,186,36,37,33,37,43,235,40,43,62,37,53,298,51,50,62,59,76,293,61,48,66,59,59,244,59,53,57,42,33,178,33,43,32,34,36,199,44,47,34,35,39,181,40,36,35,42,28,131,33,32,26,23,17,64,13,15,15,12,9,32,10,7,6,5,4,19,6,1,4,4,4,6,2,0,0,3,1,1
10018010036,軍功里,男,1636,40,5,9,6,9,11,83,20,12,19,14,18,141,28,26,24,27,36,127,27,17,26,26,31,109,21,26,19,27,16,92,17,20,16,18,21,89,22,17,12,19,19,87,14,18,15,19,21,116,22,22,30,22,20,144,23,25,29,29,38,150,28,20,41,29,32,119,24,29,31,23,12,84,13,21,15,18,17,91,24,23,11,18,15,77,13,13,11,25,15,45,13,8,8,9,7,20,4,3,4,5,4,13,6,1,0,4,2,4,1,1,0,1,1,4,2,0,0,1,1,1
10018010036,軍功里,女,1679,46,6,3,10,14,13,63,7,12,10,11,23,104,16,22,22,23,21,109,16,24,17,28,24,95,22,22,14,22,15,80,23,15,11,16,15,70,13,14,13,15,15,99,22,19,18,18,22,119,18,21,32,15,33,154,28,25,33,30,38,143,33,28,25,30,27,125,35,24,26,19,21,94,20,22,17,16,19,108,20,24,23,17,24,104,27,23,24,17,13,86,20,24,18,14,10,44,9,12,11,7,5,19,4,6,6,1,2,15,5,0,4,3,3,2,0,0,0,2,0,0
10018010037,建功里,計,4880,230,23,51,43,51,62,334,60,71,56,81,66,346,68,89,60,68,61,239,52,40,52,49,46,193,32,39,32,42,48,229,50,44,54,36,45,267,57,41,53,68,48,397,66,74,84,86,87,458,81,74,99,109,95,430,106,92,80,78,74,283,69,54,52,52,56,271,71,50,52,52,46,289,57,60,51,61,60,274,51,46,70,55,52,271,60,60,44,56,51,174,54,31,30,26,33,76,23,13,5,17,18,50,10,10,12,8,10,31,6,6,7,7,5,32,8,8,8,4,4,6
10018010037,建功里,男,2443,121,13,25,23,25,35,173,35,35,31,44,28,196,40,50,31,41,34,124,24,22,27,27,24,107,15,23,16,23,30,125,30,25,30,15,25,137,24,23,22,35,33,190,34,36,35,46,39,239,50,42,49,50,48,203,56,43,41,37,26,147,36,26,32,23,30,139,35,31,22,29,22,139,26,28,29,29,27,134,29,26,34,30,15,125,23,23,20,28,31,85,30,15,15,11,14,23,11,4,1,4,3,12,3,3,3,0,3,9,3,2,1,2,1,11,0,2,4,3,2,4
10018010037,建功里,女,2437,109,10,26,20,26,27,161,25,36,25,37,38,150,28,39,29,27,27,115,28,18,25,22,22,86,17,16,16,19,18,104,20,19,24,21,20,130,33,18,31,33,15,207,32,38,49,40,48,219,31,32,50,59,47,227,50,49,39,41,48,136,33,28,20,29,26,132,36,19,30,23,24,150,31,32,22,32,33,140,22,20,36,25,37,146,37,37,24,28,20,89,24,16,15,15,19,53,12,9,4,13,15,38,7,7,9,8,7,22,3,4,6,5,4,21,8,6,4,1,2,2
10018010038,前溪里,計,3263,113,13,27,23,22,28,194,36,28,46,39,45,251,46,52,39,61,53,182,31,42,31,34,44,159,33,25,33,36,32,171,35,41,34,26,35,220,45,52,31,41,51,219,47,51,45,39,37,246,51,41,53,48,53,286,71,72,41,53,49,187,40,41,40,35,31,183,32,29,35,43,44,223,43,55,44,40,41,216,50,48,34,44,40,172,34,39,38,27,34,106,32,15,28,17,14,70,11,15,20,14,10,38,11,8,10,5,4,21,9,4,3,4,1,6,2,2,2,0,0,0
10018010038,前溪里,男,1662,55,5,20,8,10,12,104,21,15,21,21,26,129,24,30,22,34,19,100,21,20,14,18,27,82,19,10,14,20,19,86,18,22,17,15,14,105,25,30,14,18,18,107,24,28,26,15,14,114,26,20,18,23,27,151,33,40,23,31,24,104,20,20,21,20,23,116,25,17,20,29,25,110,21,29,20,21,19,110,31,23,17,19,20,88,19,17,19,16,17,49,18,6,14,4,7,32,5,9,5,8,5,12,3,2,3,3,1,8,2,2,2,2,0,0,0,0,0,0,0,0
10018010038,前溪里,女,1601,58,8,7,15,12,16,90,15,13,25,18,19,122,22,22,17,27,34,82,10,22,17,16,17,77,14,15,19,16,13,85,17,19,17,11,21,115,20,22,17,23,33,112,23,23,19,24,23,132,25,21,35,25,26,135,38,32,18,22,25,83,20,21,19,15,8,67,7,12,15,14,19,113,22,26,24,19,22,106,19,25,17,25,20,84,15,22,19,11,17,57,14,9,14,13,7,38,6,6,15,6,5,26,8,6,7,2,3,13,7,2,1,2,1,6,2,2,2,0,0,0
10018010039,水源里,計,3767,94,8,24,25,15,22,161,25,30,37,29,40,224,52,49,45,46,32,181,34,40,39,30,38,180,38,37,33,33,39,260,44,51,53,40,72,272,48,52,58,61,53,243,44,59,51,45,44,281,53,56,57,66,49,319,57,63,74,52,73,248,60,40,38,54,56,281,50,43,62,64,62,257,44,59,54,57,43,244,42,49,57,47,49,200,32,51,42,29,46,139,35,27,35,20,22,97,14,22,22,21,18,59,12,15,7,12,13,22,6,3,6,4,3,4,2,0,2,0,0,1
10018010039,水源里,男,1965,58,7,14,16,9,12,85,19,15,20,15,16,123,30,29,22,23,19,94,16,19,20,16,23,92,18,18,15,18,23,149,33,21,30,20,45,144,25,26,28,35,30,130,27,30,33,17,23,139,26,26,24,39,24,172,31,34,47,24,36,126,30,18,19,27,32,145,28,22,34,33,28,139,25,28,30,32,24,128,24,25,29,28,22,99,18,26,20,14,21,63,19,8,15,11,10,38,6,8,10,9,5,30,5,9,5,5,6,9,2,2,2,2,1,2,1,0,1,0,0,0
10018010039,水源里,女,1802,36,1,10,9,6,10,76,6,15,17,14,24,101,22,20,23,23,13,87,18,21,19,14,15,88,20,19,18,15,16,111,11,30,23,20,27,128,23,26,30,26,23,113,17,29,18,28,21,142,27,30,33,27,25,147,26,29,27,28,37,122,30,22,19,27,24,136,22,21,28,31,34,118,19,31,24,25,19,116,18,24,28,19,27,101,14,25,22,15,25,76,16,19,20,9,12,59,8,14,12,12,13,29,7,6,2,7,7,13,4,1,4,2,2,2,1,0,1,0,0,1
10018010040,千甲里,計,2420,85,13,16,15,16,25,112,14,21,23,27,27,148,25,35,32,25,31,102,22,23,29,11,17,134,27,24,21,34,28,185,30,36,43,36,40,192,31,38,43,41,39,165,51,36,29,26,23,171,20,42,33,38,38,179,43,36,35,35,30,151,30,31,31,28,31,153,33,32,30,30,28,172,35,29,40,37,31,155,31,27,43,24,30,126,26,28,27,22,23,79,14,28,16,9,12,48,8,6,8,11,15,40,9,10,9,8,4,20,8,5,0,3,4,3,1,1,0,1,0,0
10018010040,千甲里,男,1247,53,7,13,8,12,13,59,5,11,13,14,16,85,12,23,14,15,21,45,9,10,11,5,10,65,10,9,11,20,15,99,17,16,29,14,23,108,12,24,26,23,23,80,27,16,15,12,10,85,11,23,14,19,18,86,22,20,15,14,15,72,12,18,13,11,18,79,18,13,16,21,11,92,17,16,19,21,19,83,15,11,25,13,19,71,18,16,15,11,11,36,4,14,8,4,6,22,2,5,2,6,7,19,3,6,4,5,1,7,2,3,0,1,1,1,0,1,0,0,0,0
10018010040,千甲里,女,1173,32,6,3,7,4,12,53,9,10,10,13,11,63,13,12,18,10,10,57,13,13,18,6,7,69,17,15,10,14,13,86,13,20,14,22,17,84,19,14,17,18,16,85,24,20,14,14,13,86,9,19,19,19,20,93,21,16,20,21,15,79,18,13,18,17,13,74,15,19,14,9,17,80,18,13,21,16,12,72,16,16,18,11,11,55,8,12,12,11,12,43,10,14,8,5,6,26,6,1,6,5,8,21,6,4,5,3,3,13,6,2,0,2,3,2,1,0,0,1,0,0
10018010041,埔頂里,計,11243,962,131,188,211,212,220,1066,215,229,207,218,197,810,193,192,156,151,118,476,110,89,100,92,85,320,54,62,74,65,65,444,84,64,75,98,123,940,152,166,183,209,230,1330,254,264,264,292,256,1463,277,323,270,315,278,1275,299,317,237,217,205,686,186,149,131,105,115,440,97,110,87,79,67,306,65,70,53,60,58,261,55,62,52,50,42,197,36,51,37,32,41,121,36,27,20,21,17,63,13,11,18,16,5,51,6,13,14,5,13,23,5,7,2,6,3,7,2,3,0,2,0,2
10018010041,埔頂里,男,5776,527,57,109,120,117,124,541,109,120,112,109,91,404,101,98,72,72,61,262,57,52,56,53,44,183,32,36,48,35,32,249,43,41,44,59,62,511,83,94,87,116,131,716,130,144,143,166,133,731,133,157,143,161,137,627,144,161,118,109,95,366,95,84,75,60,52,222,47,61,48,34,32,140,34,34,22,24,26,126,23,37,23,22,21,81,12,23,18,9,19,42,13,13,7,7,2,25,5,5,6,8,1,12,3,4,0,2,3,7,1,2,1,1,2,3,1,1,0,1,0,1
10018010041,埔頂里,女,5467,435,74,79,91,95,96,525,106,109,95,109,106,406,92,94,84,79,57,214,53,37,44,39,41,137,22,26,26,30,33,195,41,23,31,39,61,429,69,72,96,93,99,614,124,120,121,126,123,732,144,166,127,154,141,648,155,156,119,108,110,320,91,65,56,45,63,218,50,49,39,45,35,166,31,36,31,36,32,135,32,25,29,28,21,116,24,28,19,23,22,79,23,14,13,14,15,38,8,6,12,8,4,39,3,9,14,3,10,16,4,5,1,5,1,4,1,2,0,1,0,1
10018010042,龍山里,計,14416,1017,118,180,223,208,288,1537,267,304,330,304,332,1592,351,363,287,312,279,803,181,185,164,140,133,541,91,117,107,122,104,554,89,106,91,123,145,799,146,128,135,198,192,1234,185,268,258,248,275,1792,310,356,381,362,383,1729,390,365,370,292,312,942,247,185,177,157,176,641,146,151,130,119,95,410,96,87,83,74,70,286,66,58,60,57,45,243,51,44,54,50,44,145,29,36,26,31,23,76,19,17,14,18,8,47,16,8,9,11,3,20,3,5,6,4,2,6,0,2,2,1,1,2
10018010042,龍山里,男,7359,568,66,99,127,116,160,830,149,175,173,168,165,799,177,187,130,161,144,398,85,92,78,73,70,288,48,57,66,68,49,318,50,68,57,66,77,409,72,70,66,98,103,636,106,132,129,120,149,884,147,161,190,191,195,876,187,188,169,171,161,481,126,96,89,74,96,320,78,70,59,64,49,186,38,44,37,37,30,134,34,33,25,28,14,107,28,17,24,20,18,63,11,17,12,13,10,29,7,7,7,7,1,22,5,5,6,4,2,7,1,1,2,1,2,3,0,1,2,0,0,1
10018010042,龍山里,女,7057,449,52,81,96,92,128,707,118,129,157,136,167,793,174,176,157,151,135,405,96,93,86,67,63,253,43,60,41,54,55,236,39,38,34,57,68,390,74,58,69,100,89,598,79,136,129,128,126,908,163,195,191,171,188,853,203,177,201,121,151,461,121,89,88,83,80,321,68,81,71,55,46,224,58,43,46,37,40,152,32,25,35,29,31,136,23,27,30,30,26,82,18,19,14,18,13,47,12,10,7,11,7,25,11,3,3,7,1,13,2,4,4,3,0,3,0,1,0,1,1,1
10018010043,新莊里,計,6713,271,33,59,61,53,65,436,83,73,80,91,109,530,111,111,107,107,94,369,62,81,79,82,65,310,71,59,57,64,59,380,77,69,71,85,78,485,99,94,98,93,101,489,86,102,103,100,98,590,96,100,113,133,148,719,163,146,124,123,163,448,109,103,73,88,75,382,81,82,73,68,78,420,77,72,96,85,90,296,72,53,60,47,64,255,62,62,44,41,46,154,44,30,39,23,18,87,16,15,14,19,23,64,18,12,15,11,8,25,4,6,6,5,4,2,1,0,1,0,0,1
10018010043,新莊里,男,3323,142,16,27,37,26,36,222,40,35,43,45,59,302,65,69,53,66,49,201,31,36,44,51,39,167,37,31,28,37,34,206,41,36,41,46,42,244,60,40,56,38,50,222,37,57,49,44,35,295,51,54,53,67,70,348,74,71,53,64,86,222,54,62,35,35,36,182,36,40,36,30,40,189,43,38,40,38,30,130,36,26,25,13,30,118,29,28,23,18,20,68,19,11,18,11,9,33,5,8,1,10,9,24,10,5,4,3,2,8,2,1,2,2,1,0,0,0,0,0,0,0
10018010043,新莊里,女,3390,129,17,32,24,27,29,214,43,38,37,46,50,228,46,42,54,41,45,168,31,45,35,31,26,143,34,28,29,27,25,174,36,33,30,39,36,241,39,54,42,55,51,267,49,45,54,56,63,295,45,46,60,66,78,371,89,75,71,59,77,226,55,41,38,53,39,200,45,42,37,38,38,231,34,34,56,47,60,166,36,27,35,34,34,137,33,34,21,23,26,86,25,19,21,12,9,54,11,7,13,9,14,40,8,7,11,8,6,17,2,5,4,3,3,2,1,0,1,0,0,1
10018010044,仙水里,計,6693,340,45,75,85,68,67,390,67,73,67,88,95,470,86,102,88,101,93,327,57,63,74,73,60,343,66,65,71,88,53,394,90,78,68,72,86,605,94,126,135,123,127,602,140,111,135,104,112,556,102,105,102,115,132,655,149,144,121,121,120,545,102,118,96,108,121,405,85,97,86,70,67,349,72,65,66,84,62,288,56,67,54,46,65,192,51,29,29,41,42,110,30,18,25,19,18,72,12,13,17,11,19,31,9,12,3,4,3,16,3,6,2,3,2,3,2,1,0,0,0,0
10018010044,仙水里,男,3358,176,24,39,44,36,33,175,34,25,30,39,47,243,42,52,56,47,46,187,32,40,37,48,30,179,38,38,30,43,30,213,48,39,40,45,41,304,46,68,69,61,60,323,77,55,74,63,54,277,54,45,51,54,73,298,63,66,56,58,55,279,58,57,43,58,63,202,37,50,50,31,34,168,41,28,33,39,27,146,30,33,32,21,30,86,21,14,16,17,18,52,14,10,12,8,8,24,5,2,5,5,7,17,6,8,0,2,1,6,1,2,1,1,1,3,2,1,0,0,0,0
10018010044,仙水里,女,3335,164,21,36,41,32,34,215,33,48,37,49,48,227,44,50,32,54,47,140,25,23,37,25,30,164,28,27,41,45,23,181,42,39,28,27,45,301,48,58,66,62,67,279,63,56,61,41,58,279,48,60,51,61,59,357,86,78,65,63,65,266,44,61,53,50,58,203,48,47,36,39,33,181,31,37,33,45,35,142,26,34,22,25,35,106,30,15,13,24,24,58,16,8,13,11,10,48,7,11,12,6,12,14,3,4,3,2,2,10,2,4,1,2,1,0,0,0,0,0,0,0
10018010045,金山里,計,6397,223,30,44,47,50,52,305,55,49,57,71,73,386,80,84,61,60,101,311,54,60,67,76,54,361,66,70,70,74,81,445,110,85,71,79,100,448,98,85,83,97,85,436,92,91,83,78,92,529,86,98,105,117,123,592,122,100,108,118,144,577,114,126,101,119,117,551,116,136,103,109,87,392,90,86,80,63,73,264,60,51,60,55,38,235,51,48,48,48,40,160,38,36,35,34,17,92,24,17,13,22,16,58,19,14,7,13,5,20,7,3,2,3,5,8,4,3,1,0,0,4
10018010045,金山里,男,3204,125,13,26,30,28,28,171,34,29,31,40,37,190,32,42,28,26,62,173,33,27,38,44,31,185,36,28,41,38,42,231,55,49,32,37,58,240,52,51,44,50,43,226,41,57,43,34,51,260,41,50,50,59,60,272,56,44,48,54,70,291,63,59,51,63,55,294,59,78,51,66,40,204,46,43,43,30,42,121,32,18,33,23,15,92,17,23,17,17,18,66,18,13,13,14,8,34,7,8,5,9,5,15,8,3,2,0,2,11,3,1,2,2,3,2,2,0,0,0,0,1
10018010045,金山里,女,3193,98,17,18,17,22,24,134,21,20,26,31,36,196,48,42,33,34,39,138,21,33,29,32,23,176,30,42,29,36,39,214,55,36,39,42,42,208,46,34,39,47,42,210,51,34,40,44,41,269,45,48,55,58,63,320,66,56,60,64,74,286,51,67,50,56,62,257,57,58,52,43,47,188,44,43,37,33,31,143,28,33,27,32,23,143,34,25,31,31,22,94,20,23,22,20,9,58,17,9,8,13,11,43,11,11,5,13,3,9,4,2,0,1,2,6,2,3,1,0,0,3
10018010046,關東里,計,6064,225,35,45,52,44,49,342,66,62,59,69,86,455,83,84,83,113,92,352,73,78,75,63,63,306,57,57,57,61,74,381,68,67,80,81,85,356,78,56,67,71,84,404,79,77,85,82,81,507,102,88,102,114,101,596,124,127,122,107,116,483,125,109,91,77,81,406,82,87,90,69,78,349,85,73,60,58,73,306,68,54,54,54,76,248,55,55,49,52,37,145,32,32,28,31,22,105,18,21,22,31,13,63,23,14,11,7,8,19,1,8,7,2,1,15,3,4,3,3,2,1
10018010046,關東里,男,2952,108,13,20,29,21,25,168,34,34,26,37,37,215,29,39,46,50,51,197,33,45,41,37,41,155,35,28,25,27,40,208,30,38,45,41,54,188,42,28,32,39,47,213,33,43,51,42,44,222,48,37,43,53,41,292,55,66,60,51,60,238,64,50,44,34,46,183,37,40,41,28,37,163,41,30,28,28,36,155,36,29,32,26,32,104,20,29,22,22,11,60,12,14,12,13,9,38,6,8,9,10,5,28,8,7,6,3,4,7,1,1,4,1,0,9,1,2,3,1,2,1
10018010046,關東里,女,3112,117,22,25,23,23,24,174,32,28,33,32,49,240,54,45,37,63,41,155,40,33,34,26,22,151,22,29,32,34,34,173,38,29,35,40,31,168,36,28,35,32,37,191,46,34,34,40,37,285,54,51,59,61,60,304,69,61,62,56,56,245,61,59,47,43,35,223,45,47,49,41,41,186,44,43,32,30,37,151,32,25,22,28,44,144,35,26,27,30,26,85,20,18,16,18,13,67,12,13,13,21,8,35,15,7,5,4,4,12,0,7,3,1,1,6,2,2,0,2,0,0
10018010047,科園里,計,7929,292,41,57,55,72,67,555,98,100,84,140,133,784,154,175,153,160,142,512,104,105,113,109,81,397,79,87,75,80,76,450,88,84,81,105,92,464,96,88,98,102,80,476,102,93,94,88,99,575,81,123,107,120,144,683,138,140,137,120,148,541,99,112,116,100,114,474,117,84,111,74,88,483,87,116,105,92,83,483,96,101,105,98,83,346,80,82,79,62,43,185,54,43,36,22,30,113,15,22,32,26,18,73,20,15,18,11,9,27,7,8,4,4,4,15,4,2,4,2,3,1
10018010047,科園里,男,4044,152,22,33,29,36,32,304,54,51,45,74,80,424,76,99,77,86,86,272,46,64,53,65,44,210,41,45,46,38,40,229,43,43,35,61,47,232,47,46,42,57,40,238,50,46,47,44,51,273,41,57,47,59,69,337,62,60,69,65,81,303,53,56,69,59,66,239,62,40,57,36,44,239,39,63,56,46,35,232,38,48,51,53,42,188,46,45,37,36,24,82,21,23,12,15,11,41,8,10,11,9,3,26,8,5,8,3,2,14,5,3,1,1,4,9,3,1,1,1,3,0
10018010047,科園里,女,3885,140,19,24,26,36,35,251,44,49,39,66,53,360,78,76,76,74,56,240,58,41,60,44,37,187,38,42,29,42,36,221,45,41,46,44,45,232,49,42,56,45,40,238,52,47,47,44,48,302,40,66,60,61,75,346,76,80,68,55,67,238,46,56,47,41,48,235,55,44,54,38,44,244,48,53,49,46,48,251,58,53,54,45,41,158,34,37,42,26,19,103,33,20,24,7,19,72,7,12,21,17,15,47,12,10,10,8,7,13,2,5,3,3,0,6,1,1,3,1,0,1
10018010048,建華里,計,2816,62,7,13,12,11,19,146,16,17,30,34,49,257,53,44,61,52,47,149,28,25,39,29,28,151,28,22,24,37,40,179,45,39,42,31,22,147,24,33,36,29,25,158,36,26,30,30,36,202,29,45,37,41,50,233,46,44,52,49,42,195,44,44,34,30,43,194,37,41,37,40,39,193,39,48,38,33,35,171,40,33,36,32,30,127,26,26,19,26,30,99,20,32,18,17,12,68,10,12,10,19,17,63,18,15,9,12,9,16,6,1,2,4,3,6,3,0,2,1,0,0
10018010048,建華里,男,1367,27,4,4,5,6,8,73,6,6,15,19,27,130,31,25,29,22,23,85,17,16,18,20,14,87,14,14,11,25,23,90,25,20,21,16,8,68,13,13,17,11,14,76,16,10,17,16,17,88,12,18,19,18,21,112,22,18,26,24,22,102,24,18,21,14,25,101,16,25,19,20,21,98,19,20,21,20,18,79,19,18,12,15,15,53,8,9,8,11,17,39,10,9,7,6,7,30,6,5,4,5,10,23,7,7,4,2,3,5,2,1,1,1,0,1,0,0,1,0,0,0
10018010048,建華里,女,1449,35,3,9,7,5,11,73,10,11,15,15,22,127,22,19,32,30,24,64,11,9,21,9,14,64,14,8,13,12,17,89,20,19,21,15,14,79,11,20,19,18,11,82,20,16,13,14,19,114,17,27,18,23,29,121,24,26,26,25,20,93,20,26,13,16,18,93,21,16,18,20,18,95,20,28,17,13,17,92,21,15,24,17,15,74,18,17,11,15,13,60,10,23,11,11,5,38,4,7,6,14,7,40,11,8,5,10,6,11,4,0,1,3,3,5,3,0,1,1,0,0
10018010049,新光里,計,4125,135,25,25,28,26,31,175,38,30,33,33,41,177,35,35,30,35,42,181,43,34,26,43,35,199,29,39,43,46,42,289,48,43,60,66,72,323,60,58,85,64,56,273,54,61,53,55,50,325,60,52,65,69,79,366,80,69,74,77,66,274,56,55,59,52,52,262,68,62,49,45,38,279,46,62,49,63,59,262,56,64,51,38,53,276,68,56,62,41,49,151,47,32,31,20,21,84,13,19,20,17,15,57,18,9,15,9,6,29,10,7,4,4,4,7,2,2,2,1,0,1
10018010049,新光里,男,2083,71,12,14,14,12,19,90,20,15,15,20,20,83,17,23,13,12,18,92,25,18,10,25,14,104,14,21,23,22,24,151,26,23,36,28,38,167,29,28,42,39,29,151,34,28,30,28,31,168,33,24,28,40,43,192,42,34,37,38,41,134,26,24,32,26,26,145,35,44,26,18,22,140,29,28,24,28,31,121,27,31,29,13,21,141,26,31,38,21,25,68,18,17,15,8,10,34,7,9,5,5,8,21,7,2,8,2,2,10,2,2,1,2,3,0,0,0,0,0,0,0
10018010049,新光里,女,2042,64,13,11,14,14,12,85,18,15,18,13,21,94,18,12,17,23,24,89,18,16,16,18,21,95,15,18,20,24,18,138,22,20,24,38,34,156,31,30,43,25,27,122,20,33,23,27,19,157,27,28,37,29,36,174,38,35,37,39,25,140,30,31,27,26,26,117,33,18,23,27,16,139,17,34,25,35,28,141,29,33,22,25,32,135,42,25,24,20,24,83,29,15,16,12,11,50,6,10,15,12,7,36,11,7,7,7,4,19,8,5,3,2,1,7,2,2,2,1,0,1
10018010050,復興里,計,6773,275,32,63,55,57,68,474,58,85,83,117,131,700,143,167,141,128,121,423,82,105,76,81,79,347,71,69,62,70,75,404,93,78,76,78,79,376,79,84,65,82,66,437,79,76,96,85,101,524,97,100,99,101,127,593,129,128,108,108,120,475,93,104,96,82,100,443,94,89,96,85,79,369,78,82,81,66,62,311,67,59,67,60,58,243,59,47,54,40,43,147,31,34,23,30,29,125,22,26,32,20,25,68,21,14,21,6,6,31,11,7,3,7,3,5,3,1,0,1,0,3
10018010050,復興里,男,3185,140,19,33,26,25,37,247,28,42,42,57,78,358,88,80,64,65,61,218,50,48,38,39,43,171,36,35,32,35,33,203,46,46,36,35,40,207,39,41,42,49,36,201,46,32,45,35,43,208,42,38,37,37,54,248,53,54,41,47,53,208,40,49,46,33,40,195,37,46,40,36,36,168,37,37,33,33,28,140,28,29,28,29,26,117,27,29,29,18,14,62,15,16,11,11,9,49,10,10,11,8,10,31,12,5,7,3,4,9,4,3,1,0,1,2,1,1,0,0,0,3
10018010050,復興里,女,3588,135,13,30,29,32,31,227,30,43,41,60,53,342,55,87,77,63,60,205,32,57,38,42,36,176,35,34,30,35,42,201,47,32,40,43,39,169,40,43,23,33,30,236,33,44,51,50,58,316,55,62,62,64,73,345,76,74,67,61,67,267,53,55,50,49,60,248,57,43,56,49,43,201,41,45,48,33,34,171,39,30,39,31,32,126,32,18,25,22,29,85,16,18,12,19,20,76,12,16,21,12,15,37,9,9,14,3,2,22,7,4,2,7,2,3,2,0,0,1,0,0
10018010051,錦華里,計,2463,72,8,14,12,18,20,143,13,30,24,36,40,241,49,53,46,57,36,144,24,31,30,27,32,156,24,31,26,35,40,140,26,32,23,30,29,128,28,25,18,32,25,137,22,25,37,28,25,185,31,39,25,50,40,244,48,55,51,39,51,181,39,42,34,26,40,180,47,36,37,33,27,122,20,20,35,22,25,131,30,28,21,26,26,91,29,18,9,22,13,76,15,19,15,13,14,40,5,8,11,8,8,34,7,5,8,9,5,12,5,2,0,2,3,6,0,0,2,3,1,0
10018010051,錦華里,男,1153,45,5,10,6,10,14,80,7,16,15,21,21,121,24,23,29,29,16,77,13,16,19,13,16,72,14,13,12,16,17,63,11,15,12,14,11,61,6,13,11,15,16,59,8,13,14,11,13,66,10,15,10,20,11,115,24,18,29,19,25,78,20,13,19,13,13,95,26,16,19,19,15,55,8,11,18,7,11,57,12,9,10,14,12,42,14,10,5,8,5,40,7,12,4,8,9,13,2,3,5,0,3,8,2,2,1,2,1,3,2,0,0,0,1,3,0,0,1,2,0,0
10018010051,錦華里,女,1310,27,3,4,6,8,6,63,6,14,9,15,19,120,25,30,17,28,20,67,11,15,11,14,16,84,10,18,14,19,23,77,15,17,11,16,18,67,22,12,7,17,9,78,14,12,23,17,12,119,21,24,15,30,29,129,24,37,22,20,26,103,19,29,15,13,27,85,21,20,18,14,12,67,12,9,17,15,14,74,18,19,11,12,14,49,15,8,4,14,8,36,8,7,11,5,5,27,3,5,6,8,5,26,5,3,7,7,4,9,3,2,0,2,2,3,0,0,1,1,1,0
10018010052,湖濱里,計,4003,119,23,28,21,20,27,124,24,30,23,24,23,160,26,27,26,42,39,183,41,27,26,43,46,200,30,40,40,42,48,264,59,50,42,53,60,287,55,54,70,58,50,269,64,52,57,48,48,302,47,68,58,68,61,332,75,64,68,64,61,264,62,49,60,45,48,283,55,52,63,55,58,306,65,52,57,69,63,303,57,68,59,50,69,263,59,46,54,54,50,175,43,39,41,26,26,91,16,23,17,22,13,49,9,17,9,4,10,21,7,4,0,8,2,7,3,1,3,0,0,1
10018010052,湖濱里,男,1944,57,13,12,11,7,14,65,12,17,15,7,14,83,13,13,14,20,23,107,23,14,19,23,28,112,18,25,21,22,26,140,31,27,20,25,37,125,23,27,34,20,21,149,33,29,34,25,28,154,21,31,30,34,38,159,39,30,30,28,32,124,34,23,31,20,16,122,28,23,26,19,26,147,30,25,25,39,28,137,25,22,27,28,35,129,23,19,30,32,25,69,18,13,13,15,10,33,6,10,5,8,4,19,3,5,4,2,5,11,2,3,0,4,2,1,0,1,0,0,0,1
10018010052,湖濱里,女,2059,62,10,16,10,13,13,59,12,13,8,17,9,77,13,14,12,22,16,76,18,13,7,20,18,88,12,15,19,20,22,124,28,23,22,28,23,162,32,27,36,38,29,120,31,23,23,23,20,148,26,37,28,34,23,173,36,34,38,36,29,140,28,26,29,25,32,161,27,29,37,36,32,159,35,27,32,30,35,166,32,46,32,22,34,134,36,27,24,22,25,106,25,26,28,11,16,58,10,13,12,14,9,30,6,12,5,2,5,10,5,1,0,4,0,6,3,0,3,0,0,0
10018010053,明湖里,計,6203,195,29,39,32,41,54,313,53,64,67,59,70,373,78,82,60,82,71,350,66,64,75,78,67,314,70,48,68,63,65,424,89,76,64,79,116,459,101,106,83,88,81,434,79,95,102,67,91,565,74,100,122,134,135,719,131,152,159,133,144,531,124,101,110,103,93,444,104,90,98,85,67,363,73,80,73,75,62,299,66,59,69,53,52,211,38,58,32,41,42,123,34,31,27,21,10,45,8,9,17,7,4,31,9,7,5,6,4,6,0,2,2,1,1,4,3,0,1,0,0,0
10018010053,明湖里,男,3048,96,12,21,15,22,26,163,25,35,34,34,35,193,33,47,30,43,40,177,32,26,40,42,37,160,35,29,33,27,36,235,45,39,34,45,72,258,60,56,51,51,40,217,38,48,57,35,39,255,35,42,47,73,58,359,67,74,78,63,77,251,60,50,47,45,49,210,45,39,50,40,36,165,35,37,33,34,26,139,32,28,33,22,24,92,20,21,13,20,18,47,13,13,6,8,7,19,4,4,8,1,2,10,2,5,0,2,1,0,0,0,0,0,0,2,2,0,0,0,0,0
10018010053,明湖里,女,3155,99,17,18,17,19,28,150,28,29,33,25,35,180,45,35,30,39,31,173,34,38,35,36,30,154,35,19,35,36,29,189,44,37,30,34,44,201,41,50,32,37,41,217,41,47,45,32,52,310,39,58,75,61,77,360,64,78,81,70,67,280,64,51,63,58,44,234,59,51,48,45,31,198,38,43,40,41,36,160,34,31,36,31,28,119,18,37,19,21,24,76,21,18,21,13,3,26,4,5,9,6,2,21,7,2,5,4,3,6,0,2,2,1,1,2,1,0,1,0,0,0
10018010054,關新里,計,6085,231,31,37,52,49,62,564,92,106,122,116,128,746,153,144,138,168,143,513,121,115,102,102,73,286,71,63,50,52,50,185,49,33,30,32,41,157,30,34,21,35,37,334,57,41,66,74,96,717,89,121,144,159,204,1006,193,220,226,186,181,660,166,147,136,126,85,274,73,72,47,41,41,151,33,35,31,29,23,85,19,14,12,19,21,86,21,13,16,19,17,53,14,10,15,9,5,19,2,2,4,7,4,11,3,0,2,4,2,6,3,0,1,0,2,1,0,0,1,0,0,0
10018010054,關新里,男,3036,128,16,17,31,29,35,279,45,54,56,61,63,384,84,72,70,84,74,268,70,57,49,61,31,146,38,32,18,28,30,92,22,20,15,16,19,80,18,15,11,19,17,151,23,13,32,33,50,330,39,52,73,74,92,503,93,97,113,97,103,352,86,76,76,69,45,145,40,35,25,22,23,75,17,18,15,15,10,29,6,8,3,5,7,39,10,5,9,7,8,22,6,5,7,3,1,6,0,0,2,3,1,4,1,0,1,2,0,3,2,0,0,0,1,0,0,0,0,0,0,0
10018010054,關新里,女,3049,103,15,20,21,20,27,285,47,52,66,55,65,362,69,72,68,84,69,245,51,58,53,41,42,140,33,31,32,24,20,93,27,13,15,16,22,77,12,19,10,16,20,183,34,28,34,41,46,387,50,69,71,85,112,503,100,123,113,89,78,308,80,71,60,57,40,129,33,37,22,19,18,76,16,17,16,14,13,56,13,6,9,14,14,47,11,8,7,12,9,31,8,5,8,6,4,13,2,2,2,4,3,7,2,0,1,2,2,3,1,0,1,0,1,1,0,0,1,0,0,0
10018020,北區,計,154243,5031,758,1018,1092,1018,1145,6692,1238,1357,1281,1404,1412,7780,1468,1524,1453,1697,1638,7327,1303,1430,1515,1602,1477,7850,1504,1503,1449,1669,1725,9651,1908,1808,1813,1993,2129,10626,2151,2127,2127,2078,2143,10868,2226,2226,2233,2114,2069,12874,2210,2404,2667,2722,2871,14291,3001,2924,2824,2648,2894,11649,2404,2366,2287,2281,2311,11253,2284,2374,2282,2239,2074,10485,2123,2136,2037,2145,2044,9156,1910,1917,1943,1752,1634,7985,1689,1685,1638,1437,1536,5086,1275,1125,1064,834,788,2758,485,590,599,570,514,1876,491,452,367,317,249,736,224,173,144,118,77,237,83,53,44,39,18,32
10018020,北區,男,75098,2555,385,543,563,512,552,3449,632,715,654,727,721,3977,731,780,765,850,851,3829,671,744,835,846,733,4100,799,764,735,888,914,4902,990,916,920,1019,1057,5519,1105,1086,1088,1086,1154,5522,1166,1134,1130,1089,1003,6240,1123,1194,1266,1269,1388,6963,1471,1423,1395,1264,1410,5586,1165,1132,1125,1052,1112,5355,1101,1126,1059,1070,999,5024,1040,1030,983,1010,961,4138,892,846,890,815,695,3559,764,733,756,629,677,2240,577,491,464,365,343,1080,202,218,254,228,178,669,180,158,126,103,102,273,83,60,59,43,28,103,37,19,19,17,11,15
10018020,北區,女,79145,2476,373,475,529,506,593,3243,606,642,627,677,691,3803,737,744,688,847,787,3498,632,686,680,756,744,3750,705,739,714,781,811,4749,918,892,893,974,1072,5107,1046,1041,1039,992,989,5346,1060,1092,1103,1025,1066,6634,1087,1210,1401,1453,1483,7328,1530,1501,1429,1384,1484,6063,1239,1234,1162,1229,1199,5898,1183,1248,1223,1169,1075,5461,1083,1106,1054,1135,1083,5018,1018,1071,1053,937,939,4426,925,952,882,808,859,2846,698,634,600,469,445,1678,283,372,345,342,336,1207,311,294,241,214,147,463,141,113,85,75,49,134,46,34,25,22,7,17
10018020001,西門里,計,645,23,2,4,5,4,8,18,5,3,4,3,3,20,1,1,6,5,7,25,2,6,4,10,3,30,4,7,5,6,8,31,8,5,6,6,6,35,5,9,11,5,5,44,12,13,6,6,7,70,16,14,14,9,17,50,12,7,13,12,6,53,12,15,8,9,9,46,9,8,9,11,9,37,8,9,4,4,12,55,10,12,12,8,13,53,14,13,6,7,13,25,3,6,5,5,6,9,2,1,2,3,1,11,1,1,4,4,1,9,2,4,1,0,2,1,0,0,1,0,0,0
10018020001,西門里,男,344,13,1,2,2,2,6,11,3,2,2,2,2,11,0,1,3,3,4,10,0,2,2,5,1,13,2,3,1,3,4,19,3,5,5,4,2,18,2,5,4,3,4,26,9,4,5,3,5,41,8,10,8,6,9,24,8,3,5,4,4,30,9,10,4,4,3,22,4,2,4,7,5,19,6,5,1,1,6,30,7,4,7,4,8,29,8,6,3,6,6,16,3,4,2,4,3,5,1,0,2,2,0,3,1,0,1,1,0,3,2,1,0,0,0,1,0,0,1,0,0,0
10018020001,西門里,女,301,10,1,2,3,2,2,7,2,1,2,1,1,9,1,0,3,2,3,15,2,4,2,5,2,17,2,4,4,3,4,12,5,0,1,2,4,17,3,4,7,2,1,18,3,9,1,3,2,29,8,4,6,3,8,26,4,4,8,8,2,23,3,5,4,5,6,24,5,6,5,4,4,18,2,4,3,3,6,25,3,8,5,4,5,24,6,7,3,1,7,9,0,2,3,1,3,4,1,1,0,1,1,8,0,1,3,3,1,6,0,3,1,0,2,0,0,0,0,0,0,0
10018020002,仁德里,計,778,16,2,5,4,2,3,23,7,5,3,5,3,29,6,5,8,4,6,27,4,5,2,8,8,48,9,7,14,9,9,43,10,6,9,7,11,56,7,16,7,12,14,47,9,9,12,11,6,64,13,13,10,13,15,59,10,14,11,9,15,56,13,10,12,10,11,64,6,14,14,18,12,63,12,15,15,7,14,48,9,12,4,12,11,49,12,7,11,11,8,45,12,8,12,7,6,18,4,2,2,5,5,12,3,3,2,1,3,9,2,3,3,0,1,2,1,0,1,0,0,0
10018020002,仁德里,男,374,8,1,2,3,0,2,13,3,3,3,4,0,17,2,3,5,4,3,14,2,3,1,3,5,16,5,1,5,2,3,23,5,5,6,1,6,25,4,7,3,5,6,22,3,6,5,4,4,33,7,8,2,7,9,29,5,7,6,5,6,25,8,3,5,4,5,28,1,5,7,7,8,35,6,9,11,3,6,26,4,8,2,5,7,26,6,3,7,7,3,20,6,1,5,6,2,6,1,1,1,2,1,4,1,1,1,0,1,4,1,2,0,0,1,0,0,0,0,0,0,0
10018020002,仁德里,女,404,8,1,3,1,2,1,10,4,2,0,1,3,12,4,2,3,0,3,13,2,2,1,5,3,32,4,6,9,7,6,20,5,1,3,6,5,31,3,9,4,7,8,25,6,3,7,7,2,31,6,5,8,6,6,30,5,7,5,4,9,31,5,7,7,6,6,36,5,9,7,11,4,28,6,6,4,4,8,22,5,4,2,7,4,23,6,4,4,4,5,25,6,7,7,1,4,12,3,1,1,3,4,8,2,2,1,1,2,5,1,1,3,0,0,2,1,0,1,0,0,0
10018020003,潛園里,計,766,22,5,3,4,7,3,29,6,7,7,5,4,10,1,2,2,1,4,32,2,6,8,7,9,32,5,6,3,10,8,48,10,16,3,12,7,47,7,11,9,8,12,44,11,9,10,9,5,59,11,10,12,19,7,53,12,11,12,9,9,48,17,9,8,4,10,64,11,9,19,13,12,63,13,10,13,10,17,62,13,13,10,12,14,60,12,13,7,16,12,38,11,8,5,6,8,20,1,6,3,5,5,22,5,5,3,2,7,8,2,4,0,1,1,4,3,1,0,0,0,1
10018020003,潛園里,男,387,8,1,2,1,2,2,11,4,2,2,1,2,2,0,0,0,0,2,21,1,5,5,5,5,14,0,5,0,5,4,29,7,12,1,4,5,26,3,5,7,4,7,22,4,5,4,4,5,33,8,4,6,13,2,24,3,8,5,2,6,26,6,8,4,1,7,30,5,4,6,10,5,38,9,5,6,8,10,36,5,8,7,7,9,26,4,5,4,5,8,22,5,6,3,5,3,9,0,4,2,1,2,6,0,3,1,0,2,3,1,2,0,0,0,1,1,0,0,0,0,0
10018020003,潛園里,女,379,14,4,1,3,5,1,18,2,5,5,4,2,8,1,2,2,1,2,11,1,1,3,2,4,18,5,1,3,5,4,19,3,4,2,8,2,21,4,6,2,4,5,22,7,4,6,5,0,26,3,6,6,6,5,29,9,3,7,7,3,22,11,1,4,3,3,34,6,5,13,3,7,25,4,5,7,2,7,26,8,5,3,5,5,34,8,8,3,11,4,16,6,2,2,1,5,11,1,2,1,4,3,16,5,2,2,2,5,5,1,2,0,1,1,3,2,1,0,0,0,1
10018020004,中央里,計,422,20,3,2,6,4,5,10,1,2,0,6,1,7,2,2,1,1,1,10,0,3,2,2,3,13,2,2,3,0,6,26,5,5,6,4,6,23,3,6,4,6,4,39,7,11,9,6,6,25,2,3,7,7,6,20,2,3,6,5,4,29,5,8,3,7,6,37,9,6,5,10,7,28,6,4,10,4,4,35,6,6,7,13,3,34,9,8,9,4,4,30,10,9,2,5,4,20,1,3,5,5,6,10,4,1,0,2,3,2,0,1,1,0,0,4,3,0,0,1,0,0
10018020004,中央里,男,218,9,1,1,4,1,2,5,1,0,0,3,1,5,1,2,1,1,0,3,0,1,1,1,0,8,1,1,2,0,4,13,2,2,3,2,4,12,2,2,2,4,2,23,2,7,8,4,2,10,1,2,2,3,2,8,0,3,3,0,2,15,5,2,2,2,4,23,6,5,3,4,5,13,3,1,4,2,3,17,3,2,4,6,2,18,7,3,3,2,3,15,6,4,2,3,0,14,1,2,4,4,3,5,1,1,0,2,1,1,0,0,1,0,0,1,1,0,0,0,0,0
10018020004,中央里,女,204,11,2,1,2,3,3,5,0,2,0,3,0,2,1,0,0,0,1,7,0,2,1,1,3,5,1,1,1,0,2,13,3,3,3,2,2,11,1,4,2,2,2,16,5,4,1,2,4,15,1,1,5,4,4,12,2,0,3,5,2,14,0,6,1,5,2,14,3,1,2,6,2,15,3,3,6,2,1,18,3,4,3,7,1,16,2,5,6,2,1,15,4,5,0,2,4,6,0,1,1,1,3,5,3,0,0,0,2,1,0,1,0,0,0,3,2,0,0,1,0,0
10018020005,崇禮里,計,1137,21,3,4,4,6,4,31,7,9,6,6,3,24,4,7,4,6,3,35,3,8,10,8,6,76,20,16,10,12,18,73,11,16,15,9,22,66,15,13,11,14,13,68,18,15,11,14,10,80,18,17,11,17,17,88,19,18,17,19,15,66,10,17,14,11,14,95,17,21,23,18,16,98,31,17,7,17,26,92,15,21,18,15,23,76,13,18,16,15,14,61,14,14,10,13,10,39,5,13,4,8,9,23,7,5,5,5,1,18,4,7,4,1,2,5,1,2,1,0,1,2
10018020005,崇禮里,男,591,15,3,3,3,5,1,20,2,6,4,6,2,16,3,4,2,5,2,19,1,6,7,3,2,38,11,6,3,8,10,41,8,5,8,4,16,34,8,7,5,6,8,41,14,10,7,5,5,44,10,8,4,11,11,39,10,5,9,8,7,30,5,8,5,5,7,46,8,10,13,5,10,59,19,10,2,13,15,36,5,7,9,4,11,45,9,7,10,11,8,33,7,9,7,6,4,16,2,4,1,4,5,8,2,3,1,2,0,8,4,1,2,1,0,2,1,1,0,0,0,1
10018020005,崇禮里,女,546,6,0,1,1,1,3,11,5,3,2,0,1,8,1,3,2,1,1,16,2,2,3,5,4,38,9,10,7,4,8,32,3,11,7,5,6,32,7,6,6,8,5,27,4,5,4,9,5,36,8,9,7,6,6,49,9,13,8,11,8,36,5,9,9,6,7,49,9,11,10,13,6,39,12,7,5,4,11,56,10,14,9,11,12,31,4,11,6,4,6,28,7,5,3,7,6,23,3,9,3,4,4,15,5,2,4,3,1,10,0,6,2,0,2,3,0,1,1,0,1,1
10018020006,石坊里,計,574,15,0,1,5,2,7,15,3,2,3,2,5,9,0,1,2,3,3,16,0,1,3,8,4,33,5,7,9,2,10,32,6,7,4,7,8,36,9,7,6,9,5,36,2,12,8,9,5,52,10,10,12,11,9,41,11,7,9,6,8,55,13,11,11,10,10,45,12,10,10,4,9,51,8,13,14,8,8,38,2,11,9,8,8,34,5,9,9,7,4,29,8,6,6,5,4,13,3,1,3,4,2,17,4,3,2,4,4,5,2,1,1,0,1,2,0,0,2,0,0,0
10018020006,石坊里,男,257,7,0,1,1,2,3,8,2,1,1,2,2,4,0,0,1,2,1,10,0,1,3,5,1,17,3,4,5,1,4,15,1,4,2,4,4,15,3,3,2,4,3,14,0,3,3,6,2,20,3,5,7,3,2,19,4,6,2,4,3,27,5,5,6,5,6,18,2,4,4,3,5,28,3,8,10,3,4,16,0,4,3,6,3,16,3,3,4,4,2,14,5,3,3,1,2,3,2,0,0,0,1,5,1,1,2,1,0,0,0,0,0,0,0,1,0,0,1,0,0,0
10018020006,石坊里,女,317,8,0,0,4,0,4,7,1,1,2,0,3,5,0,1,1,1,2,6,0,0,0,3,3,16,2,3,4,1,6,17,5,3,2,3,4,21,6,4,4,5,2,22,2,9,5,3,3,32,7,5,5,8,7,22,7,1,7,2,5,28,8,6,5,5,4,27,10,6,6,1,4,23,5,5,4,5,4,22,2,7,6,2,5,18,2,6,5,3,2,15,3,3,3,4,2,10,1,1,3,4,1,12,3,2,0,3,4,5,2,1,1,0,1,1,0,0,1,0,0,0
10018020007,興南里,計,1588,84,12,12,20,19,21,89,25,28,17,12,7,49,7,10,5,18,9,66,15,12,10,13,16,72,17,16,12,16,11,102,20,14,14,27,27,97,26,16,18,17,20,119,27,21,26,25,20,122,14,31,28,22,27,129,22,25,27,27,28,116,22,29,21,21,23,115,27,30,21,25,12,85,16,18,15,17,19,99,14,19,27,19,20,94,13,20,21,15,25,71,20,12,14,12,13,31,6,5,5,7,8,34,5,8,5,12,4,7,0,3,1,2,1,5,1,1,2,1,0,2
10018020007,興南里,男,722,40,5,6,11,9,9,48,14,16,12,2,4,21,3,5,0,10,3,41,10,11,7,7,6,35,9,8,9,2,7,45,9,5,4,16,11,45,13,6,7,11,8,56,12,13,14,12,5,50,6,9,8,11,16,63,12,13,11,16,11,44,11,13,7,7,6,49,12,8,13,11,5,48,8,10,11,9,10,39,4,10,7,10,8,39,5,10,7,5,12,29,6,8,6,4,5,15,3,3,3,2,4,13,3,4,3,3,0,0,0,0,0,0,0,2,1,0,1,0,0,0
10018020007,興南里,女,866,44,7,6,9,10,12,41,11,12,5,10,3,28,4,5,5,8,6,25,5,1,3,6,10,37,8,8,3,14,4,57,11,9,10,11,16,52,13,10,11,6,12,63,15,8,12,13,15,72,8,22,20,11,11,66,10,12,16,11,17,72,11,16,14,14,17,66,15,22,8,14,7,37,8,8,4,8,9,60,10,9,20,9,12,55,8,10,14,10,13,42,14,4,8,8,8,16,3,2,2,5,4,21,2,4,2,9,4,7,0,3,1,2,1,3,0,1,1,1,0,2
10018020008,北門里,計,1098,33,2,8,9,3,11,42,12,7,8,9,6,49,10,9,13,11,6,37,7,9,8,5,8,65,11,18,13,11,12,57,12,12,13,9,11,64,18,13,10,10,13,66,9,14,17,12,14,88,10,18,22,17,21,89,17,17,15,18,22,95,25,13,16,21,20,79,21,13,14,12,19,85,19,14,17,18,17,70,16,11,18,13,12,66,16,14,10,12,14,42,12,8,11,7,4,34,4,5,7,10,8,21,3,6,3,7,2,14,6,3,2,2,1,2,0,0,1,0,1,0
10018020008,北門里,男,555,11,0,4,5,1,1,23,5,5,4,4,5,24,4,4,10,4,2,19,3,4,2,4,6,31,6,7,6,7,5,27,7,8,5,4,3,30,7,5,6,5,7,36,4,9,9,7,7,49,6,10,15,6,12,48,10,13,5,9,11,59,15,9,10,13,12,48,15,7,8,8,10,43,12,8,9,9,5,37,10,4,7,9,7,31,9,9,3,2,8,15,4,3,3,2,3,11,1,2,2,4,2,8,1,1,1,3,2,5,3,1,1,0,0,0,0,0,0,0,0,0
10018020008,北門里,女,543,22,2,4,4,2,10,19,7,2,4,5,1,25,6,5,3,7,4,18,4,5,6,1,2,34,5,11,7,4,7,30,5,4,8,5,8,34,11,8,4,5,6,30,5,5,8,5,7,39,4,8,7,11,9,41,7,4,10,9,11,36,10,4,6,8,8,31,6,6,6,4,9,42,7,6,8,9,12,33,6,7,11,4,5,35,7,5,7,10,6,27,8,5,8,5,1,23,3,3,5,6,6,13,2,5,2,4,0,9,3,2,1,2,1,2,0,0,1,0,1,0
10018020009,中興里,計,1086,42,8,9,6,6,13,46,11,6,6,13,10,51,12,10,9,14,6,65,13,9,11,17,15,42,7,6,9,11,9,53,14,15,10,4,10,78,10,14,14,20,20,74,8,17,15,18,16,103,20,15,21,21,26,118,27,21,19,17,34,89,21,15,19,14,20,64,13,14,15,13,9,64,17,8,15,14,10,50,8,10,10,8,14,57,11,12,12,15,7,42,14,6,10,8,4,23,3,6,4,6,4,14,3,1,5,1,4,8,1,2,3,0,2,3,0,1,1,1,0,0
10018020009,中興里,男,544,23,6,5,4,3,5,24,5,2,4,9,4,27,6,4,6,6,5,31,4,5,7,8,7,25,5,4,6,6,4,31,6,9,6,2,8,42,5,4,7,13,13,40,4,10,9,8,9,56,12,6,13,13,12,54,11,12,9,9,13,42,8,6,13,7,8,29,8,6,6,5,4,31,7,5,6,9,4,24,3,5,6,5,5,22,3,5,6,7,1,17,6,2,4,2,3,13,3,3,2,4,1,7,1,0,4,1,1,4,0,1,2,0,1,2,0,1,0,1,0,0
10018020009,中興里,女,542,19,2,4,2,3,8,22,6,4,2,4,6,24,6,6,3,8,1,34,9,4,4,9,8,17,2,2,3,5,5,22,8,6,4,2,2,36,5,10,7,7,7,34,4,7,6,10,7,47,8,9,8,8,14,64,16,9,10,8,21,47,13,9,6,7,12,35,5,8,9,8,5,33,10,3,9,5,6,26,5,5,4,3,9,35,8,7,6,8,6,25,8,4,6,6,1,10,0,3,2,2,3,7,2,1,1,0,3,4,1,1,1,0,1,1,0,0,1,0,0,0
10018020010,大同里,計,1006,43,4,5,11,11,12,89,12,24,17,19,17,97,17,28,17,19,16,55,13,12,16,7,7,32,7,7,5,4,9,47,9,13,8,10,7,47,16,8,8,8,7,62,6,15,9,16,16,88,18,14,19,14,23,60,17,16,9,10,8,53,7,11,7,12,16,70,12,17,13,15,13,61,17,16,8,9,11,57,10,15,17,10,5,51,12,11,15,4,9,44,8,13,8,8,7,18,2,2,5,4,5,23,4,8,5,3,3,7,3,0,1,3,0,1,1,0,0,0,0,1
10018020010,大同里,男,466,24,2,3,9,6,4,48,7,11,11,8,11,45,10,12,7,9,7,27,6,7,7,4,3,13,4,3,3,0,3,18,3,5,4,2,4,23,9,4,4,4,2,27,3,10,5,5,4,45,9,5,11,9,11,19,7,5,3,3,1,23,5,4,1,4,9,33,6,11,6,6,4,23,7,8,3,2,3,24,3,6,10,3,2,28,10,5,6,3,4,23,5,6,7,2,3,7,0,1,3,1,2,12,1,5,2,1,3,2,1,0,0,1,0,1,1,0,0,0,0,1
10018020010,大同里,女,540,19,2,2,2,5,8,41,5,13,6,11,6,52,7,16,10,10,9,28,7,5,9,3,4,19,3,4,2,4,6,29,6,8,4,8,3,24,7,4,4,4,5,35,3,5,4,11,12,43,9,9,8,5,12,41,10,11,6,7,7,30,2,7,6,8,7,37,6,6,7,9,9,38,10,8,5,7,8,33,7,9,7,7,3,23,2,6,9,1,5,21,3,7,1,6,4,11,2,1,2,3,3,11,3,3,3,2,0,5,2,0,1,2,0,0,0,0,0,0,0,0
10018020011,中山里,計,1090,46,2,13,11,7,13,64,13,17,9,11,14,81,18,15,16,17,15,46,8,9,13,8,8,48,8,9,8,14,9,63,9,15,11,15,13,66,23,11,12,8,12,65,10,13,14,12,16,80,14,18,11,17,20,94,21,17,19,17,20,66,12,13,15,14,12,78,10,17,19,19,13,81,15,15,17,11,23,62,10,20,14,11,7,51,10,6,15,8,12,45,15,10,10,5,5,21,2,3,10,3,3,18,6,4,5,1,2,8,1,1,4,2,0,5,1,0,2,1,1,2
10018020011,中山里,男,518,17,1,5,5,1,5,36,7,12,3,7,7,39,10,10,6,6,7,22,6,6,6,2,2,27,4,6,5,8,4,28,6,6,7,4,5,32,10,7,6,4,5,30,7,4,6,6,7,37,6,5,5,12,9,38,7,5,8,10,8,28,4,3,8,8,5,35,4,7,8,8,8,44,12,10,6,6,10,33,4,12,7,6,4,32,6,3,10,6,7,15,5,4,4,1,1,5,0,1,3,1,0,14,5,3,4,0,2,2,1,0,0,1,0,3,1,0,1,0,1,1
10018020011,中山里,女,572,29,1,8,6,6,8,28,6,5,6,4,7,42,8,5,10,11,8,24,2,3,7,6,6,21,4,3,3,6,5,35,3,9,4,11,8,34,13,4,6,4,7,35,3,9,8,6,9,43,8,13,6,5,11,56,14,12,11,7,12,38,8,10,7,6,7,43,6,10,11,11,5,37,3,5,11,5,13,29,6,8,7,5,3,19,4,3,5,2,5,30,10,6,6,4,4,16,2,2,7,2,3,4,1,1,1,1,0,6,0,1,4,1,0,2,0,0,1,1,0,1
10018020012,長和里,計,1648,61,10,13,12,10,16,93,17,18,14,18,26,88,16,25,13,16,18,66,12,19,15,11,9,81,20,10,12,19,20,92,20,12,18,19,23,106,19,20,20,19,28,108,23,20,23,17,25,134,24,23,31,28,28,147,27,34,30,32,24,119,33,20,21,17,28,110,16,24,31,16,23,105,25,17,23,21,19,105,24,15,28,17,21,99,26,18,16,13,26,64,14,14,10,12,14,31,4,4,9,6,8,29,6,7,6,5,5,9,2,3,1,1,2,1,0,1,0,0,0,0
10018020012,長和里,男,815,32,6,7,5,5,9,53,9,8,9,11,16,52,11,12,8,8,13,41,7,10,12,6,6,44,11,4,6,14,9,52,10,5,10,13,14,58,11,9,12,11,15,48,12,9,12,8,7,52,9,13,8,14,8,65,14,16,12,10,13,61,21,10,8,6,16,60,9,15,18,8,10,50,16,8,7,12,7,49,15,8,10,8,8,43,11,7,7,6,12,31,9,5,4,5,8,10,3,0,3,1,3,12,2,3,1,2,4,2,0,1,0,0,1,0,0,0,0,0,0,0
10018020012,長和里,女,833,29,4,6,7,5,7,40,8,10,5,7,10,36,5,13,5,8,5,25,5,9,3,5,3,37,9,6,6,5,11,40,10,7,8,6,9,48,8,11,8,8,13,60,11,11,11,9,18,82,15,10,23,14,20,82,13,18,18,22,11,58,12,10,13,11,12,50,7,9,13,8,13,55,9,9,16,9,12,56,9,7,18,9,13,56,15,11,9,7,14,33,5,9,6,7,6,21,1,4,6,5,5,17,4,4,5,3,1,7,2,2,1,1,1,1,0,1,0,0,0,0
10018020013,新民里,計,1853,68,6,13,17,13,19,100,20,27,17,19,17,91,21,14,18,15,23,70,14,14,15,16,11,75,10,15,11,23,16,109,30,26,16,19,18,117,25,25,25,18,24,142,31,21,34,32,24,153,25,22,31,36,39,165,39,33,36,21,36,116,22,26,23,18,27,132,27,21,28,28,28,127,31,30,19,31,16,127,23,31,27,30,16,123,29,24,22,26,22,63,19,16,13,6,9,29,4,6,5,7,7,31,10,5,5,7,4,14,3,4,2,3,2,0,0,0,0,0,0,1
10018020013,新民里,男,877,41,3,6,10,9,13,51,11,16,5,11,8,44,10,3,9,9,13,35,9,5,10,9,2,38,6,6,6,12,8,51,16,13,7,6,9,56,9,16,10,9,12,63,13,10,16,13,11,78,17,12,16,19,14,76,19,15,14,12,16,48,9,13,9,11,6,69,18,9,14,11,17,62,18,12,11,14,7,57,10,11,17,13,6,57,16,11,11,8,11,26,8,4,9,2,3,11,1,3,2,2,3,11,6,1,2,0,2,3,0,2,1,0,0,0,0,0,0,0,0,0
10018020013,新民里,女,976,27,3,7,7,4,6,49,9,11,12,8,9,47,11,11,9,6,10,35,5,9,5,7,9,37,4,9,5,11,8,58,14,13,9,13,9,61,16,9,15,9,12,79,18,11,18,19,13,75,8,10,15,17,25,89,20,18,22,9,20,68,13,13,14,7,21,63,9,12,14,17,11,65,13,18,8,17,9,70,13,20,10,17,10,66,13,13,11,18,11,37,11,12,4,4,6,18,3,3,3,5,4,20,4,4,3,7,2,11,3,2,1,3,2,0,0,0,0,0,0,1
10018020014,民富里,計,5660,191,32,32,32,51,44,381,74,71,70,84,82,337,66,84,60,69,58,255,58,50,52,48,47,279,48,55,51,55,70,337,65,70,61,67,74,338,72,67,73,61,65,355,85,74,61,70,65,438,72,84,94,100,88,535,124,91,101,108,111,409,87,90,65,90,77,382,77,66,87,75,77,334,65,61,73,62,73,332,62,77,68,72,53,308,59,70,67,54,58,208,50,48,36,39,35,139,24,17,31,33,34,62,15,19,7,12,9,29,13,4,4,6,2,11,2,2,2,4,1,0
10018020014,民富里,男,2802,94,18,17,21,17,21,200,40,38,36,46,40,171,30,42,31,36,32,125,29,24,26,22,24,151,26,27,33,27,38,175,22,45,31,36,41,167,39,26,35,30,37,187,46,41,35,33,32,214,34,40,49,48,43,269,60,46,49,51,63,214,45,46,34,50,39,201,41,37,49,32,42,158,33,31,39,25,30,147,29,32,32,31,23,136,22,32,36,26,20,94,23,21,18,16,16,64,14,6,13,19,12,18,6,6,3,2,1,13,3,2,3,3,2,4,1,1,1,1,0,0
10018020014,民富里,女,2858,97,14,15,11,34,23,181,34,33,34,38,42,166,36,42,29,33,26,130,29,26,26,26,23,128,22,28,18,28,32,162,43,25,30,31,33,171,33,41,38,31,28,168,39,33,26,37,33,224,38,44,45,52,45,266,64,45,52,57,48,195,42,44,31,40,38,181,36,29,38,43,35,176,32,30,34,37,43,185,33,45,36,41,30,172,37,38,31,28,38,114,27,27,18,23,19,75,10,11,18,14,22,44,9,13,4,10,8,16,10,2,1,3,0,7,1,1,1,3,1,0
10018020015,水田里,計,3930,119,22,25,21,23,28,179,24,29,34,43,49,223,41,49,49,34,50,171,26,36,28,39,42,187,38,31,31,42,45,248,53,37,52,52,54,253,65,45,50,40,53,251,50,47,50,43,61,287,65,57,54,61,50,307,80,62,51,46,68,296,56,54,62,54,70,296,73,60,50,52,61,315,73,55,66,75,46,257,59,42,58,49,49,192,33,37,44,35,43,145,34,25,37,22,27,81,15,15,20,18,13,74,23,22,12,10,7,40,17,10,6,6,1,9,3,4,1,1,0,0
10018020015,水田里,男,1893,71,15,17,13,16,10,84,10,12,21,20,21,117,24,28,23,14,28,86,11,18,19,21,17,90,16,17,16,23,18,127,30,19,27,29,22,136,34,21,29,23,29,116,27,22,24,18,25,131,27,32,24,19,29,143,44,30,16,24,29,137,22,18,35,23,39,136,32,33,21,21,29,149,41,25,34,30,19,124,37,17,26,25,19,99,17,20,22,17,23,68,15,11,19,8,15,30,4,8,8,5,5,29,10,9,2,3,5,18,8,5,1,3,1,2,1,1,0,0,0,0
10018020015,水田里,女,2037,48,7,8,8,7,18,95,14,17,13,23,28,106,17,21,26,20,22,85,15,18,9,18,25,97,22,14,15,19,27,121,23,18,25,23,32,117,31,24,21,17,24,135,23,25,26,25,36,156,38,25,30,42,21,164,36,32,35,22,39,159,34,36,27,31,31,160,41,27,29,31,32,166,32,30,32,45,27,133,22,25,32,24,30,93,16,17,22,18,20,77,19,14,18,14,12,51,11,7,12,13,8,45,13,13,10,7,2,22,9,5,5,3,0,7,2,3,1,1,0,0
10018020016,文雅里,計,4718,107,19,19,25,22,22,164,29,17,42,39,37,280,49,57,48,64,62,251,51,51,51,51,47,235,52,36,37,56,54,286,51,53,71,52,59,327,66,61,75,66,59,270,58,49,57,58,48,373,64,70,78,83,78,410,86,81,74,68,101,357,76,67,77,74,63,374,64,70,69,98,73,315,70,73,57,52,63,296,62,73,72,47,42,224,50,44,40,46,44,182,38,38,29,38,39,129,21,31,24,21,32,91,15,19,25,22,10,40,13,9,6,7,5,7,2,2,0,3,0,0
10018020016,文雅里,男,2246,52,9,6,16,10,11,88,16,5,24,21,22,150,22,33,29,30,36,134,23,31,27,29,24,115,18,21,17,32,27,127,23,28,30,20,26,176,35,35,40,30,36,131,26,27,31,30,17,174,33,28,38,35,40,207,43,41,41,40,42,177,43,36,37,36,25,173,30,36,28,43,36,142,34,30,30,22,26,121,21,30,36,21,13,99,27,22,16,19,15,78,14,19,9,22,14,52,8,14,9,9,12,28,2,4,8,10,4,21,6,7,4,2,2,1,0,0,0,1,0,0
10018020016,文雅里,女,2472,55,10,13,9,12,11,76,13,12,18,18,15,130,27,24,19,34,26,117,28,20,24,22,23,120,34,15,20,24,27,159,28,25,41,32,33,151,31,26,35,36,23,139,32,22,26,28,31,199,31,42,40,48,38,203,43,40,33,28,59,180,33,31,40,38,38,201,34,34,41,55,37,173,36,43,27,30,37,175,41,43,36,26,29,125,23,22,24,27,29,104,24,19,20,16,25,77,13,17,15,12,20,63,13,15,17,12,6,19,7,2,2,5,3,6,2,2,0,2,0,0
10018020017,光田里,計,2335,59,9,14,12,11,13,68,9,12,12,9,26,118,24,25,21,27,21,107,16,22,15,27,27,113,23,20,22,25,23,157,24,29,31,47,26,140,28,25,35,19,33,142,29,32,26,33,22,156,22,39,35,30,30,190,30,41,46,43,30,181,43,31,33,33,41,170,41,30,33,33,33,174,34,40,29,35,36,153,34,24,34,36,25,133,30,33,25,17,28,127,34,23,20,25,25,70,11,17,18,8,16,51,10,12,12,11,6,21,3,7,6,2,3,5,3,0,2,0,0,0
10018020017,光田里,男,1163,34,5,9,6,5,9,36,3,9,8,5,11,62,14,12,12,14,10,55,8,10,3,19,15,60,11,11,12,11,15,89,15,16,14,29,15,79,15,13,21,13,17,75,16,12,12,22,13,74,11,20,13,12,18,98,20,25,21,18,14,84,18,14,18,15,19,81,21,14,16,17,13,87,16,21,16,13,21,78,21,11,13,21,12,57,15,14,10,7,11,59,20,10,8,12,9,30,6,7,10,4,3,15,2,4,3,3,3,8,2,3,1,0,2,2,2,0,0,0,0,0
10018020017,光田里,女,1172,25,4,5,6,6,4,32,6,3,4,4,15,56,10,13,9,13,11,52,8,12,12,8,12,53,12,9,10,14,8,68,9,13,17,18,11,61,13,12,14,6,16,67,13,20,14,11,9,82,11,19,22,18,12,92,10,16,25,25,16,97,25,17,15,18,22,89,20,16,17,16,20,87,18,19,13,22,15,75,13,13,21,15,13,76,15,19,15,10,17,68,14,13,12,13,16,40,5,10,8,4,13,36,8,8,9,8,3,13,1,4,5,2,1,3,1,0,2,0,0,0
10018020018,士林里,計,2863,127,19,33,33,18,24,152,31,30,20,41,30,157,26,32,32,32,35,119,24,25,28,23,19,151,30,27,26,33,35,186,33,36,37,46,34,263,54,55,50,54,50,254,41,57,57,49,50,237,42,46,46,47,56,241,56,63,37,43,42,173,42,31,39,25,36,200,34,45,38,45,38,178,38,46,31,36,27,115,22,29,20,23,21,129,32,29,32,19,17,84,15,20,19,11,19,44,8,11,8,9,8,38,12,8,3,9,6,12,3,3,3,1,2,3,1,0,0,1,1,0
10018020018,士林里,男,1440,63,11,19,13,9,11,79,19,14,11,24,11,85,12,16,16,19,22,66,13,12,16,16,9,77,15,17,9,20,16,95,17,20,16,22,20,133,26,27,26,29,25,139,25,29,30,28,27,112,23,19,20,23,27,136,24,40,22,24,26,82,19,12,26,7,18,99,18,22,21,20,18,93,25,21,15,19,13,54,9,12,10,13,10,60,15,14,15,7,9,28,6,7,4,6,5,16,3,4,5,3,1,15,8,2,1,2,2,5,1,1,1,1,1,3,1,0,0,1,1,0
10018020018,士林里,女,1423,64,8,14,20,9,13,73,12,16,9,17,19,72,14,16,16,13,13,53,11,13,12,7,10,74,15,10,17,13,19,91,16,16,21,24,14,130,28,28,24,25,25,115,16,28,27,21,23,125,19,27,26,24,29,105,32,23,15,19,16,91,23,19,13,18,18,101,16,23,17,25,20,85,13,25,16,17,14,61,13,17,10,10,11,69,17,15,17,12,8,56,9,13,15,5,14,28,5,7,3,6,7,23,4,6,2,7,4,7,2,2,2,0,1,0,0,0,0,0,0,0
10018020019,福林里,計,4406,130,28,19,22,33,28,189,32,37,38,41,41,227,40,43,35,67,42,216,44,48,35,47,42,231,40,45,46,46,54,330,59,60,87,39,85,292,57,72,49,58,56,243,51,50,51,47,44,305,59,50,61,72,63,368,75,74,77,56,86,332,62,70,57,55,88,333,62,76,70,58,67,338,79,65,77,54,63,289,58,64,66,59,42,215,35,39,49,43,49,140,35,29,27,22,27,122,22,27,24,26,23,75,27,13,18,7,10,23,8,3,7,5,0,5,2,1,1,0,1,3
10018020019,福林里,男,2150,61,13,11,6,19,12,105,18,18,23,22,24,115,23,21,19,31,21,107,22,22,21,21,21,136,26,24,29,27,30,155,22,33,39,21,40,162,31,37,31,30,33,124,24,28,20,29,23,160,36,25,33,32,34,176,40,36,38,22,40,161,30,38,29,29,35,144,24,36,32,27,25,178,45,29,40,29,35,135,34,20,30,32,19,93,21,14,24,19,15,57,16,6,8,13,14,44,9,8,11,9,7,26,8,5,8,1,4,7,1,1,4,1,0,2,1,0,0,0,1,2
10018020019,福林里,女,2256,69,15,8,16,14,16,84,14,19,15,19,17,112,17,22,16,36,21,109,22,26,14,26,21,95,14,21,17,19,24,175,37,27,48,18,45,130,26,35,18,28,23,119,27,22,31,18,21,145,23,25,28,40,29,192,35,38,39,34,46,171,32,32,28,26,53,189,38,40,38,31,42,160,34,36,37,25,28,154,24,44,36,27,23,122,14,25,25,24,34,83,19,23,19,9,13,78,13,19,13,17,16,49,19,8,10,6,6,16,7,2,3,4,0,3,1,1,1,0,0,1
10018020020,古賢里,計,986,35,4,5,12,8,6,45,9,6,13,9,8,47,5,8,12,5,17,41,8,9,9,8,7,52,11,9,9,9,14,55,5,14,9,14,13,69,12,16,17,10,14,77,21,9,15,13,19,55,9,14,10,8,14,95,19,19,20,19,18,56,14,15,7,13,7,70,16,13,13,16,12,61,12,10,13,14,12,66,13,11,14,15,13,56,6,12,12,10,16,44,10,11,13,4,6,31,8,3,6,7,7,23,7,8,2,4,2,6,2,1,2,1,0,2,1,1,0,0,0,0
10018020020,古賢里,男,515,17,2,3,6,3,3,21,4,2,7,5,3,20,0,4,7,1,8,26,5,5,6,5,5,30,5,4,6,7,8,26,4,6,5,6,5,33,5,4,9,4,11,39,15,3,6,7,8,31,5,8,3,7,8,56,10,12,15,10,9,27,7,7,3,6,4,45,11,8,8,11,7,39,7,6,7,10,9,32,6,3,11,7,5,28,3,9,5,4,7,19,8,5,5,1,0,13,6,1,1,2,3,10,5,2,2,0,1,2,1,0,1,0,0,1,1,0,0,0,0,0
10018020020,古賢里,女,471,18,2,2,6,5,3,24,5,4,6,4,5,27,5,4,5,4,9,15,3,4,3,3,2,22,6,5,3,2,6,29,1,8,4,8,8,36,7,12,8,6,3,38,6,6,9,6,11,24,4,6,7,1,6,39,9,7,5,9,9,29,7,8,4,7,3,25,5,5,5,5,5,22,5,4,6,4,3,34,7,8,3,8,8,28,3,3,7,6,9,25,2,6,8,3,6,18,2,2,5,5,4,13,2,6,0,4,1,4,1,1,1,1,0,1,0,1,0,0,0,0
10018020021,湳雅里,計,3151,67,10,9,13,13,22,117,13,20,31,27,26,192,37,40,34,46,35,154,25,22,46,30,31,214,42,33,49,47,43,229,39,53,41,49,47,189,41,33,41,38,36,189,54,36,34,28,37,210,26,44,38,46,56,261,75,45,45,39,57,261,33,64,58,54,52,253,57,44,63,48,41,296,59,58,56,68,55,175,36,31,38,34,36,145,31,27,32,28,27,108,24,16,22,31,15,46,9,13,10,10,4,32,7,12,3,7,3,7,4,0,3,0,0,5,2,1,1,1,0,1
10018020021,湳雅里,男,1516,36,5,4,7,7,13,53,3,7,20,12,11,105,20,25,18,23,19,86,18,8,28,17,15,106,27,13,22,23,21,117,24,23,19,26,25,89,17,15,24,15,18,102,30,20,21,11,20,114,14,25,17,28,30,114,39,18,22,13,22,111,13,22,33,22,21,121,28,23,28,21,21,145,29,21,27,39,29,77,16,17,14,15,15,63,15,10,15,10,13,45,8,4,12,14,7,17,3,5,4,5,0,9,5,1,0,1,2,3,1,0,2,0,0,3,1,1,0,1,0,0
10018020021,湳雅里,女,1635,31,5,5,6,6,9,64,10,13,11,15,15,87,17,15,16,23,16,68,7,14,18,13,16,108,15,20,27,24,22,112,15,30,22,23,22,100,24,18,17,23,18,87,24,16,13,17,17,96,12,19,21,18,26,147,36,27,23,26,35,150,20,42,25,32,31,132,29,21,35,27,20,151,30,37,29,29,26,98,20,14,24,19,21,82,16,17,17,18,14,63,16,12,10,17,8,29,6,8,6,5,4,23,2,11,3,6,1,4,3,0,1,0,0,2,1,0,1,0,0,1
10018020022,舊社里,計,6947,190,22,45,41,39,43,294,48,56,61,65,64,424,72,93,77,90,92,324,70,55,77,51,71,393,74,65,93,81,80,459,91,90,91,99,88,464,109,94,99,75,87,474,91,126,89,77,91,544,81,107,129,105,122,613,129,124,109,119,132,483,107,99,86,92,99,571,96,119,119,122,115,516,111,100,97,109,99,438,99,88,115,64,72,364,76,81,75,57,75,223,50,58,52,33,30,84,13,18,14,22,17,61,21,11,16,10,3,22,11,5,1,3,2,5,2,1,1,1,0,1
10018020022,舊社里,男,3351,97,11,20,20,20,26,156,24,28,31,36,37,212,36,43,42,38,53,178,37,34,41,29,37,216,44,36,53,41,42,203,48,43,38,41,33,244,60,51,51,39,43,227,46,57,41,38,45,266,43,46,62,53,62,307,60,61,64,60,62,231,51,50,41,40,49,255,41,55,50,59,50,236,48,47,39,54,48,205,44,45,52,36,28,148,31,34,37,17,29,102,27,25,22,15,13,31,4,9,6,9,3,26,8,9,3,4,2,8,3,1,1,1,2,2,1,0,0,1,0,1
10018020022,舊社里,女,3596,93,11,25,21,19,17,138,24,28,30,29,27,212,36,50,35,52,39,146,33,21,36,22,34,177,30,29,40,40,38,256,43,47,53,58,55,220,49,43,48,36,44,247,45,69,48,39,46,278,38,61,67,52,60,306,69,63,45,59,70,252,56,49,45,52,50,316,55,64,69,63,65,280,63,53,58,55,51,233,55,43,63,28,44,216,45,47,38,40,46,121,23,33,30,18,17,53,9,9,8,13,14,35,13,2,13,6,1,14,8,4,0,2,0,3,1,1,1,0,0,0
10018020023,武陵里,計,5228,145,29,37,30,27,22,214,32,43,51,46,42,280,49,52,64,42,73,234,45,44,54,51,40,214,44,40,37,33,60,260,44,52,47,51,66,299,59,64,63,51,62,343,56,58,68,68,93,399,63,77,80,95,84,456,102,84,90,75,105,376,76,76,70,68,86,341,61,89,64,61,66,396,65,87,71,93,80,354,67,73,77,69,68,365,66,65,73,78,83,274,68,77,57,42,30,119,29,32,20,23,15,80,22,18,20,10,10,36,15,7,3,4,7,36,14,9,8,4,1,7
10018020023,武陵里,男,2474,77,13,21,17,13,13,121,21,24,29,20,27,154,32,33,32,22,35,126,22,25,33,29,17,109,22,21,18,18,30,133,24,30,25,23,31,152,31,28,34,29,30,165,28,30,33,32,42,214,32,39,46,56,41,225,48,40,55,35,47,172,36,37,30,35,34,162,31,45,22,31,33,186,32,44,31,35,44,138,31,25,31,27,24,151,30,25,32,31,33,118,34,30,23,17,14,31,9,5,9,5,3,17,7,2,3,2,3,10,5,2,1,1,1,11,4,1,2,4,0,2
10018020023,武陵里,女,2754,68,16,16,13,14,9,93,11,19,22,26,15,126,17,19,32,20,38,108,23,19,21,22,23,105,22,19,19,15,30,127,20,22,22,28,35,147,28,36,29,22,32,178,28,28,35,36,51,185,31,38,34,39,43,231,54,44,35,40,58,204,40,39,40,33,52,179,30,44,42,30,33,210,33,43,40,58,36,216,36,48,46,42,44,214,36,40,41,47,50,156,34,47,34,25,16,88,20,27,11,18,12,63,15,16,17,8,7,26,10,5,2,3,6,25,10,8,6,0,1,5
10018020024,南寮里,計,6828,189,40,45,33,41,30,210,34,46,42,55,33,221,47,30,45,46,53,319,42,62,60,83,72,397,58,79,76,80,104,450,85,92,91,85,97,509,111,101,108,105,84,455,96,88,86,97,88,605,103,104,140,118,140,681,159,127,138,129,128,595,137,101,117,119,121,526,125,115,86,106,94,472,91,104,83,113,81,436,96,92,97,80,71,356,71,84,70,66,65,179,45,32,52,30,20,135,25,30,27,27,26,60,19,18,9,8,6,26,5,8,8,1,4,7,1,6,0,0,0,0
10018020024,南寮里,男,3404,101,18,26,17,24,16,114,20,25,25,30,14,105,21,14,20,24,26,171,22,32,30,49,38,218,29,40,46,45,58,229,46,46,48,46,43,261,62,46,56,55,42,232,50,43,49,47,43,303,60,49,68,56,70,339,79,67,66,59,68,283,62,45,59,58,59,264,66,53,47,53,45,228,39,53,39,56,41,206,45,41,49,35,36,174,35,43,35,32,29,80,14,18,25,16,7,64,15,12,13,13,11,18,8,4,2,2,2,11,4,4,3,0,0,3,1,2,0,0,0,0
10018020024,南寮里,女,3424,88,22,19,16,17,14,96,14,21,17,25,19,116,26,16,25,22,27,148,20,30,30,34,34,179,29,39,30,35,46,221,39,46,43,39,54,248,49,55,52,50,42,223,46,45,37,50,45,302,43,55,72,62,70,342,80,60,72,70,60,312,75,56,58,61,62,262,59,62,39,53,49,244,52,51,44,57,40,230,51,51,48,45,35,182,36,41,35,34,36,99,31,14,27,14,13,71,10,18,14,14,15,42,11,14,7,6,4,15,1,4,5,1,4,4,0,4,0,0,0,0
10018020025,舊港里,計,588,13,3,3,2,3,2,14,1,4,4,5,0,13,1,1,4,4,3,14,3,2,3,4,2,36,4,7,8,2,15,45,8,11,8,11,7,23,3,6,3,3,8,37,4,4,12,10,7,43,14,7,8,8,6,49,7,9,13,8,12,45,4,9,15,9,8,44,8,14,8,10,4,54,10,7,11,17,9,55,14,14,14,8,5,44,9,10,15,5,5,27,4,4,9,5,5,13,1,4,4,0,4,14,1,5,3,2,3,4,2,0,1,1,0,1,0,0,0,1,0,0
10018020025,舊港里,男,325,7,2,1,2,1,1,4,1,1,0,2,0,8,1,0,3,1,3,5,2,0,1,0,2,22,1,6,4,1,10,30,6,9,4,8,3,13,2,4,2,0,5,25,2,4,6,8,5,21,8,3,3,4,3,27,5,5,8,3,6,30,3,7,8,5,7,28,6,9,4,5,4,24,5,4,3,8,4,26,7,5,7,4,3,28,5,5,11,3,4,12,1,2,4,3,2,8,1,3,1,0,3,6,0,2,1,2,1,1,1,0,0,0,0,0,0,0,0,0,0,0
10018020025,舊港里,女,263,6,1,2,0,2,1,10,0,3,4,3,0,5,0,1,1,3,0,9,1,2,2,4,0,14,3,1,4,1,5,15,2,2,4,3,4,10,1,2,1,3,3,12,2,0,6,2,2,22,6,4,5,4,3,22,2,4,5,5,6,15,1,2,7,4,1,16,2,5,4,5,0,30,5,3,8,9,5,29,7,9,7,4,2,16,4,5,4,2,1,15,3,2,5,2,3,5,0,1,3,0,1,8,1,3,2,0,2,3,1,0,1,1,0,1,0,0,0,1,0,0
10018020026,康樂里,計,3780,109,29,26,17,24,13,99,24,18,17,21,19,114,15,16,16,32,35,203,40,30,44,48,41,196,35,32,34,49,46,234,53,47,47,54,33,315,59,54,67,69,66,319,57,70,75,52,65,421,62,80,95,79,105,430,93,85,87,82,83,277,70,59,54,54,40,230,51,46,49,46,38,250,64,38,54,46,48,210,44,41,39,47,39,205,51,57,36,34,27,99,35,27,13,14,10,27,8,2,2,9,6,22,7,2,6,4,3,14,3,4,3,3,1,6,0,0,2,4,0,0
10018020026,康樂里,男,1874,61,14,17,9,12,9,46,13,11,7,7,8,60,10,11,7,13,19,107,20,12,25,24,26,95,15,18,12,22,28,125,29,23,28,25,20,170,29,29,39,36,37,161,35,31,35,25,35,215,37,41,47,41,49,218,52,45,45,36,40,142,42,32,28,19,21,105,24,19,24,21,17,117,28,16,30,21,22,96,18,23,20,14,21,82,19,19,15,15,14,46,17,14,2,7,6,14,3,1,1,6,3,4,1,1,1,0,1,6,2,2,1,1,0,4,0,0,2,2,0,0
10018020026,康樂里,女,1906,48,15,9,8,12,4,53,11,7,10,14,11,54,5,5,9,19,16,96,20,18,19,24,15,101,20,14,22,27,18,109,24,24,19,29,13,145,30,25,28,33,29,158,22,39,40,27,30,206,25,39,48,38,56,212,41,40,42,46,43,135,28,27,26,35,19,125,27,27,25,25,21,133,36,22,24,25,26,114,26,18,19,33,18,123,32,38,21,19,13,53,18,13,11,7,4,13,5,1,1,3,3,18,6,1,5,4,2,8,1,2,2,2,1,2,0,0,0,2,0,0
10018020027,港北里,計,2704,102,19,20,25,20,18,68,9,22,12,10,15,87,14,15,12,23,23,122,21,27,29,19,26,148,33,27,27,35,26,164,30,30,29,37,38,239,43,44,45,48,59,250,48,45,57,52,48,294,53,56,65,55,65,297,62,73,54,54,54,194,35,39,48,39,33,180,36,42,33,34,35,166,37,40,25,39,25,148,34,37,26,27,24,109,25,28,22,18,16,61,18,9,11,15,8,40,7,10,11,4,8,18,4,7,2,2,3,14,5,3,4,1,1,3,2,1,0,0,0,0
10018020027,港北里,男,1364,54,9,9,14,10,12,38,4,9,6,7,12,42,8,6,6,9,13,63,12,10,18,8,15,78,17,12,13,21,15,83,18,15,16,19,15,125,27,25,19,23,31,137,27,26,28,30,26,146,32,32,23,24,35,139,30,33,32,22,22,94,17,21,25,13,18,91,16,21,18,21,15,93,19,23,12,22,17,76,19,22,13,11,11,55,12,13,12,11,7,22,9,6,4,2,1,17,3,6,4,0,4,7,3,0,2,1,1,3,2,1,0,0,0,1,1,0,0,0,0,0
10018020027,港北里,女,1340,48,10,11,11,10,6,30,5,13,6,3,3,45,6,9,6,14,10,59,9,17,11,11,11,70,16,15,14,14,11,81,12,15,13,18,23,114,16,19,26,25,28,113,21,19,29,22,22,148,21,24,42,31,30,158,32,40,22,32,32,100,18,18,23,26,15,89,20,21,15,13,20,73,18,17,13,17,8,72,15,15,13,16,13,54,13,15,10,7,9,39,9,3,7,13,7,23,4,4,7,4,4,11,1,7,0,1,2,11,3,2,4,1,1,2,1,1,0,0,0,0
10018020028,中寮里,計,4792,156,26,30,36,36,28,138,31,29,24,26,28,166,28,22,22,44,50,246,44,42,56,60,44,283,57,50,44,70,62,346,62,62,75,72,75,400,70,89,85,72,84,393,74,75,87,84,73,489,81,82,94,121,111,525,110,117,107,91,100,424,100,90,92,74,68,371,71,80,65,78,77,271,60,54,61,45,51,215,46,44,50,41,34,177,37,46,27,31,36,93,19,29,21,13,11,53,3,12,13,15,10,30,5,8,6,7,4,13,6,4,2,0,1,3,3,0,0,0,0,0
10018020028,中寮里,男,2368,90,17,18,21,21,13,71,21,17,13,10,10,89,12,9,16,23,29,129,18,24,30,34,23,139,30,21,19,35,34,181,41,32,31,41,36,211,36,45,44,48,38,210,45,35,44,46,40,250,42,42,47,60,59,236,47,45,44,50,50,200,49,39,45,34,33,170,31,33,28,36,42,125,31,21,31,16,26,108,23,22,26,23,14,83,20,20,12,15,16,39,6,9,10,7,7,23,1,7,6,6,3,7,2,2,2,1,0,4,2,1,1,0,0,3,3,0,0,0,0,0
10018020028,中寮里,女,2424,66,9,12,15,15,15,67,10,12,11,16,18,77,16,13,6,21,21,117,26,18,26,26,21,144,27,29,25,35,28,165,21,30,44,31,39,189,34,44,41,24,46,183,29,40,43,38,33,239,39,40,47,61,52,289,63,72,63,41,50,224,51,51,47,40,35,201,40,47,37,42,35,146,29,33,30,29,25,107,23,22,24,18,20,94,17,26,15,16,20,54,13,20,11,6,4,30,2,5,7,9,7,23,3,6,4,6,4,9,4,3,1,0,1,0,0,0,0,0,0,0
10018020029,海濱里,計,5706,212,30,45,48,41,48,198,36,44,36,43,39,197,41,38,34,40,44,300,54,53,66,59,68,313,60,62,59,63,69,414,78,73,69,100,94,519,98,116,99,95,111,517,107,125,94,107,84,598,105,110,135,107,141,595,139,128,121,113,94,475,112,97,96,87,83,368,76,78,80,70,64,345,59,60,68,75,83,268,49,62,63,51,43,205,44,40,45,38,38,98,23,27,20,12,16,43,12,9,7,8,7,32,9,5,7,7,4,8,2,1,2,2,1,1,1,0,0,0,0,0
10018020029,海濱里,男,2744,111,16,30,20,21,24,105,18,24,19,25,19,105,21,25,18,17,24,148,22,29,38,29,30,145,30,29,21,32,33,204,42,26,31,52,53,274,53,65,49,49,58,267,49,60,51,61,46,263,44,55,52,54,58,281,55,55,60,64,47,224,51,40,49,42,42,169,38,33,34,34,30,144,21,30,28,30,35,131,23,32,31,25,20,97,26,12,22,20,17,45,10,15,7,6,7,17,5,2,4,5,1,13,2,2,2,4,3,1,0,0,0,1,0,0,0,0,0,0,0,0
10018020029,海濱里,女,2962,101,14,15,28,20,24,93,18,20,17,18,20,92,20,13,16,23,20,152,32,24,28,30,38,168,30,33,38,31,36,210,36,47,38,48,41,245,45,51,50,46,53,250,58,65,43,46,38,335,61,55,83,53,83,314,84,73,61,49,47,251,61,57,47,45,41,199,38,45,46,36,34,201,38,30,40,45,48,137,26,30,32,26,23,108,18,28,23,18,21,53,13,12,13,6,9,26,7,7,3,3,6,19,7,3,5,3,1,7,2,1,2,1,1,1,1,0,0,0,0,0
10018020030,客雅里,計,2392,94,20,16,23,17,18,143,23,25,27,31,37,165,40,33,40,28,24,120,28,24,23,28,17,113,23,27,19,25,19,109,28,17,21,16,27,179,26,31,42,36,44,187,30,33,46,46,32,217,45,32,43,48,49,220,49,51,54,35,31,148,33,28,30,23,34,132,27,27,28,23,27,114,27,26,19,21,21,138,33,29,30,25,21,138,32,26,28,27,25,93,24,20,22,15,12,48,6,11,10,12,9,21,6,8,3,2,2,10,1,2,4,2,1,3,1,1,0,0,1,0
10018020030,客雅里,男,1185,52,11,10,12,10,9,69,8,12,17,15,17,83,16,17,22,16,12,68,14,15,15,16,8,63,10,18,10,14,11,59,16,7,13,8,15,94,9,19,24,15,27,102,23,14,25,26,14,99,17,18,23,15,26,119,32,30,29,11,17,72,13,14,16,9,20,56,10,10,16,7,13,54,14,11,11,9,9,56,14,13,14,11,4,57,10,7,14,14,12,46,13,9,10,7,7,19,4,5,6,2,2,12,4,4,1,2,1,3,0,0,2,1,0,2,1,0,0,0,1,0
10018020030,客雅里,女,1207,42,9,6,11,7,9,74,15,13,10,16,20,82,24,16,18,12,12,52,14,9,8,12,9,50,13,9,9,11,8,50,12,10,8,8,12,85,17,12,18,21,17,85,7,19,21,20,18,118,28,14,20,33,23,101,17,21,25,24,14,76,20,14,14,14,14,76,17,17,12,16,14,60,13,15,8,12,12,82,19,16,16,14,17,81,22,19,14,13,13,47,11,11,12,8,5,29,2,6,4,10,7,9,2,4,2,0,1,7,1,2,2,1,1,1,0,1,0,0,0,0
10018020031,育英里,計,3994,256,30,41,65,55,65,222,78,76,26,22,20,105,16,22,14,28,25,137,22,24,32,30,29,181,36,47,34,38,26,228,47,38,36,51,56,313,57,64,64,64,64,295,52,58,65,68,52,340,67,78,60,73,62,308,68,57,52,70,61,271,51,61,58,53,48,293,57,64,61,53,58,282,57,65,39,71,50,226,55,38,46,49,38,204,50,42,44,34,34,134,38,28,29,19,20,81,13,18,12,24,14,84,20,16,15,21,12,25,9,3,5,5,3,8,5,0,0,2,1,1
10018020031,育英里,男,1900,120,15,25,27,22,31,116,33,43,17,12,11,63,7,12,8,21,15,79,15,15,15,18,16,93,15,27,16,22,13,117,25,20,18,27,27,156,29,26,34,32,35,141,26,28,37,31,19,154,31,38,33,29,23,148,39,29,23,30,27,121,23,29,25,21,23,131,31,27,24,25,24,143,33,32,18,33,27,106,23,17,24,29,13,86,20,17,15,15,19,55,18,10,11,8,8,28,4,9,3,5,7,34,6,7,6,9,6,7,0,1,3,2,1,1,1,0,0,0,0,1
10018020031,育英里,女,2094,136,15,16,38,33,34,106,45,33,9,10,9,42,9,10,6,7,10,58,7,9,17,12,13,88,21,20,18,16,13,111,22,18,18,24,29,157,28,38,30,32,29,154,26,30,28,37,33,186,36,40,27,44,39,160,29,28,29,40,34,150,28,32,33,32,25,162,26,37,37,28,34,139,24,33,21,38,23,120,32,21,22,20,25,118,30,25,29,19,15,79,20,18,18,11,12,53,9,9,9,19,7,50,14,9,9,12,6,18,9,2,2,3,2,7,4,0,0,2,1,0
10018020032,曲溪里,計,5961,133,26,24,29,23,31,206,29,46,51,46,34,220,37,31,42,50,60,253,44,44,49,58,58,335,76,61,67,66,65,398,94,76,70,76,82,370,82,81,67,69,71,403,82,99,72,83,67,479,88,94,96,100,101,580,113,113,114,119,121,492,96,101,100,107,88,432,94,92,79,88,79,436,88,83,102,91,72,394,77,85,71,77,84,376,75,75,93,61,72,230,63,51,43,39,34,104,23,19,26,17,19,64,12,19,10,11,12,31,7,6,7,6,5,22,4,5,8,4,1,3
10018020032,曲溪里,男,2969,62,13,11,13,11,14,89,11,15,24,26,13,96,17,15,19,23,22,135,25,24,29,27,30,191,40,36,35,41,39,222,53,46,36,46,41,213,48,41,33,45,46,208,43,55,29,45,36,230,40,51,45,38,56,294,56,62,50,63,63,255,54,50,50,55,46,219,54,45,34,45,41,202,44,35,52,43,28,177,40,38,34,39,26,172,33,36,45,25,33,109,25,27,27,17,13,27,5,3,9,5,5,28,4,7,4,5,8,18,0,6,5,4,3,19,4,5,7,2,1,3
10018020032,曲溪里,女,2992,71,13,13,16,12,17,117,18,31,27,20,21,124,20,16,23,27,38,118,19,20,20,31,28,144,36,25,32,25,26,176,41,30,34,30,41,157,34,40,34,24,25,195,39,44,43,38,31,249,48,43,51,62,45,286,57,51,64,56,58,237,42,51,50,52,42,213,40,47,45,43,38,234,44,48,50,48,44,217,37,47,37,38,58,204,42,39,48,36,39,121,38,24,16,22,21,77,18,16,17,12,14,36,8,12,6,6,4,13,7,0,2,2,2,3,0,0,1,2,0,0
10018020033,西雅里,計,3100,67,6,16,16,16,13,119,31,20,27,18,23,98,20,10,15,24,29,125,21,18,31,28,27,132,21,23,19,33,36,191,40,33,31,43,44,228,38,52,38,51,49,192,47,29,46,33,37,228,39,43,47,43,56,297,48,60,65,55,69,235,51,38,43,42,61,246,51,54,53,39,49,232,30,51,47,59,45,218,49,44,44,40,41,187,37,40,40,39,31,115,32,28,25,14,16,84,16,18,16,14,20,76,18,19,14,9,16,27,8,4,6,5,4,2,1,0,1,0,0,1
10018020033,西雅里,男,1526,37,3,8,11,7,8,68,16,11,18,10,13,55,7,8,9,13,18,69,13,10,17,17,12,62,9,12,11,12,18,93,16,16,17,23,21,121,18,34,23,26,20,113,21,19,28,19,26,117,21,24,22,21,29,142,23,31,31,24,33,106,24,19,20,16,27,130,25,29,28,22,26,102,13,22,17,27,23,113,27,22,22,22,20,72,16,20,15,12,9,51,14,9,13,8,7,30,8,2,9,5,6,33,6,10,7,3,7,10,3,1,2,2,2,1,0,0,1,0,0,1
10018020033,西雅里,女,1574,30,3,8,5,9,5,51,15,9,9,8,10,43,13,2,6,11,11,56,8,8,14,11,15,70,12,11,8,21,18,98,24,17,14,20,23,107,20,18,15,25,29,79,26,10,18,14,11,111,18,19,25,22,27,155,25,29,34,31,36,129,27,19,23,26,34,116,26,25,25,17,23,130,17,29,30,32,22,105,22,22,22,18,21,115,21,20,25,27,22,64,18,19,12,6,9,54,8,16,7,9,14,43,12,9,7,6,9,17,5,3,4,3,2,1,1,0,0,0,0,0
10018020034,南勢里,計,5097,181,26,29,50,35,41,198,48,43,31,29,47,235,47,40,49,50,49,265,34,63,47,74,47,270,52,58,50,59,51,349,76,63,66,64,80,325,70,61,65,65,64,386,71,95,83,77,60,397,72,73,80,89,83,531,103,108,107,97,116,398,73,78,81,87,79,352,71,72,68,74,67,331,60,68,68,82,53,255,54,51,56,39,55,248,50,57,48,43,50,167,50,34,37,19,27,105,19,21,22,27,16,75,26,20,11,8,10,25,9,5,2,6,3,4,2,2,0,0,0,0
10018020034,南勢里,男,2542,98,11,17,30,25,15,106,26,25,15,14,26,120,19,23,27,30,21,135,20,32,20,33,30,137,32,24,22,28,31,176,44,30,30,27,45,171,35,27,32,44,33,206,36,49,46,45,30,198,33,40,40,41,44,283,50,53,58,55,67,194,32,38,41,42,41,175,41,40,32,34,28,169,29,32,35,46,27,121,32,28,21,16,24,110,19,24,26,20,21,71,20,13,17,5,16,41,4,6,11,14,6,18,5,5,1,4,3,10,4,2,2,2,0,3,1,2,0,0,0,0
10018020034,南勢里,女,2555,83,15,12,20,10,26,92,22,18,16,15,21,115,28,17,22,20,28,130,14,31,27,41,17,133,20,34,28,31,20,173,32,33,36,37,35,154,35,34,33,21,31,180,35,46,37,32,30,199,39,33,40,48,39,248,53,55,49,42,49,204,41,40,40,45,38,177,30,32,36,40,39,162,31,36,33,36,26,134,22,23,35,23,31,138,31,33,22,23,29,96,30,21,20,14,11,64,15,15,11,13,10,57,21,15,10,4,7,15,5,3,0,4,3,1,1,0,0,0,0,0
10018020035,大鵬里,計,273,31,4,4,7,10,6,11,1,3,4,1,2,7,4,0,1,2,0,5,3,1,1,0,0,6,0,2,1,1,2,14,1,3,3,6,1,51,10,8,13,9,11,51,17,14,5,10,5,24,6,6,1,8,3,9,5,0,2,0,2,16,4,6,1,2,3,16,3,1,4,5,3,12,7,2,1,1,1,13,2,3,3,2,3,6,1,2,1,2,0,1,0,1,0,0,0,0,0,0,0,0,0,0,0,0,0,0,0,0,0,0,0,0,0,0,0,0,0,0,0,0
10018020035,大鵬里,男,148,14,2,1,4,5,2,8,1,2,2,1,2,2,1,0,1,0,0,3,2,1,0,0,0,2,0,0,0,0,2,10,0,3,2,4,1,29,6,5,8,4,6,33,11,8,2,8,4,19,4,5,1,6,3,6,4,0,1,0,1,4,0,1,0,2,1,5,0,1,1,2,1,5,3,2,0,0,0,5,1,1,2,0,1,2,0,0,1,1,0,1,0,1,0,0,0,0,0,0,0,0,0,0,0,0,0,0,0,0,0,0,0,0,0,0,0,0,0,0,0,0
10018020035,大鵬里,女,125,17,2,3,3,5,4,3,0,1,2,0,0,5,3,0,0,2,0,2,1,0,1,0,0,4,0,2,1,1,0,4,1,0,1,2,0,22,4,3,5,5,5,18,6,6,3,2,1,5,2,1,0,2,0,3,1,0,1,0,1,12,4,5,1,0,2,11,3,0,3,3,2,7,4,0,1,1,1,8,1,2,1,2,2,4,1,2,0,1,0,0,0,0,0,0,0,0,0,0,0,0,0,0,0,0,0,0,0,0,0,0,0,0,0,0,0,0,0,0,0,0
10018020036,境福里,計,5496,133,19,26,28,26,34,249,43,38,41,58,69,368,85,66,71,91,55,277,58,53,52,66,48,281,57,56,44,63,61,280,73,39,44,48,76,316,66,59,55,74,62,365,75,68,85,70,67,444,69,84,92,95,104,533,92,117,110,113,101,381,75,86,78,70,72,356,82,72,81,72,49,354,65,73,53,76,87,396,84,80,80,68,84,366,60,78,84,59,85,215,48,45,50,38,34,90,18,29,14,18,11,75,17,14,17,10,17,15,1,7,2,3,2,2,1,0,0,0,1,0
10018020036,境福里,男,2630,56,10,11,13,9,13,123,20,18,14,35,36,188,42,29,40,46,31,139,29,23,26,33,28,144,29,30,17,34,34,150,39,19,23,26,43,168,35,28,34,37,34,158,32,29,32,32,33,217,44,49,39,37,48,267,51,61,50,56,49,184,34,48,37,33,32,173,39,33,41,35,25,161,32,39,18,35,37,174,38,40,29,32,35,154,20,38,35,24,37,100,26,18,30,14,12,42,11,15,5,6,5,29,6,6,5,3,9,2,0,0,1,1,0,1,0,0,0,0,1,0
10018020036,境福里,女,2866,77,9,15,15,17,21,126,23,20,27,23,33,180,43,37,31,45,24,138,29,30,26,33,20,137,28,26,27,29,27,130,34,20,21,22,33,148,31,31,21,37,28,207,43,39,53,38,34,227,25,35,53,58,56,266,41,56,60,57,52,197,41,38,41,37,40,183,43,39,40,37,24,193,33,34,35,41,50,222,46,40,51,36,49,212,40,40,49,35,48,115,22,27,20,24,22,48,7,14,9,12,6,46,11,8,12,7,8,13,1,7,1,2,2,1,1,0,0,0,0,0
10018020037,磐石里,計,6416,184,22,27,37,41,57,398,68,97,69,85,79,426,84,96,71,90,85,310,56,64,64,67,59,334,67,63,62,74,68,412,108,66,70,84,84,372,81,72,65,83,71,402,89,80,75,84,74,496,78,103,107,108,100,568,110,123,114,101,120,505,87,113,108,110,87,413,85,85,94,85,64,400,87,89,70,75,79,388,76,85,75,79,73,353,74,70,76,66,67,211,44,41,51,40,35,123,21,27,31,25,19,89,22,22,24,13,8,23,10,2,5,5,1,8,3,2,1,0,2,1
10018020037,磐石里,男,3085,91,12,13,17,23,26,201,33,65,34,34,35,208,38,49,40,40,41,170,33,30,40,39,28,174,37,28,35,38,36,223,58,37,35,48,45,196,44,35,37,47,33,194,46,39,38,35,36,243,45,51,54,45,48,263,54,44,68,43,54,240,43,51,50,49,47,198,46,39,34,44,35,175,39,39,33,30,34,169,33,36,32,40,28,153,32,30,30,29,32,87,19,19,18,18,13,53,11,12,9,11,10,37,9,6,13,4,5,8,4,0,3,1,0,1,0,0,0,0,1,1
10018020037,磐石里,女,3331,93,10,14,20,18,31,197,35,32,35,51,44,218,46,47,31,50,44,140,23,34,24,28,31,160,30,35,27,36,32,189,50,29,35,36,39,176,37,37,28,36,38,208,43,41,37,49,38,253,33,52,53,63,52,305,56,79,46,58,66,265,44,62,58,61,40,215,39,46,60,41,29,225,48,50,37,45,45,219,43,49,43,39,45,200,42,40,46,37,35,124,25,22,33,22,22,70,10,15,22,14,9,52,13,16,11,9,3,15,6,2,2,4,1,7,3,2,1,0,1,0
10018020038,新雅里,計,5600,203,26,48,41,40,48,335,56,62,63,72,82,398,69,92,87,81,69,294,51,68,58,63,54,286,51,59,47,61,68,360,79,71,64,67,79,375,86,68,73,79,69,348,74,77,62,63,72,454,81,71,108,84,110,446,95,98,88,71,94,382,85,80,78,76,63,412,88,89,86,87,62,339,77,48,63,70,81,285,70,48,55,65,47,294,62,52,53,58,69,196,54,35,35,31,41,104,11,18,32,24,19,63,21,13,15,9,5,21,5,4,5,4,3,5,1,1,1,1,1,0
10018020038,新雅里,男,2731,102,8,25,22,23,24,181,35,33,30,37,46,182,33,43,40,36,30,156,32,33,30,28,33,152,25,32,27,32,36,182,40,31,40,32,39,183,45,35,32,35,36,172,43,38,25,31,35,221,33,32,58,41,57,208,39,36,53,34,46,198,45,38,42,43,30,222,41,48,49,49,35,171,38,22,35,36,40,114,30,15,24,23,22,131,33,27,22,23,26,76,22,16,11,11,16,43,4,5,16,9,9,25,7,6,6,2,4,7,2,0,3,1,1,5,1,1,1,1,1,0
10018020038,新雅里,女,2869,101,18,23,19,17,24,154,21,29,33,35,36,216,36,49,47,45,39,138,19,35,28,35,21,134,26,27,20,29,32,178,39,40,24,35,40,192,41,33,41,44,33,176,31,39,37,32,37,233,48,39,50,43,53,238,56,62,35,37,48,184,40,42,36,33,33,190,47,41,37,38,27,168,39,26,28,34,41,171,40,33,31,42,25,163,29,25,31,35,43,120,32,19,24,20,25,61,7,13,16,15,10,38,14,7,9,7,1,14,3,4,2,3,2,0,0,0,0,0,0,0
10018020039,光華里,計,4839,101,10,22,30,16,23,149,23,31,30,32,33,205,35,41,42,56,31,197,33,40,34,47,43,212,41,39,40,42,50,331,47,79,65,64,76,284,53,63,54,62,52,337,73,66,66,60,72,351,55,72,75,73,76,452,104,89,91,75,93,402,78,83,84,77,80,381,74,83,68,87,69,419,76,90,91,82,80,392,88,87,78,67,72,302,72,58,64,62,46,162,38,47,34,16,27,82,17,19,18,16,12,53,14,14,9,9,7,21,5,5,5,6,0,6,2,0,1,2,1,0
10018020039,光華里,男,2494,59,6,14,19,9,11,72,10,18,12,14,18,103,18,17,25,27,16,98,13,18,16,27,24,128,27,23,19,26,33,161,27,33,33,32,36,146,27,33,32,26,28,179,41,43,30,33,32,187,31,34,40,41,41,244,54,45,54,38,53,221,43,42,52,36,48,197,37,44,38,41,37,231,38,59,51,37,46,171,37,36,34,30,34,159,36,28,36,37,22,77,20,19,13,10,15,33,7,7,7,9,3,16,6,5,1,4,0,10,3,2,1,4,0,2,1,0,1,0,0,0
10018020039,光華里,女,2345,42,4,8,11,7,12,77,13,13,18,18,15,102,17,24,17,29,15,99,20,22,18,20,19,84,14,16,21,16,17,170,20,46,32,32,40,138,26,30,22,36,24,158,32,23,36,27,40,164,24,38,35,32,35,208,50,44,37,37,40,181,35,41,32,41,32,184,37,39,30,46,32,188,38,31,40,45,34,221,51,51,44,37,38,143,36,30,28,25,24,85,18,28,21,6,12,49,10,12,11,7,9,37,8,9,8,5,7,11,2,3,4,2,0,4,1,0,0,2,1,0
10018020040,金華里,計,5766,186,21,46,32,44,43,240,53,37,55,50,45,269,54,46,39,66,64,321,41,73,64,67,76,302,59,49,66,62,66,358,67,68,68,69,86,376,72,80,87,65,72,371,80,73,73,72,73,437,79,76,83,94,105,497,94,91,99,111,102,403,75,76,79,87,86,456,90,107,98,79,82,409,86,85,84,69,85,369,77,74,81,68,69,351,93,67,66,64,61,219,56,54,41,32,36,114,24,26,33,17,14,52,18,10,9,8,7,30,5,8,6,8,3,5,2,2,0,1,0,1
10018020040,金華里,男,2707,81,10,20,16,21,14,117,30,11,23,29,24,137,29,22,21,37,28,173,22,41,33,41,36,157,32,19,37,39,30,186,37,33,38,37,41,198,33,45,47,37,36,174,36,36,35,31,36,212,40,44,39,40,49,232,44,53,46,44,45,171,35,28,37,37,34,204,33,56,43,36,36,174,36,33,40,32,33,155,29,32,33,32,29,148,39,25,33,22,29,101,22,29,16,16,18,53,12,8,18,10,5,21,8,6,2,4,1,13,3,2,2,4,2,0,0,0,0,0,0,0
10018020040,金華里,女,3059,105,11,26,16,23,29,123,23,26,32,21,21,132,25,24,18,29,36,148,19,32,31,26,40,145,27,30,29,23,36,172,30,35,30,32,45,178,39,35,40,28,36,197,44,37,38,41,37,225,39,32,44,54,56,265,50,38,53,67,57,232,40,48,42,50,52,252,57,51,55,43,46,235,50,52,44,37,52,214,48,42,48,36,40,203,54,42,33,42,32,118,34,25,25,16,18,61,12,18,15,7,9,31,10,4,7,4,6,17,2,6,4,4,1,5,2,2,0,1,0,1
10018020041,金竹里,計,7109,208,27,51,45,40,45,367,60,68,68,95,76,465,105,90,87,84,99,388,71,77,80,80,80,385,68,76,76,82,83,455,81,78,86,110,100,468,99,90,81,105,93,472,96,99,97,96,84,583,106,90,117,117,153,633,126,136,126,107,138,520,98,97,118,111,96,573,99,127,113,119,115,544,101,120,99,109,115,429,94,86,90,82,77,310,72,71,60,53,54,165,47,30,38,30,20,79,14,13,23,17,12,49,19,10,11,7,2,15,5,3,5,1,1,1,1,0,0,0,0,0
10018020041,金竹里,男,3387,92,14,21,22,11,24,185,33,36,28,43,45,232,47,47,42,48,48,178,28,37,42,38,33,215,36,46,39,43,51,238,39,38,50,59,52,244,51,49,37,53,54,246,52,51,62,49,32,273,56,46,61,48,62,302,64,65,63,48,62,251,48,47,50,58,48,247,49,55,45,52,46,239,37,63,43,53,43,194,41,35,49,37,32,126,31,24,29,19,23,76,22,16,15,11,12,27,4,5,6,7,5,19,6,5,6,2,0,3,1,0,2,0,0,0,0,0,0,0,0,0
10018020041,金竹里,女,3722,116,13,30,23,29,21,182,27,32,40,52,31,233,58,43,45,36,51,210,43,40,38,42,47,170,32,30,37,39,32,217,42,40,36,51,48,224,48,41,44,52,39,226,44,48,35,47,52,310,50,44,56,69,91,331,62,71,63,59,76,269,50,50,68,53,48,326,50,72,68,67,69,305,64,57,56,56,72,235,53,51,41,45,45,184,41,47,31,34,31,89,25,14,23,19,8,52,10,8,17,10,7,30,13,5,5,5,2,12,4,3,3,1,1,1,1,0,0,0,0,0
10018020042,湳中里,計,8336,222,29,36,50,38,69,296,43,51,57,72,73,492,81,103,97,107,104,470,73,92,93,117,95,478,89,96,84,114,95,602,141,113,110,114,124,503,110,104,96,101,92,482,95,109,105,74,99,651,90,114,141,149,157,837,162,161,166,169,179,802,157,154,128,169,194,789,187,159,168,140,135,580,121,132,121,103,103,383,76,77,83,84,63,339,79,78,64,59,59,201,51,40,45,34,31,114,22,23,26,20,23,65,13,22,11,14,5,25,8,11,3,3,0,4,2,0,1,1,0,1
10018020042,湳中里,男,3919,103,12,22,21,17,31,139,17,28,27,33,34,263,46,55,43,60,59,246,38,54,52,62,40,253,63,49,41,59,41,329,65,63,66,64,71,251,46,63,36,59,47,239,43,58,50,43,45,278,34,53,57,67,67,390,72,73,74,76,95,361,68,81,53,73,86,352,78,55,82,69,68,276,63,58,58,47,50,156,36,34,33,27,26,132,28,28,23,26,27,84,21,16,17,14,16,35,4,7,10,6,8,21,5,6,5,4,1,10,4,4,1,1,0,1,1,0,0,0,0,0
10018020042,湳中里,女,4417,119,17,14,29,21,38,157,26,23,30,39,39,229,35,48,54,47,45,224,35,38,41,55,55,225,26,47,43,55,54,273,76,50,44,50,53,252,64,41,60,42,45,243,52,51,55,31,54,373,56,61,84,82,90,447,90,88,92,93,84,441,89,73,75,96,108,437,109,104,86,71,67,304,58,74,63,56,53,227,40,43,50,57,37,207,51,50,41,33,32,117,30,24,28,20,15,79,18,16,16,14,15,44,8,16,6,10,4,15,4,7,2,2,0,3,1,0,1,1,0,1
10018020043,金雅里,計,5333,367,57,88,81,74,67,321,73,67,64,51,66,262,46,62,49,58,47,215,42,38,44,44,47,178,33,35,32,43,35,271,37,41,45,70,78,527,93,92,108,113,121,687,156,126,149,137,119,619,128,129,116,133,113,473,105,116,97,87,68,272,49,59,56,53,55,263,54,56,49,49,55,251,35,46,55,64,51,252,52,65,46,48,41,181,43,31,37,35,35,97,29,24,20,12,12,41,8,14,9,4,6,39,10,10,8,3,8,14,6,3,2,0,3,3,1,1,1,0,0,0
10018020043,金雅里,男,2644,193,30,45,40,42,36,167,39,38,30,31,29,141,26,32,29,30,24,107,21,22,26,22,16,92,17,18,15,25,17,124,17,18,21,37,31,264,46,50,43,51,74,371,85,70,80,72,64,312,69,59,59,68,57,234,50,56,40,51,37,131,26,26,28,22,29,116,21,27,18,24,26,113,12,23,26,33,19,120,31,23,22,24,20,84,19,16,17,12,20,42,13,12,8,4,5,14,5,3,4,1,1,10,3,1,3,1,2,7,3,0,1,0,3,2,1,1,0,0,0,0
10018020043,金雅里,女,2689,174,27,43,41,32,31,154,34,29,34,20,37,121,20,30,20,28,23,108,21,16,18,22,31,86,16,17,17,18,18,147,20,23,24,33,47,263,47,42,65,62,47,316,71,56,69,65,55,307,59,70,57,65,56,239,55,60,57,36,31,141,23,33,28,31,26,147,33,29,31,25,29,138,23,23,29,31,32,132,21,42,24,24,21,97,24,15,20,23,15,55,16,12,12,8,7,27,3,11,5,3,5,29,7,9,5,2,6,7,3,3,1,0,0,1,0,0,1,0,0,0
10018020044,台溪里,計,1990,74,15,21,11,12,15,52,7,17,9,11,8,71,9,10,12,20,20,78,15,12,13,20,18,89,17,23,16,13,20,124,20,14,20,33,37,174,25,41,40,31,37,150,41,23,32,26,28,194,28,34,46,45,41,219,43,39,52,45,40,162,38,40,26,30,28,151,36,37,21,27,30,136,20,31,28,30,27,122,22,20,23,27,30,92,22,24,14,14,18,53,9,13,11,11,9,28,4,7,8,5,4,11,6,1,1,3,0,7,3,1,1,2,0,3,2,0,0,0,1,0
10018020044,台溪里,男,922,34,7,10,6,5,6,30,1,10,6,9,4,37,6,3,7,9,12,35,6,5,7,10,7,42,6,9,8,8,11,48,10,6,7,10,15,91,14,19,21,14,23,79,25,12,12,18,12,93,15,20,21,18,19,107,19,21,26,20,21,66,14,18,12,8,14,64,15,14,9,15,11,59,7,17,16,9,10,50,8,8,7,10,17,41,10,13,5,8,5,23,3,7,5,5,3,14,2,4,3,3,2,6,3,1,0,2,0,2,1,0,0,1,0,1,0,0,0,0,1,0
10018020044,台溪里,女,1068,40,8,11,5,7,9,22,6,7,3,2,4,34,3,7,5,11,8,43,9,7,6,10,11,47,11,14,8,5,9,76,10,8,13,23,22,83,11,22,19,17,14,71,16,11,20,8,16,101,13,14,25,27,22,112,24,18,26,25,19,96,24,22,14,22,14,87,21,23,12,12,19,77,13,14,12,21,17,72,14,12,16,17,13,51,12,11,9,6,13,30,6,6,6,6,6,14,2,3,5,2,2,5,3,0,1,1,0,5,2,1,1,1,0,2,2,0,0,0,0,0
10018020045,中雅里,計,4228,146,20,24,31,27,44,207,27,37,41,39,63,306,66,48,58,67,67,246,47,48,60,45,46,179,40,45,29,30,35,193,25,38,35,55,40,288,53,50,65,53,67,257,53,42,59,40,63,388,63,70,64,97,94,522,102,119,94,98,109,365,88,77,65,76,59,280,48,58,63,58,53,217,41,43,48,38,47,189,46,47,30,34,32,164,30,39,33,29,33,136,30,31,29,29,17,79,12,19,16,17,15,32,4,10,8,4,6,14,2,4,1,4,3,17,5,5,1,4,2,3
10018020045,中雅里,男,2012,87,13,15,19,18,22,106,11,22,17,22,34,160,33,26,35,32,34,133,27,22,35,21,28,89,22,18,16,14,19,93,10,18,21,29,15,153,31,26,31,25,40,122,25,17,30,21,29,151,27,29,24,35,36,247,54,54,39,48,52,184,44,44,30,37,29,132,25,33,25,25,24,113,23,22,22,20,26,79,16,22,13,17,11,67,8,17,10,17,15,53,16,9,14,9,5,25,5,5,5,7,3,4,0,2,0,0,2,5,0,1,0,2,2,8,2,2,0,2,2,1
10018020045,中雅里,女,2216,59,7,9,12,9,22,101,16,15,24,17,29,146,33,22,23,35,33,113,20,26,25,24,18,90,18,27,13,16,16,100,15,20,14,26,25,135,22,24,34,28,27,135,28,25,29,19,34,237,36,41,40,62,58,275,48,65,55,50,57,181,44,33,35,39,30,148,23,25,38,33,29,104,18,21,26,18,21,110,30,25,17,17,21,97,22,22,23,12,18,83,14,22,15,20,12,54,7,14,11,10,12,28,4,8,8,4,4,9,2,3,1,2,1,9,3,3,1,2,0,2
10018030,香山區,計,79619,2494,409,531,516,532,506,2676,547,519,532,537,541,3312,573,588,562,792,797,3913,637,795,799,880,802,4527,849,885,889,961,943,5354,1096,1030,948,1127,1153,5792,1221,1110,1134,1164,1163,5618,1196,1124,1157,1149,992,6852,1152,1314,1375,1462,1549,7669,1618,1549,1577,1425,1500,6508,1404,1330,1285,1234,1255,5897,1314,1210,1198,1093,1082,5544,1126,1115,1119,1135,1049,4859,1049,1079,1018,843,870,3935,839,864,796,752,684,2245,595,465,465,376,344,1283,267,294,244,250,228,740,196,163,156,123,102,308,79,77,63,48,41,82,26,24,15,9,8,11
10018030,香山區,男,40197,1317,207,286,269,297,258,1351,286,268,262,277,258,1748,292,313,306,415,422,2034,337,393,396,490,418,2392,442,451,483,504,512,2825,568,533,511,598,615,2999,629,586,545,635,604,2995,606,601,607,618,563,3543,609,648,716,779,791,3929,835,757,823,747,767,3274,694,687,653,629,611,2967,676,603,587,547,554,2749,560,560,547,550,532,2301,482,525,487,416,391,1791,391,403,372,326,299,1027,279,211,217,172,148,547,110,122,99,109,107,273,71,56,58,44,44,103,28,20,25,16,14,28,11,5,6,3,3,4
10018030,香山區,女,39422,1177,202,245,247,235,248,1325,261,251,270,260,283,1564,281,275,256,377,375,1879,300,402,403,390,384,2135,407,434,406,457,431,2529,528,497,437,529,538,2793,592,524,589,529,559,2623,590,523,550,531,429,3309,543,666,659,683,758,3740,783,792,754,678,733,3234,710,643,632,605,644,2930,638,607,611,546,528,2795,566,555,572,585,517,2558,567,554,531,427,479,2144,448,461,424,426,385,1218,316,254,248,204,196,736,157,172,145,141,121,467,125,107,98,79,58,205,51,57,38,32,27,54,15,19,9,6,5,7
10018030001,港南里,計,3284,101,22,20,17,27,15,84,23,11,16,18,16,128,22,22,30,23,31,150,23,26,36,32,33,191,40,30,35,39,47,230,51,46,42,42,49,267,49,61,48,58,51,250,51,45,52,54,48,303,55,48,65,76,59,305,57,66,68,56,58,254,54,59,48,44,49,228,47,49,46,45,41,209,44,34,42,42,47,201,38,50,49,22,42,175,36,41,41,32,25,110,31,24,26,14,15,45,8,12,8,8,9,38,9,8,8,6,7,10,1,2,3,1,3,5,4,0,1,0,0,0
10018030001,港南里,男,1665,53,9,12,12,16,4,38,10,2,8,11,7,64,12,9,16,12,15,74,14,13,14,17,16,97,17,12,19,22,27,113,27,19,23,22,22,141,26,29,22,30,34,140,28,26,31,29,26,158,24,23,36,41,34,165,37,37,36,22,33,131,22,32,20,32,25,117,26,29,22,20,20,108,20,17,21,22,28,96,15,23,24,13,21,77,16,18,18,14,11,54,16,12,14,6,6,20,2,7,4,2,5,13,4,3,3,1,2,5,0,1,1,1,2,1,0,0,1,0,0,0
10018030001,港南里,女,1619,48,13,8,5,11,11,46,13,9,8,7,9,64,10,13,14,11,16,76,9,13,22,15,17,94,23,18,16,17,20,117,24,27,19,20,27,126,23,32,26,28,17,110,23,19,21,25,22,145,31,25,29,35,25,140,20,29,32,34,25,123,32,27,28,12,24,111,21,20,24,25,21,101,24,17,21,20,19,105,23,27,25,9,21,98,20,23,23,18,14,56,15,12,12,8,9,25,6,5,4,6,4,25,5,5,5,5,5,5,1,1,2,0,1,4,4,0,0,0,0,0
10018030002,虎山里,計,6044,157,26,36,31,31,33,170,29,31,35,37,38,222,38,39,39,52,54,254,33,50,58,60,53,331,56,68,68,79,60,410,79,84,68,87,92,458,96,73,100,93,96,434,87,92,93,89,73,548,91,107,109,127,114,596,142,130,111,107,106,449,100,79,97,87,86,389,95,88,72,64,70,409,68,86,86,86,83,446,90,106,77,83,90,367,84,81,70,64,68,222,63,40,46,41,32,113,25,27,19,19,23,47,9,14,11,11,2,21,3,4,4,3,7,1,0,1,0,0,0,0
10018030002,虎山里,男,3079,98,11,25,21,21,20,87,12,20,19,20,16,118,19,22,23,24,30,139,17,25,27,37,33,178,28,37,37,42,34,217,41,41,37,52,46,236,52,38,52,50,44,245,46,52,47,56,44,287,47,56,56,76,52,326,72,63,64,68,59,235,49,38,57,49,42,187,52,44,29,28,34,200,35,40,41,50,34,189,31,47,31,38,42,168,36,43,36,23,30,101,32,22,20,16,11,42,7,12,7,9,7,19,4,7,3,4,1,7,1,2,2,0,2,0,0,0,0,0,0,0
10018030002,虎山里,女,2965,59,15,11,10,10,13,83,17,11,16,17,22,104,19,17,16,28,24,115,16,25,31,23,20,153,28,31,31,37,26,193,38,43,31,35,46,222,44,35,48,43,52,189,41,40,46,33,29,261,44,51,53,51,62,270,70,67,47,39,47,214,51,41,40,38,44,202,43,44,43,36,36,209,33,46,45,36,49,257,59,59,46,45,48,199,48,38,34,41,38,121,31,18,26,25,21,71,18,15,12,10,16,28,5,7,8,7,1,14,2,2,2,3,5,1,0,1,0,0,0,0
10018030003,虎林里,計,2507,60,9,14,12,13,12,66,14,16,10,11,15,91,10,16,23,20,22,117,10,30,22,37,18,135,19,21,23,37,35,189,44,34,27,41,43,178,39,43,30,27,39,184,43,35,34,37,35,179,34,30,37,47,31,234,43,38,44,52,57,214,54,36,41,30,53,213,44,42,45,37,45,172,34,36,36,35,31,157,32,38,32,22,33,118,23,29,13,30,23,98,23,25,21,9,20,51,12,13,7,11,8,35,9,9,4,8,5,13,6,1,0,5,1,2,0,1,1,0,0,1
10018030003,虎林里,男,1274,38,3,10,8,6,11,34,9,9,6,5,5,52,5,10,14,13,10,51,6,11,16,13,5,70,9,11,12,21,17,108,24,19,18,23,24,98,20,19,15,19,25,99,21,19,17,22,20,95,14,16,23,28,14,113,23,15,24,28,23,97,19,17,21,14,26,105,24,18,23,20,20,95,22,25,11,22,15,81,15,17,19,11,19,49,10,13,5,13,8,46,9,12,11,5,9,22,8,4,4,4,2,15,6,3,3,2,1,4,2,0,0,2,0,1,0,1,0,0,0,1
10018030003,虎林里,女,1233,22,6,4,4,7,1,32,5,7,4,6,10,39,5,6,9,7,12,66,4,19,6,24,13,65,10,10,11,16,18,81,20,15,9,18,19,80,19,24,15,8,14,85,22,16,17,15,15,84,20,14,14,19,17,121,20,23,20,24,34,117,35,19,20,16,27,108,20,24,22,17,25,77,12,11,25,13,16,76,17,21,13,11,14,69,13,16,8,17,15,52,14,13,10,4,11,29,4,9,3,7,6,20,3,6,1,6,4,9,4,1,0,3,1,1,0,0,1,0,0,0
10018030004,浸水里,計,2834,89,14,11,26,16,22,119,24,18,23,26,28,135,21,30,12,37,35,165,31,28,33,38,35,167,29,27,38,44,29,184,29,47,31,44,33,169,34,29,22,42,42,185,43,24,33,43,42,274,38,46,66,51,73,311,74,69,67,49,52,218,43,60,34,45,36,172,47,37,20,32,36,173,39,36,38,27,33,170,42,32,33,29,34,162,33,33,39,32,25,65,13,11,14,14,13,44,10,13,9,9,3,20,4,3,2,6,5,9,4,2,1,1,1,3,2,0,0,1,0,0
10018030004,浸水里,男,1475,42,4,8,14,9,7,62,12,12,12,9,17,73,9,19,6,24,15,100,17,14,20,27,22,90,18,18,21,18,15,95,15,23,20,21,16,97,17,18,13,26,23,94,21,15,15,23,20,154,25,23,35,26,45,153,34,31,40,23,25,116,21,28,19,31,17,96,27,20,15,15,19,82,18,20,14,13,17,73,17,15,14,15,12,82,19,11,23,16,13,36,7,7,10,5,7,17,4,5,3,4,1,8,1,1,0,3,3,2,0,0,0,1,1,3,2,0,0,1,0,0
10018030004,浸水里,女,1359,47,10,3,12,7,15,57,12,6,11,17,11,62,12,11,6,13,20,65,14,14,13,11,13,77,11,9,17,26,14,89,14,24,11,23,17,72,17,11,9,16,19,91,22,9,18,20,22,120,13,23,31,25,28,158,40,38,27,26,27,102,22,32,15,14,19,76,20,17,5,17,17,91,21,16,24,14,16,97,25,17,19,14,22,80,14,22,16,16,12,29,6,4,4,9,6,27,6,8,6,5,2,12,3,2,2,3,2,7,4,2,1,0,0,0,0,0,0,0,0,0
10018030005,樹下里,計,2326,55,7,9,11,13,15,78,18,12,15,16,17,90,16,20,9,21,24,105,12,17,23,29,24,132,29,25,24,29,25,142,37,20,25,30,30,147,30,26,29,32,30,175,35,35,37,37,31,216,34,50,45,45,42,215,44,46,44,42,39,145,28,34,25,34,24,140,23,26,35,33,23,154,30,32,29,38,25,185,41,48,41,27,28,169,30,39,43,32,25,85,22,21,14,15,13,50,11,10,10,14,5,26,9,5,3,5,4,14,2,5,3,3,1,3,1,1,0,1,0,0
10018030005,樹下里,男,1189,29,3,6,3,6,11,42,10,7,5,10,10,44,6,11,6,10,11,60,5,7,16,18,14,59,12,10,13,13,11,70,18,8,15,13,16,73,12,16,16,13,16,90,22,11,19,20,18,120,19,27,26,23,25,132,26,25,33,23,25,78,13,18,16,19,12,68,13,13,18,14,10,73,16,15,11,18,13,93,22,22,16,17,16,88,17,22,21,12,16,33,10,10,2,6,5,23,7,3,5,6,2,11,3,4,0,2,2,2,0,0,1,0,1,1,1,0,0,0,0,0
10018030005,樹下里,女,1137,26,4,3,8,7,4,36,8,5,10,6,7,46,10,9,3,11,13,45,7,10,7,11,10,73,17,15,11,16,14,72,19,12,10,17,14,74,18,10,13,19,14,85,13,24,18,17,13,96,15,23,19,22,17,83,18,21,11,19,14,67,15,16,9,15,12,72,10,13,17,19,13,81,14,17,18,20,12,92,19,26,25,10,12,81,13,17,22,20,9,52,12,11,12,9,8,27,4,7,5,8,3,15,6,1,3,3,2,12,2,5,2,3,0,2,0,1,0,1,0,0
10018030006,埔前里,計,3815,144,23,27,37,29,28,187,38,42,33,42,32,196,47,35,25,43,46,174,32,41,38,30,33,194,39,43,38,37,37,209,41,25,44,47,52,248,48,39,49,44,68,298,68,59,64,61,46,352,50,66,68,82,86,383,99,89,65,70,60,298,65,70,59,50,54,246,57,47,55,47,40,235,45,44,49,53,44,219,37,61,41,39,41,187,44,34,40,32,37,120,31,24,18,18,29,68,14,12,13,12,17,42,10,10,9,7,6,14,8,2,3,1,0,1,0,0,1,0,0,0
10018030006,埔前里,男,1970,78,8,14,23,17,16,91,19,22,16,23,11,96,27,21,10,16,22,95,13,21,21,18,22,106,21,21,26,16,22,125,25,13,26,34,27,121,27,15,19,21,39,153,32,31,34,27,29,188,31,32,29,48,48,204,53,46,37,34,34,153,35,35,26,28,29,139,25,21,36,32,25,116,21,21,27,24,23,111,19,37,19,19,17,93,23,14,23,16,17,50,16,9,4,7,14,31,6,3,7,8,7,15,4,3,3,2,3,5,4,1,0,0,0,0,0,0,0,0,0,0
10018030006,埔前里,女,1845,66,15,13,14,12,12,96,19,20,17,19,21,100,20,14,15,27,24,79,19,20,17,12,11,88,18,22,12,21,15,84,16,12,18,13,25,127,21,24,30,23,29,145,36,28,30,34,17,164,19,34,39,34,38,179,46,43,28,36,26,145,30,35,33,22,25,107,32,26,19,15,15,119,24,23,22,29,21,108,18,24,22,20,24,94,21,20,17,16,20,70,15,15,14,11,15,37,8,9,6,4,10,27,6,7,6,5,3,9,4,1,3,1,0,1,0,0,1,0,0,0
10018030007,中埔里,計,3169,94,24,16,20,17,17,114,20,21,21,29,23,107,15,17,21,25,29,147,24,25,31,37,30,151,38,28,25,30,30,189,43,33,34,39,40,230,51,36,49,51,43,235,54,47,46,51,37,274,39,61,60,54,60,285,63,51,69,41,61,193,42,42,35,41,33,204,45,37,42,46,34,259,37,63,52,51,56,271,55,69,46,53,48,216,53,39,42,43,39,104,30,20,27,13,14,59,14,18,5,9,13,24,7,3,5,2,7,13,4,3,3,1,2,0,0,0,0,0,0,0
10018030007,中埔里,男,1585,51,13,10,11,9,8,60,9,14,13,16,8,60,6,9,12,16,17,72,13,13,17,19,10,81,20,16,15,16,14,101,24,15,24,20,18,120,29,20,21,24,26,126,32,23,24,30,17,134,23,25,28,27,31,155,33,29,33,28,32,89,23,20,15,16,15,100,22,18,20,21,19,119,17,34,24,17,27,122,24,26,24,24,24,110,31,12,25,23,19,47,13,7,13,5,9,28,7,7,3,5,6,6,2,0,2,1,1,4,1,0,1,1,1,0,0,0,0,0,0,0
10018030007,中埔里,女,1584,43,11,6,9,8,9,54,11,7,8,13,15,47,9,8,9,9,12,75,11,12,14,18,20,70,18,12,10,14,16,88,19,18,10,19,22,110,22,16,28,27,17,109,22,24,22,21,20,140,16,36,32,27,29,130,30,22,36,13,29,104,19,22,20,25,18,104,23,19,22,25,15,140,20,29,28,34,29,149,31,43,22,29,24,106,22,27,17,20,20,57,17,13,14,8,5,31,7,11,2,4,7,18,5,3,3,1,6,9,3,3,2,0,1,0,0,0,0,0,0,0
10018030008,牛埔里,計,6005,210,32,41,43,53,41,191,47,39,43,34,28,194,45,28,35,42,44,285,38,55,66,68,58,323,54,67,59,72,71,423,82,75,91,76,99,455,99,94,85,93,84,451,88,98,87,95,83,582,113,112,97,134,126,623,128,123,127,105,140,516,111,102,103,87,113,506,113,103,115,90,85,386,92,76,70,72,76,335,75,73,85,42,60,250,48,57,48,57,40,142,40,24,26,32,20,68,16,15,21,9,7,41,12,9,9,7,4,19,3,4,4,4,4,4,1,3,0,0,0,1
10018030008,牛埔里,男,3021,110,22,24,19,29,16,95,27,20,25,12,11,108,23,14,19,25,27,150,23,30,27,41,29,164,31,25,29,34,45,205,36,38,42,36,53,240,54,53,41,49,43,239,38,52,50,49,50,303,58,55,48,79,63,323,64,53,72,62,72,261,57,58,55,37,54,228,50,57,40,38,43,207,53,35,35,40,44,157,35,33,40,21,28,114,21,29,19,24,21,69,23,9,14,17,6,26,5,4,11,1,5,16,7,2,3,1,3,6,2,0,2,0,2,0,0,0,0,0,0,0
10018030008,牛埔里,女,2984,100,10,17,24,24,25,96,20,19,18,22,17,86,22,14,16,17,17,135,15,25,39,27,29,159,23,42,30,38,26,218,46,37,49,40,46,215,45,41,44,44,41,212,50,46,37,46,33,279,55,57,49,55,63,300,64,70,55,43,68,255,54,44,48,50,59,278,63,46,75,52,42,179,39,41,35,32,32,178,40,40,45,21,32,136,27,28,29,33,19,73,17,15,12,15,14,42,11,11,10,8,2,25,5,7,6,6,1,13,1,4,2,4,2,4,1,3,0,0,0,1
10018030009,頂埔里,計,6053,183,23,42,40,43,35,192,46,37,35,38,36,307,46,38,51,103,69,352,67,76,75,70,64,270,64,48,47,58,53,349,75,56,56,88,74,434,88,93,88,78,87,412,92,78,84,82,76,685,101,134,153,125,172,790,187,162,155,139,147,570,144,118,115,94,99,381,93,92,71,62,63,308,67,66,56,55,64,316,70,70,69,56,51,228,56,60,48,26,38,143,38,30,25,33,17,65,11,13,14,14,13,47,11,8,9,13,6,18,8,3,4,2,1,3,1,1,1,0,0,0
10018030009,頂埔里,男,2908,95,13,21,18,22,21,100,26,16,18,21,19,175,26,23,33,57,36,169,35,36,33,39,26,135,31,25,27,36,16,183,42,31,26,41,43,227,48,50,42,43,44,200,44,37,39,38,42,333,49,58,80,62,84,390,93,72,82,73,70,258,63,49,54,53,39,181,48,43,35,27,28,124,27,23,21,22,31,131,29,35,31,19,17,97,25,22,22,14,14,56,16,8,12,15,5,29,4,3,6,9,7,17,5,1,6,4,1,7,3,1,2,0,1,1,0,0,1,0,0,0
10018030009,頂埔里,女,3145,88,10,21,22,21,14,92,20,21,17,17,17,132,20,15,18,46,33,183,32,40,42,31,38,135,33,23,20,22,37,166,33,25,30,47,31,207,40,43,46,35,43,212,48,41,45,44,34,352,52,76,73,63,88,400,94,90,73,66,77,312,81,69,61,41,60,200,45,49,36,35,35,184,40,43,35,33,33,185,41,35,38,37,34,131,31,38,26,12,24,87,22,22,13,18,12,36,7,10,8,5,6,30,6,7,3,9,5,11,5,2,2,2,0,2,1,1,0,0,0,0
10018030010,東香里,計,4986,124,27,20,26,25,26,142,25,27,29,26,35,246,35,48,40,53,70,278,33,60,54,71,60,360,56,75,73,91,65,352,85,62,60,78,67,327,79,63,66,62,57,276,61,61,63,48,43,316,40,72,69,69,66,488,94,92,91,94,117,487,98,91,97,93,108,471,114,102,87,88,80,411,93,88,79,82,69,284,65,56,62,54,47,198,43,48,46,36,25,112,40,22,11,21,18,65,15,10,15,12,13,32,8,7,8,4,5,11,1,2,4,4,0,4,1,0,1,0,2,2
10018030010,東香里,男,2510,62,14,9,16,13,10,71,8,12,14,16,21,126,16,19,20,27,44,146,22,31,20,45,28,197,33,46,38,44,36,191,40,34,35,44,38,155,37,30,29,35,24,150,33,30,36,28,23,153,20,37,32,34,30,241,46,42,45,46,62,235,49,50,49,41,46,244,56,48,49,51,40,205,43,45,39,41,37,153,34,32,31,32,24,87,23,24,18,13,9,51,15,12,6,10,8,24,6,4,6,4,4,11,3,2,3,1,2,6,1,0,4,1,0,2,1,0,0,0,1,0
10018030010,東香里,女,2476,62,13,11,10,12,16,71,17,15,15,10,14,120,19,29,20,26,26,132,11,29,34,26,32,163,23,29,35,47,29,161,45,28,25,34,29,172,42,33,37,27,33,126,28,31,27,20,20,163,20,35,37,35,36,247,48,50,46,48,55,252,49,41,48,52,62,227,58,54,38,37,40,206,50,43,40,41,32,131,31,24,31,22,23,111,20,24,28,23,16,61,25,10,5,11,10,41,9,6,9,8,9,21,5,5,5,3,3,5,0,2,0,3,0,2,0,0,1,0,1,2
10018030011,香村里,計,4730,181,28,39,32,43,39,204,39,36,49,37,43,228,42,48,33,57,48,234,55,44,44,51,40,260,55,50,43,52,60,322,66,55,64,67,70,353,72,67,74,73,67,360,81,79,70,73,57,373,59,66,72,78,98,429,104,85,92,80,68,361,79,69,71,70,72,360,77,77,63,73,70,371,66,76,94,78,57,258,55,44,68,50,41,220,47,42,44,45,42,88,19,18,22,10,19,63,16,12,15,12,8,44,14,8,11,6,5,14,3,8,2,1,0,6,2,1,1,2,0,1
10018030011,香村里,男,2423,103,19,19,19,24,22,103,26,15,22,20,20,115,25,26,13,27,24,124,29,24,21,27,23,138,32,21,24,25,36,166,32,25,30,35,44,183,36,44,34,37,32,191,45,50,30,38,28,199,33,37,38,36,55,225,59,44,52,38,32,181,37,41,35,32,36,176,41,36,29,33,37,193,35,37,57,36,28,124,24,29,29,22,20,100,14,21,23,23,19,47,11,9,13,6,8,27,9,5,8,3,2,19,7,5,2,3,2,8,1,4,2,1,0,1,0,0,1,0,0,0
10018030011,香村里,女,2307,78,9,20,13,19,17,101,13,21,27,17,23,113,17,22,20,30,24,110,26,20,23,24,17,122,23,29,19,27,24,156,34,30,34,32,26,170,36,23,40,36,35,169,36,29,40,35,29,174,26,29,34,42,43,204,45,41,40,42,36,180,42,28,36,38,36,184,36,41,34,40,33,178,31,39,37,42,29,134,31,15,39,28,21,120,33,21,21,22,23,41,8,9,9,4,11,36,7,7,7,9,6,25,7,3,9,3,3,6,2,4,0,0,0,5,2,1,0,2,0,1
10018030012,香山里,計,5305,159,17,52,29,29,32,234,42,43,45,53,51,307,48,56,68,58,77,290,58,60,53,56,63,351,66,75,66,71,73,367,67,73,75,70,82,343,73,63,77,68,62,340,69,67,71,63,70,425,82,87,76,87,93,533,91,111,115,117,99,427,79,99,89,81,79,371,73,93,89,62,54,346,81,72,57,66,70,307,67,68,59,66,47,224,52,51,47,39,35,126,31,23,41,14,17,76,13,21,14,17,11,44,14,11,5,2,12,26,6,9,7,2,2,9,4,0,2,2,1,0
10018030012,香山里,男,2593,74,10,21,13,18,12,146,32,29,25,36,24,150,19,28,34,26,43,152,31,29,27,31,34,180,34,37,32,37,40,209,40,44,38,38,49,165,32,26,35,38,34,156,29,30,33,31,33,210,48,42,40,40,40,243,42,49,51,53,48,214,45,50,41,40,38,199,35,49,52,34,29,158,39,40,22,27,30,133,30,25,23,34,21,93,20,23,20,11,19,56,15,6,21,6,8,32,7,7,4,7,7,14,4,2,3,1,4,7,1,4,1,1,0,2,1,0,0,1,0,0
10018030012,香山里,女,2712,85,7,31,16,11,20,88,10,14,20,17,27,157,29,28,34,32,34,138,27,31,26,25,29,171,32,38,34,34,33,158,27,29,37,32,33,178,41,37,42,30,28,184,40,37,38,32,37,215,34,45,36,47,53,290,49,62,64,64,51,213,34,49,48,41,41,172,38,44,37,28,25,188,42,32,35,39,40,174,37,43,36,32,26,131,32,28,27,28,16,70,16,17,20,8,9,44,6,14,10,10,4,30,10,9,2,1,8,19,5,5,6,1,2,7,3,0,2,1,1,0
10018030013,大庄里,計,3511,111,18,30,26,19,18,158,39,30,22,34,33,178,31,35,31,48,33,189,24,40,43,41,41,203,35,41,45,33,49,228,42,54,30,60,42,251,44,49,51,53,54,286,65,47,59,62,53,302,61,50,59,69,63,302,58,51,63,65,65,267,60,53,42,57,55,218,40,48,45,44,41,257,44,57,61,46,49,204,52,36,56,30,30,153,30,39,31,23,30,99,19,22,25,14,19,45,8,9,8,11,9,38,9,16,5,5,3,14,4,6,2,0,2,5,1,2,0,0,2,3
10018030013,大庄里,男,1732,62,8,15,12,16,11,71,16,16,11,13,15,87,12,15,19,25,16,91,9,15,26,19,22,101,16,18,25,17,25,112,25,26,16,31,14,130,26,21,22,32,29,147,28,31,29,27,32,169,33,26,30,38,42,145,27,22,29,29,38,134,32,30,23,22,27,111,15,30,23,21,22,129,14,32,32,29,22,86,14,18,24,18,12,64,14,15,16,8,11,51,9,8,14,10,10,21,2,4,3,7,5,14,3,3,2,3,3,4,1,1,2,0,0,2,1,1,0,0,0,1
10018030013,大庄里,女,1779,49,10,15,14,3,7,87,23,14,11,21,18,91,19,20,12,23,17,98,15,25,17,22,19,102,19,23,20,16,24,116,17,28,14,29,28,121,18,28,29,21,25,139,37,16,30,35,21,133,28,24,29,31,21,157,31,29,34,36,27,133,28,23,19,35,28,107,25,18,22,23,19,128,30,25,29,17,27,118,38,18,32,12,18,89,16,24,15,15,19,48,10,14,11,4,9,24,6,5,5,4,4,24,6,13,3,2,0,10,3,5,0,0,2,3,0,1,0,0,2,2
10018030014,美山里,計,1184,34,3,8,6,9,8,34,5,7,11,5,6,25,7,8,2,4,4,42,9,6,10,8,9,55,14,7,15,5,14,88,21,15,13,20,19,104,20,18,14,25,27,101,24,26,23,17,11,63,16,6,14,15,12,75,14,16,17,19,9,95,17,26,23,18,11,115,16,20,24,24,31,101,22,20,20,24,15,80,15,15,16,18,16,62,11,18,9,9,15,34,14,10,5,3,2,39,4,7,11,11,6,21,4,4,10,2,1,12,2,3,4,2,1,3,1,1,0,1,0,1
10018030014,美山里,男,640,19,2,3,4,6,4,16,2,2,6,3,3,15,3,6,1,2,3,26,4,2,10,5,5,29,7,3,9,4,6,48,11,9,6,12,10,60,13,9,6,18,14,59,15,12,17,8,7,32,11,2,6,8,5,47,11,10,9,13,4,52,8,14,13,12,5,65,9,12,13,12,19,57,10,10,11,15,11,45,9,9,6,13,8,29,6,10,5,1,7,17,9,4,2,1,1,15,3,3,3,4,2,5,2,0,2,1,0,3,0,0,1,1,1,1,1,0,0,0,0,0
10018030014,美山里,女,544,15,1,5,2,3,4,18,3,5,5,2,3,10,4,2,1,2,1,16,5,4,0,3,4,26,7,4,6,1,8,40,10,6,7,8,9,44,7,9,8,7,13,42,9,14,6,9,4,31,5,4,8,7,7,28,3,6,8,6,5,43,9,12,10,6,6,50,7,8,11,12,12,44,12,10,9,9,4,35,6,6,10,5,8,33,5,8,4,8,8,17,5,6,3,2,1,24,1,4,8,7,4,16,2,4,8,1,1,9,2,3,3,1,0,2,0,1,0,1,0,1
10018030015,朝山里,計,2570,79,15,17,13,14,20,53,8,10,10,14,11,98,20,18,15,27,18,113,26,26,22,19,20,150,25,33,30,34,28,207,49,32,33,47,46,217,40,50,41,43,43,174,32,43,32,39,28,168,31,28,37,35,37,222,51,49,47,38,37,205,50,38,40,44,33,216,43,48,46,36,43,192,32,42,38,46,34,147,35,35,31,28,18,146,33,34,24,28,27,84,22,14,20,22,6,53,6,17,10,13,7,32,8,5,10,6,3,7,0,3,2,1,1,7,0,4,1,1,1,0
10018030015,朝山里,男,1317,44,8,11,5,7,13,32,8,6,4,8,6,52,10,11,9,13,9,57,12,15,11,8,11,85,11,20,18,21,15,99,25,14,14,24,22,119,21,31,23,22,22,94,17,26,14,21,16,83,15,11,17,19,21,106,25,22,23,19,17,106,23,21,25,23,14,112,19,24,24,21,24,90,15,25,17,17,16,87,21,20,21,18,7,75,17,17,11,15,15,43,16,7,6,10,4,20,1,8,2,7,2,10,2,1,4,1,2,2,0,1,0,1,0,1,0,1,0,0,0,0
10018030015,朝山里,女,1253,35,7,6,8,7,7,21,0,4,6,6,5,46,10,7,6,14,9,56,14,11,11,11,9,65,14,13,12,13,13,108,24,18,19,23,24,98,19,19,18,21,21,80,15,17,18,18,12,85,16,17,20,16,16,116,26,27,24,19,20,99,27,17,15,21,19,104,24,24,22,15,19,102,17,17,21,29,18,60,14,15,10,10,11,71,16,17,13,13,12,41,6,7,14,12,2,33,5,9,8,6,5,22,6,4,6,5,1,5,0,2,2,0,1,6,0,3,1,1,1,0
10018030016,海山里,計,2690,80,15,22,14,14,15,68,13,8,19,15,13,99,17,21,12,21,28,134,11,27,27,34,35,146,22,27,40,36,21,193,34,40,36,38,45,187,40,36,42,41,28,188,29,50,42,40,27,230,40,47,40,54,49,219,50,32,46,39,52,196,43,34,36,42,41,192,43,32,36,43,38,236,56,46,40,46,48,191,36,47,33,32,43,133,23,30,27,23,30,81,18,22,14,14,13,64,13,15,13,8,15,32,9,5,10,5,3,16,3,5,3,2,3,4,1,2,1,0,0,1
10018030016,海山里,男,1355,35,7,9,5,8,6,29,5,4,5,9,6,48,8,9,6,10,15,72,5,20,14,15,18,66,8,11,18,18,11,90,11,22,19,17,21,105,24,20,26,22,13,103,18,31,19,24,11,123,22,25,23,26,27,118,27,21,24,21,25,106,21,23,21,16,25,94,23,14,13,25,19,117,28,32,21,14,22,100,18,29,20,15,18,57,12,20,10,9,6,39,9,11,5,7,7,32,4,8,6,5,9,15,3,4,3,3,2,4,1,2,1,0,0,1,0,0,1,0,0,1
10018030016,海山里,女,1335,45,8,13,9,6,9,39,8,4,14,6,7,51,9,12,6,11,13,62,6,7,13,19,17,80,14,16,22,18,10,103,23,18,17,21,24,82,16,16,16,19,15,85,11,19,23,16,16,107,18,22,17,28,22,101,23,11,22,18,27,90,22,11,15,26,16,98,20,18,23,18,19,119,28,14,19,32,26,91,18,18,13,17,25,76,11,10,17,14,24,42,9,11,9,7,6,32,9,7,7,3,6,17,6,1,7,2,1,12,2,3,2,2,3,3,1,2,0,0,0,0
10018030017,茄苳里,計,1213,42,9,10,7,8,8,26,4,7,3,7,5,32,5,4,7,5,11,45,10,8,7,12,8,80,16,18,9,20,17,78,16,16,10,19,17,103,17,19,20,21,26,80,17,17,15,17,14,93,13,26,16,19,19,104,14,21,17,31,21,128,25,23,29,29,22,102,29,17,19,18,19,92,17,19,18,20,18,76,21,20,10,13,12,61,17,12,12,8,12,26,5,10,4,4,3,21,4,5,5,5,2,17,5,5,2,3,2,6,3,0,2,0,1,1,0,1,0,0,0,0
10018030017,茄苳里,男,645,18,4,4,4,2,4,11,2,3,1,4,1,17,2,2,4,3,6,24,7,4,3,5,5,47,9,10,8,10,10,42,10,9,4,10,9,48,11,6,10,10,11,44,7,9,10,7,11,51,8,13,10,12,8,50,6,9,9,16,10,82,15,14,20,16,17,51,18,8,7,8,10,58,12,11,12,12,11,39,8,11,6,7,7,25,10,4,4,3,4,13,4,5,3,1,0,12,2,3,2,3,2,9,2,4,1,1,1,4,2,0,1,0,1,0,0,0,0,0,0,0
10018030017,茄苳里,女,568,24,5,6,3,6,4,15,2,4,2,3,4,15,3,2,3,2,5,21,3,4,4,7,3,33,7,8,1,10,7,36,6,7,6,9,8,55,6,13,10,11,15,36,10,8,5,10,3,42,5,13,6,7,11,54,8,12,8,15,11,46,10,9,9,13,5,51,11,9,12,10,9,34,5,8,6,8,7,37,13,9,4,6,5,36,7,8,8,5,8,13,1,5,1,3,3,9,2,2,3,2,0,8,3,1,1,2,1,2,1,0,1,0,0,1,0,1,0,0,0,0
10018030018,大湖里,計,969,25,8,2,6,5,4,24,4,3,5,6,6,25,3,5,2,9,6,28,3,3,5,9,8,60,9,9,19,7,16,81,18,13,10,24,16,84,18,14,17,20,15,67,17,13,13,15,9,49,9,8,13,5,14,63,9,14,13,11,16,90,19,18,16,20,17,99,29,19,22,15,14,70,19,11,12,14,14,64,8,15,17,9,15,55,9,10,9,18,9,29,8,8,6,3,4,29,10,6,4,7,2,19,5,4,5,2,3,8,2,3,2,1,0,0,0,0,0,0,0,0
10018030018,大湖里,男,534,17,5,2,5,1,4,16,4,2,2,4,4,18,1,5,1,8,3,14,2,0,3,5,4,35,3,4,15,3,10,46,11,9,4,11,11,44,8,11,9,10,6,41,8,9,6,10,8,27,5,2,9,4,7,27,4,4,5,6,8,44,10,11,9,10,4,55,20,11,9,7,8,44,13,6,7,10,8,38,5,9,8,6,10,25,6,5,5,6,3,15,4,6,2,1,2,15,4,4,2,4,1,8,1,3,2,1,1,5,1,2,1,1,0,0,0,0,0,0,0,0
10018030018,大湖里,女,435,8,3,0,1,4,0,8,0,1,3,2,2,7,2,0,1,1,3,14,1,3,2,4,4,25,6,5,4,4,6,35,7,4,6,13,5,40,10,3,8,10,9,26,9,4,7,5,1,22,4,6,4,1,7,36,5,10,8,5,8,46,9,7,7,10,13,44,9,8,13,8,6,26,6,5,5,4,6,26,3,6,9,3,5,30,3,5,4,12,6,14,4,2,4,2,2,14,6,2,2,3,1,11,4,1,3,1,2,3,1,1,1,0,0,0,0,0,0,0,0,0
10018030019,南隘里,計,977,33,3,10,7,6,7,52,10,6,13,11,12,42,8,8,8,11,7,47,7,11,10,9,10,64,15,17,13,9,10,55,13,9,10,13,10,53,14,10,10,12,7,64,11,10,17,12,14,91,19,12,23,19,18,74,10,19,18,9,18,80,17,13,16,20,14,66,16,11,15,12,12,67,15,9,18,16,9,57,15,12,14,8,8,46,14,9,10,8,5,35,7,9,9,6,4,28,4,10,3,6,5,12,4,2,2,1,3,10,2,0,3,2,3,1,0,0,0,0,1,0
10018030019,南隘里,男,507,20,1,6,4,4,5,17,4,2,3,4,4,24,6,5,4,5,4,24,1,7,3,7,6,29,7,8,6,4,4,34,9,5,7,8,5,32,6,6,8,7,5,32,6,6,9,4,7,44,7,7,14,9,7,36,4,10,10,5,7,45,8,5,8,14,10,39,9,8,9,7,6,36,9,5,12,6,4,30,8,6,7,4,5,23,11,3,4,4,1,15,4,4,3,3,1,18,1,8,1,4,4,4,0,0,1,1,2,4,1,0,2,0,1,1,0,0,0,0,1,0
10018030019,南隘里,女,470,13,2,4,3,2,2,35,6,4,10,7,8,18,2,3,4,6,3,23,6,4,7,2,4,35,8,9,7,5,6,21,4,4,3,5,5,21,8,4,2,5,2,32,5,4,8,8,7,47,12,5,9,10,11,38,6,9,8,4,11,35,9,8,8,6,4,27,7,3,6,5,6,31,6,4,6,10,5,27,7,6,7,4,3,23,3,6,6,4,4,20,3,5,6,3,3,10,3,2,2,2,1,8,4,2,1,0,1,6,1,0,1,2,2,0,0,0,0,0,0,0
10018030020,中隘里,計,2371,90,15,19,17,21,18,60,10,15,16,8,11,78,15,16,5,18,24,105,20,26,22,24,13,111,21,20,23,18,29,171,33,35,25,35,43,212,49,40,41,42,40,186,43,27,46,35,35,227,41,49,33,59,45,199,36,39,39,42,43,173,28,38,33,32,42,185,30,39,43,37,36,180,33,41,34,38,34,147,33,39,32,22,21,110,25,24,22,23,16,63,15,16,12,8,12,42,10,9,7,7,9,19,7,3,2,6,1,13,2,1,1,6,3,0,0,0,0,0,0,0
10018030020,中隘里,男,1256,48,7,10,8,15,8,32,6,8,8,4,6,47,9,8,5,15,10,56,12,15,7,13,9,65,10,12,10,14,19,104,17,19,18,24,26,108,20,22,20,27,19,112,25,14,31,19,23,120,22,23,19,31,25,102,14,19,24,24,21,90,15,20,15,15,25,97,16,21,22,22,16,87,14,20,14,20,19,78,20,19,22,10,7,60,13,14,11,13,9,21,5,6,5,2,3,19,3,6,2,3,5,9,3,1,1,4,0,1,0,0,0,1,0,0,0,0,0,0,0,0
10018030020,中隘里,女,1115,42,8,9,9,6,10,28,4,7,8,4,5,31,6,8,0,3,14,49,8,11,15,11,4,46,11,8,13,4,10,67,16,16,7,11,17,104,29,18,21,15,21,74,18,13,15,16,12,107,19,26,14,28,20,97,22,20,15,18,22,83,13,18,18,17,17,88,14,18,21,15,20,93,19,21,20,18,15,69,13,20,10,12,14,50,12,10,11,10,7,42,10,10,7,6,9,23,7,3,5,4,4,10,4,2,1,2,1,12,2,1,1,5,3,0,0,0,0,0,0,0
10018030021,內湖里,計,5065,165,33,31,32,41,28,170,32,37,33,32,36,226,41,42,40,52,51,262,45,57,37,53,70,327,58,74,56,58,81,346,72,82,63,61,68,375,82,67,72,76,78,324,68,74,58,65,59,408,59,89,82,86,92,454,96,98,93,80,87,406,75,74,90,85,82,374,79,72,85,69,69,370,81,64,74,84,67,314,72,67,60,50,65,255,58,53,51,55,38,154,45,27,37,26,19,73,17,19,12,13,12,39,13,8,6,5,7,16,3,5,4,2,2,7,4,2,0,1,0,0
10018030021,內湖里,男,2522,80,17,18,14,19,12,77,14,13,18,15,17,123,27,24,21,25,26,146,28,26,17,36,39,181,32,40,34,33,42,184,37,43,39,34,31,187,35,33,37,39,43,170,39,37,29,34,31,211,34,45,44,45,43,235,46,47,52,42,48,196,43,36,39,37,41,181,40,31,36,35,39,176,47,24,34,43,28,145,34,30,27,29,25,108,23,24,18,29,14,73,17,15,20,14,7,27,8,7,3,4,5,14,1,4,4,1,4,4,1,1,1,1,0,4,2,1,0,1,0,0
10018030021,內湖里,女,2543,85,16,13,18,22,16,93,18,24,15,17,19,103,14,18,19,27,25,116,17,31,20,17,31,146,26,34,22,25,39,162,35,39,24,27,37,188,47,34,35,37,35,154,29,37,29,31,28,197,25,44,38,41,49,219,50,51,41,38,39,210,32,38,51,48,41,193,39,41,49,34,30,194,34,40,40,41,39,169,38,37,33,21,40,147,35,29,33,26,24,81,28,12,17,12,12,46,9,12,9,9,7,25,12,4,2,4,3,12,2,4,3,1,2,3,2,1,0,0,0,0
10018030022,鹽水里,計,1705,62,6,15,15,11,15,62,11,16,13,11,11,44,11,6,14,9,4,82,11,15,17,22,17,82,17,16,14,19,16,127,27,21,32,23,24,128,33,31,19,23,22,113,22,19,27,26,19,135,20,25,28,33,29,162,30,35,31,36,30,154,41,29,24,28,32,135,32,22,29,23,29,112,14,20,22,33,23,100,29,12,25,19,15,99,19,18,24,22,16,48,16,7,11,11,3,28,9,1,6,7,5,19,4,5,8,1,1,9,3,2,1,0,3,3,0,1,1,0,1,1
10018030022,鹽水里,男,873,31,2,9,7,5,8,30,3,9,8,4,6,24,6,2,10,4,2,38,5,7,9,10,7,44,10,7,6,10,11,67,10,10,16,12,19,72,19,17,11,11,14,63,11,7,17,16,12,70,10,12,12,20,16,86,20,17,13,17,19,85,24,16,12,12,21,75,22,11,17,11,14,60,6,11,17,17,9,46,11,4,14,9,8,44,7,10,12,7,8,16,5,3,4,3,1,10,5,1,2,1,1,5,2,0,3,0,0,4,3,0,0,0,1,2,0,1,0,0,1,1
10018030022,鹽水里,女,832,31,4,6,8,6,7,32,8,7,5,7,5,20,5,4,4,5,2,44,6,8,8,12,10,38,7,9,8,9,5,60,17,11,16,11,5,56,14,14,8,12,8,50,11,12,10,10,7,65,10,13,16,13,13,76,10,18,18,19,11,69,17,13,12,16,11,60,10,11,12,12,15,52,8,9,5,16,14,54,18,8,11,10,7,55,12,8,12,15,8,32,11,4,7,8,2,18,4,0,4,6,4,14,2,5,5,1,1,5,0,2,1,0,2,1,0,0,1,0,0,0
10018030023,南港里,計,910,32,8,10,3,5,6,31,5,7,9,5,5,36,6,6,7,5,12,36,8,5,12,5,6,44,7,9,12,7,9,51,10,16,3,9,13,64,11,15,14,8,16,61,14,8,12,19,8,91,18,21,16,16,20,89,25,15,20,14,15,53,13,13,10,7,10,66,15,8,14,16,13,61,12,9,11,11,18,64,16,14,11,14,9,61,9,15,15,14,8,32,9,4,8,4,7,26,9,3,4,4,6,10,2,1,1,2,4,0,0,0,0,0,0,2,0,2,0,0,0,0
10018030023,南港里,男,471,20,6,4,3,2,5,11,0,2,3,2,4,20,3,2,5,3,7,16,3,1,8,2,2,24,4,7,3,3,7,23,3,8,0,6,6,29,7,5,5,4,8,40,9,7,7,12,5,46,6,12,10,9,9,54,14,12,11,8,9,28,7,7,5,4,5,36,8,3,10,9,6,34,8,7,6,2,11,26,7,7,7,4,1,33,5,7,10,6,5,16,5,4,4,1,2,11,3,0,3,2,3,4,0,0,0,1,3,0,0,0,0,0,0,0,0,0,0,0,0,0
10018030023,南港里,女,439,12,2,6,0,3,1,20,5,5,6,3,1,16,3,4,2,2,5,20,5,4,4,3,4,20,3,2,9,4,2,28,7,8,3,3,7,35,4,10,9,4,8,21,5,1,5,7,3,45,12,9,6,7,11,35,11,3,9,6,6,25,6,6,5,3,5,30,7,5,4,7,7,27,4,2,5,9,7,38,9,7,4,10,8,28,4,8,5,8,3,16,4,0,4,3,5,15,6,3,1,2,3,6,2,1,1,1,1,0,0,0,0,0,0,2,0,2,0,0,0,0
10018030024,頂福里,計,5396,184,24,30,46,40,44,157,41,40,24,22,30,178,24,22,33,49,50,279,47,59,54,65,54,340,65,57,74,76,68,363,62,87,66,69,79,405,95,74,76,79,81,374,82,70,79,69,74,468,89,74,97,77,131,514,99,98,125,89,103,529,119,112,112,96,90,448,114,81,80,77,96,373,85,68,83,72,65,266,50,52,51,57,56,240,42,48,41,53,56,145,36,34,23,27,25,68,8,17,11,12,20,42,10,10,11,8,3,15,6,4,1,4,0,8,3,1,4,0,0,0
10018030024,頂福里,男,2653,90,11,16,21,22,20,80,22,23,10,8,17,92,12,13,15,25,27,138,24,27,26,33,28,191,39,32,38,43,39,193,35,49,34,30,45,209,49,47,29,48,36,207,32,36,44,45,50,233,45,39,51,38,60,253,55,58,45,49,46,258,55,54,55,56,38,211,58,34,36,36,47,181,38,25,41,33,44,118,32,22,24,18,22,90,12,22,13,23,20,62,9,15,9,15,14,26,2,6,2,3,13,12,2,3,4,2,1,5,2,0,0,3,0,4,2,0,2,0,0,0
10018030024,頂福里,女,2743,94,13,14,25,18,24,77,19,17,14,14,13,86,12,9,18,24,23,141,23,32,28,32,26,149,26,25,36,33,29,170,27,38,32,39,34,196,46,27,47,31,45,167,50,34,35,24,24,235,44,35,46,39,71,261,44,40,80,40,57,271,64,58,57,40,52,237,56,47,44,41,49,192,47,43,42,39,21,148,18,30,27,39,34,150,30,26,28,30,36,83,27,19,14,12,11,42,6,11,9,9,7,30,8,7,7,6,2,10,4,4,1,1,0,4,1,1,2,0,0,0
