公開類,,編製機關,新竹市政府(民政處),,,,,,,,,,,,,,,,,,,,,,,,,,,,,,,,,,,,,,,,,,,,,,,,,,,,,,,,,,,,,,,,,,,,,,,,,,,,,,,,,,,,,,,,,,,,,,,,,,,,,,,,,,,,,,,,,,,,,,,,,
月報,次月5日前編送,,,,,,,,,,,,,,,,,,,,,,,,,,,,,,,,,,,,,,,,,,,,,,,,,,,,,,,,,,,,,,,,,,,,,,,,,,,,,,,,,,,,,,,,,,,,,,,,,,,,,,,,,,,,,,,,,,,,,,,,,,,
月統計報表之3,新竹市各區村里　現住人口數按性別及年齡分,,,,,,,,,,,,,,,,,,,,,,,,,,,,,,,,,,,,,,,,,,,,,,,,,,,,,,,,,,,,,,,,,,,,,,,,,,,,,,,,,,,,,,,,,,,,,,,,,,,,,,,,,,,,,,,,,,,,,,,,,,,
中華民國115年06月底,,,,,,,,,,,,,,,,,,,,,,,,,,,,,,,,,,,,,,,,,,,,,,,,,,,,,,,,,,,,,,,,,,,,,,,,,,,,,,,,,,,,,,,,,,,,,,,,,,,,,,,,,,,,,,,,,,,,,,,,,,,,
RRRP03360,單位：人,,,,,,,,,,,,,,,,,,,,,,,,,,,,,,,,,,,,,,,,,,,,,,,,,,,,,,,,,,,,,,,,,,,,,,,,,,,,,,,,,,,,,,,,,,,,,,,,,,,,,,,,,,,,,,,,,,,,,,,,,,,
區域代碼,區域別,性別,總計,0～4歲_合計,0～4歲_0歲,0～4歲_1歲,0～4歲_2歲,0～4歲_3歲,0～4歲_4歲,5～9歲_合計,5～9歲_5歲,5～9歲_6歲,5～9歲_7歲,5～9歲_8歲,5～9歲_9歲,10～14歲_合計,10～14歲_10歲,10～14歲_11歲,10～14歲_12歲,10～14歲_13歲,10～14歲_14歲,15～19歲_合計,15～19歲_15歲,15～19歲_16歲,15～19歲_17歲,15～19歲_18歲,15～19歲_19歲,20～24歲_合計,20～24歲_20歲,20～24歲_21歲,20～24歲_22歲,20～24歲_23歲,20～24歲_24歲,25～29歲_合計,25～29歲_25歲,25～29歲_26歲,25～29歲_27歲,25～29歲_28歲,25～29歲_29歲,30～34歲_合計,30～34歲_30歲,30～34歲_31歲,30～34歲_32歲,30～34歲_33歲,30～34歲_34歲,35～39歲_合計,35～39歲_35歲,35～39歲_36歲,35～39歲_37歲,35～39歲_38歲,35～39歲_39歲,40～44歲_合計,40～44歲_40歲,40～44歲_41歲,40～44歲_42歲,40～44歲_43歲,40～44歲_44歲,45～49歲_合計,45～49歲_45歲,45～49歲_46歲,45～49歲_47歲,45～49歲_48歲,45～49歲_49歲,50～54歲_合計,50～54歲_50歲,50～54歲_51歲,50～54歲_52歲,50～54歲_53歲,50～54歲_54歲,55～59歲_合計,55～59歲_55歲,55～59歲_56歲,55～59歲_57歲,55～59歲_58歲,55～59歲_59歲,60～64歲_合計,60～64歲_60歲,60～64歲_61歲,60～64歲_62歲,60～64歲_63歲,60～64歲_64歲,65～69歲_合計,65～69歲_65歲,65～69歲_66歲,65～69歲_67歲,65～69歲_68歲,65～69歲_69歲,70～74歲_合計,70～74歲_70歲,70～74歲_71歲,70～74歲_72歲,70～74歲_73歲,70～74歲_74歲,75～79歲_合計,75～79歲_75歲,75～79歲_76歲,75～79歲_77歲,75～79歲_78歲,75～79歲_79歲,80～84歲_合計,80～84歲_80歲,80～84歲_81歲,80～84歲_82歲,80～84歲_83歲,80～84歲_84歲,85～89歲_合計,85～89歲_85歲,85～89歲_86歲,85～89歲_87歲,85～89歲_88歲,85～89歲_89歲,90～94歲_合計,90～94歲_90歲,90～94歲_91歲,90～94歲_92歲,90～94歲_93歲,90～94歲_94歲,95～99歲_合計,95～99歲_95歲,95～99歲_96歲,95～99歲_97歲,95～99歲_98歲,95～99歲_99歲,100歲以上
10018000,總計,計,455755,16201,2345,3219,3442,3440,3755,23105,4041,4414,4571,4908,5171,28636,5607,5909,5467,6045,5608,23423,4478,4669,4745,4996,4535,23119,4436,4531,4428,4810,4914,27210,5545,5258,4981,5479,5947,30167,6113,5925,5958,6115,6056,31717,6350,6372,6497,6319,6179,38668,6562,7312,7770,8314,8710,43148,9028,8932,8627,7983,8578,34685,7603,7061,6724,6601,6696,31498,6664,6565,6538,5989,5742,28965,5925,5957,5720,5748,5615,25073,5272,5270,5267,4700,4564,21294,4563,4604,4243,3982,3902,13526,3529,2905,2784,2250,2058,7503,1422,1569,1597,1535,1380,4982,1287,1130,1025,835,705,2032,567,509,366,344,246,663,218,155,132,98,60,140
10018000,總計,男,224685,8418,1169,1733,1813,1765,1938,11965,2091,2324,2372,2576,2602,14876,2877,3072,2858,3103,2966,12272,2320,2400,2512,2695,2345,12103,2358,2309,2335,2521,2580,14119,2898,2722,2580,2842,3077,15579,3139,3067,3048,3191,3134,16153,3298,3234,3305,3222,3094,18735,3234,3499,3727,4038,4237,20926,4339,4309,4185,3879,4214,17037,3741,3478,3365,3187,3266,15370,3265,3177,3171,2938,2819,14040,2901,2899,2767,2739,2734,11703,2497,2475,2507,2211,2013,9667,2070,2072,1993,1794,1738,5901,1564,1256,1193,1001,887,2981,592,620,637,592,540,1773,471,405,355,290,252,734,201,178,135,118,102,264,87,50,48,44,35,69
10018000,總計,女,231070,7783,1176,1486,1629,1675,1817,11140,1950,2090,2199,2332,2569,13760,2730,2837,2609,2942,2642,11151,2158,2269,2233,2301,2190,11016,2078,2222,2093,2289,2334,13091,2647,2536,2401,2637,2870,14588,2974,2858,2910,2924,2922,15564,3052,3138,3192,3097,3085,19933,3328,3813,4043,4276,4473,22222,4689,4623,4442,4104,4364,17648,3862,3583,3359,3414,3430,16128,3399,3388,3367,3051,2923,14925,3024,3058,2953,3009,2881,13370,2775,2795,2760,2489,2551,11627,2493,2532,2250,2188,2164,7625,1965,1649,1591,1249,1171,4522,830,949,960,943,840,3209,816,725,670,545,453,1298,366,331,231,226,144,399,131,105,84,54,25,71
10018010,東區,計,221916,8712,1170,1688,1859,1877,2118,13777,2255,2553,2753,2971,3245,17558,3573,3796,3460,3543,3186,12146,2464,2475,2453,2509,2245,10789,2102,2120,2089,2203,2275,12280,2559,2387,2212,2454,2668,13745,2714,2683,2691,2877,2780,15189,2926,2962,3158,3066,3077,19070,3218,3636,3781,4119,4316,21163,4407,4445,4221,3915,4175,16448,3729,3372,3153,3093,3101,14355,3096,3002,3014,2661,2582,12888,2661,2674,2582,2499,2472,11078,2318,2267,2335,2093,2065,9351,2026,2019,1792,1803,1711,6115,1581,1313,1239,1029,953,3442,640,703,742,722,635,2375,604,524,494,397,356,985,270,254,156,178,127,352,112,82,75,47,36,98
10018010,東區,男,109434,4574,591,909,991,956,1127,7178,1172,1362,1441,1566,1637,9172,1856,1987,1785,1836,1708,6401,1267,1282,1305,1351,1196,5624,1111,1092,1104,1150,1167,6434,1342,1251,1155,1290,1396,7056,1392,1391,1387,1491,1395,7610,1509,1477,1601,1514,1509,9007,1509,1668,1751,1991,2088,10032,2041,2089,1999,1877,2026,8122,1849,1660,1589,1516,1508,7073,1513,1466,1497,1334,1263,6241,1287,1293,1248,1210,1203,5263,1133,1103,1129,982,916,4324,926,922,859,836,781,2594,678,549,511,453,403,1346,271,282,283,265,245,840,223,199,161,148,109,356,91,94,52,60,59,139,42,27,25,22,23,48
10018010,東區,女,112482,4138,579,779,868,921,991,6599,1083,1191,1312,1405,1608,8386,1717,1809,1675,1707,1478,5745,1197,1193,1148,1158,1049,5165,991,1028,985,1053,1108,5846,1217,1136,1057,1164,1272,6689,1322,1292,1304,1386,1385,7579,1417,1485,1557,1552,1568,10063,1709,1968,2030,2128,2228,11131,2366,2356,2222,2038,2149,8326,1880,1712,1564,1577,1593,7282,1583,1536,1517,1327,1319,6647,1374,1381,1334,1289,1269,5815,1185,1164,1206,1111,1149,5027,1100,1097,933,967,930,3521,903,764,728,576,550,2096,369,421,459,457,390,1535,381,325,333,249,247,629,179,160,104,118,68,213,70,55,50,25,13,50
10018010001,南門里,計,749,15,5,3,1,3,3,21,3,4,5,1,8,12,2,1,4,1,4,20,4,0,3,8,5,27,5,4,3,6,9,39,8,7,8,7,9,47,9,7,12,13,6,47,7,14,12,8,6,53,12,6,7,17,11,60,10,10,12,12,16,59,16,13,17,8,5,60,13,18,15,4,10,66,14,16,11,10,15,56,11,11,12,11,11,58,16,10,7,10,15,52,11,17,7,10,7,30,6,3,8,7,6,16,6,0,1,4,5,6,1,0,2,2,1,3,2,0,1,0,0,2
10018010001,南門里,男,366,8,3,2,1,0,2,12,1,4,2,1,4,8,1,0,3,1,3,9,0,0,3,4,2,10,2,1,2,2,3,16,2,3,5,2,4,27,6,5,6,6,4,26,4,8,7,3,4,24,6,2,4,9,3,24,4,3,4,6,7,29,8,5,10,4,2,34,7,10,7,3,7,39,7,10,5,9,8,26,6,4,6,5,5,24,10,4,3,2,5,28,9,6,4,4,5,14,3,2,4,1,4,5,3,0,0,2,0,1,0,0,1,0,0,2,1,0,1,0,0,0
10018010001,南門里,女,383,7,2,1,0,3,1,9,2,0,3,0,4,4,1,1,1,0,1,11,4,0,0,4,3,17,3,3,1,4,6,23,6,4,3,5,5,20,3,2,6,7,2,21,3,6,5,5,2,29,6,4,3,8,8,36,6,7,8,6,9,30,8,8,7,4,3,26,6,8,8,1,3,27,7,6,6,1,7,30,5,7,6,6,6,34,6,6,4,8,10,24,2,11,3,6,2,16,3,1,4,6,2,11,3,0,1,2,5,5,1,0,1,2,1,1,1,0,0,0,0,2
10018010002,福德里,計,1617,45,4,10,13,5,13,43,9,9,11,7,7,49,16,8,9,6,10,67,11,11,10,15,20,84,19,21,9,12,23,97,16,18,11,18,34,104,28,18,19,24,15,109,21,27,21,19,21,122,18,29,16,34,25,118,21,31,18,19,29,109,20,23,20,28,18,130,35,24,20,27,24,141,21,41,27,22,30,122,25,27,22,28,20,97,23,18,20,16,20,75,16,16,16,15,12,43,7,8,10,7,11,35,4,7,6,6,12,22,6,8,3,3,2,4,2,1,0,0,1,1
10018010002,福德里,男,797,25,3,7,5,3,7,27,6,3,7,4,7,16,8,2,3,1,2,38,5,5,5,9,14,44,10,9,7,6,12,39,7,4,6,7,15,56,12,10,11,14,9,57,10,12,14,8,13,63,6,19,8,18,12,61,13,15,8,11,14,57,10,12,10,14,11,66,15,12,9,19,11,73,8,25,14,10,16,63,10,16,11,13,13,46,12,10,9,5,10,32,5,10,6,7,4,14,2,1,4,2,5,11,0,2,2,1,6,6,1,2,2,0,1,3,2,1,0,0,0,0
10018010002,福德里,女,820,20,1,3,8,2,6,16,3,6,4,3,0,33,8,6,6,5,8,29,6,6,5,6,6,40,9,12,2,6,11,58,9,14,5,11,19,48,16,8,8,10,6,52,11,15,7,11,8,59,12,10,8,16,13,57,8,16,10,8,15,52,10,11,10,14,7,64,20,12,11,8,13,68,13,16,13,12,14,59,15,11,11,15,7,51,11,8,11,11,10,43,11,6,10,8,8,29,5,7,6,5,6,24,4,5,4,5,6,16,5,6,1,3,1,1,0,0,0,0,1,1
10018010003,南市里,計,876,20,5,3,3,3,6,18,4,3,1,6,4,22,7,6,4,1,4,32,5,4,8,7,8,31,4,3,7,9,8,48,7,10,8,10,13,64,13,18,14,9,10,45,9,10,11,8,7,75,9,18,19,14,15,63,12,13,17,8,13,68,14,15,15,8,16,69,15,10,19,11,14,72,9,12,22,15,14,73,14,12,18,14,15,70,15,12,16,12,15,52,15,12,9,5,11,24,8,5,5,4,2,18,7,2,6,2,1,10,2,3,2,3,0,2,2,0,0,0,0,0
10018010003,南市里,男,430,12,3,2,1,2,4,10,2,2,0,2,4,12,4,5,1,0,2,15,3,1,4,4,3,18,1,3,3,6,5,21,5,4,4,3,5,41,8,14,9,4,6,18,4,5,3,3,3,38,5,9,10,5,9,21,5,4,4,0,8,31,6,7,6,3,9,33,7,6,12,5,3,44,5,6,13,11,9,34,6,9,9,5,5,33,7,7,6,5,8,26,7,8,5,0,6,8,3,2,2,1,0,9,3,1,3,2,0,5,1,2,1,1,0,1,1,0,0,0,0,0
10018010003,南市里,女,446,8,2,1,2,1,2,8,2,1,1,4,0,10,3,1,3,1,2,17,2,3,4,3,5,13,3,0,4,3,3,27,2,6,4,7,8,23,5,4,5,5,4,27,5,5,8,5,4,37,4,9,9,9,6,42,7,9,13,8,5,37,8,8,9,5,7,36,8,4,7,6,11,28,4,6,9,4,5,39,8,3,9,9,10,37,8,5,10,7,7,26,8,4,4,5,5,16,5,3,3,3,2,9,4,1,3,0,1,5,1,1,1,2,0,1,1,0,0,0,0,0
10018010004,關帝里,計,515,4,1,1,1,0,1,17,4,4,2,4,3,8,2,0,1,3,2,11,3,3,2,2,1,16,2,2,3,4,5,25,5,5,4,4,7,36,9,6,6,12,3,41,12,4,10,7,8,36,7,5,15,6,3,33,5,4,8,4,12,31,5,5,5,6,10,40,4,9,6,12,9,41,5,10,3,14,9,46,7,11,12,10,6,38,5,13,10,7,3,38,11,10,9,6,2,20,4,3,5,4,4,24,6,5,5,4,4,8,3,3,2,0,0,2,0,1,0,1,0,0
10018010004,關帝里,男,266,2,0,0,1,0,1,10,3,3,1,2,1,5,2,0,1,0,2,3,1,1,1,0,0,9,2,2,0,1,4,16,4,2,3,3,4,21,5,3,4,7,2,24,7,2,4,6,5,22,6,2,10,3,1,19,2,3,6,2,6,22,3,4,4,4,7,19,1,6,2,5,5,19,3,4,2,7,3,19,3,5,6,3,2,16,3,4,7,0,2,15,5,2,6,1,1,9,1,3,1,2,2,12,3,2,0,4,3,3,1,0,2,0,0,1,0,0,0,1,0,0
10018010004,關帝里,女,249,2,1,1,0,0,0,7,1,1,1,2,2,3,0,0,0,3,0,8,2,2,1,2,1,7,0,0,3,3,1,9,1,3,1,1,3,15,4,3,2,5,1,17,5,2,6,1,3,14,1,3,5,3,2,14,3,1,2,2,6,9,2,1,1,2,3,21,3,3,4,7,4,22,2,6,1,7,6,27,4,6,6,7,4,22,2,9,3,7,1,23,6,8,3,5,1,11,3,0,4,2,2,12,3,3,5,0,1,5,2,3,0,0,0,1,0,1,0,0,0,0
10018010005,東門里,計,550,24,4,7,8,4,1,15,3,3,7,2,0,16,3,2,5,2,4,11,3,2,3,2,1,17,2,3,3,2,7,35,7,5,8,8,7,36,6,7,7,10,6,27,8,9,3,2,5,37,9,9,7,6,6,36,6,8,6,8,8,37,5,6,11,8,7,44,6,8,13,8,9,47,13,8,8,10,8,39,8,13,7,8,3,36,4,6,7,6,13,41,11,7,8,10,5,22,4,3,7,4,4,19,6,2,5,4,2,8,4,1,0,3,0,2,1,0,1,0,0,1
10018010005,東門里,男,265,12,1,5,3,2,1,6,1,1,3,1,0,8,2,1,3,0,2,4,2,1,1,0,0,12,2,1,1,2,6,18,4,2,4,5,3,21,4,5,2,8,2,10,4,4,0,0,2,17,1,5,6,1,4,15,3,5,4,1,2,18,3,2,5,3,5,23,2,5,9,3,4,21,7,5,2,3,4,23,4,7,5,5,2,19,2,3,5,2,7,18,4,4,2,5,3,8,2,1,3,0,2,8,3,1,1,2,1,3,1,1,0,1,0,1,0,0,1,0,0,0
10018010005,東門里,女,285,12,3,2,5,2,0,9,2,2,4,1,0,8,1,1,2,2,2,7,1,1,2,2,1,5,0,2,2,0,1,17,3,3,4,3,4,15,2,2,5,2,4,17,4,5,3,2,3,20,8,4,1,5,2,21,3,3,2,7,6,19,2,4,6,5,2,21,4,3,4,5,5,26,6,3,6,7,4,16,4,6,2,3,1,17,2,3,2,4,6,23,7,3,6,5,2,14,2,2,4,4,2,11,3,1,4,2,1,5,3,0,0,2,0,1,1,0,0,0,0,1
10018010006,榮光里,計,288,11,0,3,3,2,3,13,4,2,6,0,1,4,0,1,1,2,0,10,2,2,0,1,5,8,2,4,1,1,0,9,4,0,1,2,2,11,2,1,1,4,3,18,3,3,5,6,1,18,4,6,3,4,1,17,3,2,7,3,2,21,6,3,2,6,4,23,5,6,5,2,5,23,4,4,5,4,6,31,4,7,6,4,10,30,6,6,6,6,6,20,4,2,4,2,8,6,0,0,4,0,2,7,2,2,1,1,1,7,3,0,2,2,0,0,0,0,0,0,0,1
10018010006,榮光里,男,140,6,0,1,2,1,2,6,2,1,3,0,0,1,0,1,0,0,0,6,1,2,0,0,3,4,2,1,0,1,0,5,2,0,1,0,2,6,1,1,0,4,0,6,1,1,1,3,0,9,2,4,2,1,0,8,2,0,5,1,0,10,2,2,2,2,2,10,1,6,2,0,1,13,2,2,2,3,4,16,4,4,2,0,6,17,3,3,4,4,3,9,3,2,2,0,2,4,0,0,3,0,1,3,1,1,0,1,0,1,1,0,0,0,0,0,0,0,0,0,0,0
10018010006,榮光里,女,148,5,0,2,1,1,1,7,2,1,3,0,1,3,0,0,1,2,0,4,1,0,0,1,2,4,0,3,1,0,0,4,2,0,0,2,0,5,1,0,1,0,3,12,2,2,4,3,1,9,2,2,1,3,1,9,1,2,2,2,2,11,4,1,0,4,2,13,4,0,3,2,4,10,2,2,3,1,2,15,0,3,4,4,4,13,3,3,2,2,3,11,1,0,2,2,6,2,0,0,1,0,1,4,1,1,1,0,1,6,2,0,2,2,0,0,0,0,0,0,0,1
10018010007,成功里,計,579,12,1,2,4,2,3,25,5,4,6,6,4,14,3,2,1,6,2,12,1,3,2,2,4,25,5,4,5,2,9,32,6,8,1,5,12,34,6,4,9,9,6,30,8,3,6,7,6,47,8,10,6,12,11,46,8,12,8,7,11,42,10,6,8,7,11,34,9,8,3,2,12,51,10,9,11,7,14,47,10,6,8,13,10,35,7,6,11,4,7,39,4,12,10,6,7,28,9,5,5,6,3,17,2,6,3,3,3,7,3,2,0,2,0,1,0,0,1,0,0,1
10018010007,成功里,男,275,5,1,1,3,0,0,14,1,3,4,2,4,5,2,0,0,3,0,8,1,2,2,0,3,13,3,1,4,1,4,12,1,5,0,2,4,18,3,3,5,4,3,16,5,1,3,5,2,27,4,6,2,7,8,23,3,6,5,4,5,20,5,2,5,5,3,19,5,3,1,2,8,21,5,2,5,1,8,18,4,2,2,7,3,16,3,3,5,2,3,19,3,5,5,3,3,11,6,0,3,0,2,8,1,5,1,0,1,2,1,1,0,0,0,0,0,0,0,0,0,0
10018010007,成功里,女,304,7,0,1,1,2,3,11,4,1,2,4,0,9,1,2,1,3,2,4,0,1,0,2,1,12,2,3,1,1,5,20,5,3,1,3,8,16,3,1,4,5,3,14,3,2,3,2,4,20,4,4,4,5,3,23,5,6,3,3,6,22,5,4,3,2,8,15,4,5,2,0,4,30,5,7,6,6,6,29,6,4,6,6,7,19,4,3,6,2,4,20,1,7,5,3,4,17,3,5,2,6,1,9,1,1,2,3,2,5,2,1,0,2,0,1,0,0,1,0,0,1
10018010008,下竹里,計,451,11,2,1,3,1,4,7,0,0,4,1,2,12,1,2,5,4,0,19,6,4,3,4,2,22,6,4,3,7,2,25,4,8,4,3,6,19,2,4,3,8,2,20,4,2,5,5,4,30,3,8,6,7,6,48,7,11,6,14,10,31,5,3,5,11,7,27,2,8,4,7,6,27,9,5,8,2,3,30,5,4,7,8,6,40,10,10,5,11,4,34,14,3,5,5,7,24,5,5,4,4,6,18,1,4,6,3,4,6,0,2,2,2,0,0,0,0,0,0,0,1
10018010008,下竹里,男,225,3,1,0,0,0,2,6,0,0,3,1,2,7,0,2,2,3,0,7,2,1,1,2,1,10,2,2,1,4,1,13,2,5,2,0,4,14,1,2,2,7,2,12,3,1,4,2,2,15,0,5,4,4,2,29,5,7,4,7,6,14,4,0,1,6,3,12,0,2,2,5,3,16,7,2,4,1,2,15,3,2,3,4,3,19,4,3,3,7,2,14,6,1,2,2,3,8,0,1,2,2,3,7,0,0,3,1,3,4,0,1,2,1,0,0,0,0,0,0,0,0
10018010008,下竹里,女,226,8,1,1,3,1,2,1,0,0,1,0,0,5,1,0,3,1,0,12,4,3,2,2,1,12,4,2,2,3,1,12,2,3,2,3,2,5,1,2,1,1,0,8,1,1,1,3,2,15,3,3,2,3,4,19,2,4,2,7,4,17,1,3,4,5,4,15,2,6,2,2,3,11,2,3,4,1,1,15,2,2,4,4,3,21,6,7,2,4,2,20,8,2,3,3,4,16,5,4,2,2,3,11,1,4,3,2,1,2,0,1,0,1,0,0,0,0,0,0,0,1
10018010009,竹蓮里,計,734,14,3,2,4,3,2,18,2,5,3,3,5,18,0,5,5,4,4,33,8,10,5,7,3,39,6,6,11,10,6,41,11,6,8,5,11,41,6,5,8,10,12,54,7,13,9,12,13,62,11,10,15,13,13,56,16,9,12,6,13,54,15,15,7,10,7,46,6,7,9,12,12,59,14,11,10,11,13,47,11,10,7,11,8,61,11,11,14,10,15,46,11,11,8,8,8,18,3,1,3,5,6,16,6,4,2,3,1,8,1,1,3,1,2,3,1,1,0,1,0,0
10018010009,竹蓮里,男,364,7,1,1,2,2,1,11,1,3,1,2,4,10,0,3,4,1,2,19,4,6,3,5,1,21,5,3,6,3,4,21,6,2,7,2,4,18,2,4,0,5,7,30,6,6,6,8,4,30,4,6,8,6,6,30,10,5,6,4,5,24,6,8,4,5,1,21,2,4,6,4,5,22,5,5,3,5,4,25,7,5,5,5,3,31,3,6,6,5,11,20,7,1,5,3,4,13,2,1,1,4,5,6,1,2,0,3,0,4,0,0,2,1,1,1,0,1,0,0,0,0
10018010009,竹蓮里,女,370,7,2,1,2,1,1,7,1,2,2,1,1,8,0,2,1,3,2,14,4,4,2,2,2,18,1,3,5,7,2,20,5,4,1,3,7,23,4,1,8,5,5,24,1,7,3,4,9,32,7,4,7,7,7,26,6,4,6,2,8,30,9,7,3,5,6,25,4,3,3,8,7,37,9,6,7,6,9,22,4,5,2,6,5,30,8,5,8,5,4,26,4,10,3,5,4,5,1,0,2,1,1,10,5,2,2,0,1,4,1,1,1,0,1,2,1,0,0,1,0,0
10018010010,寺前里,計,872,18,2,2,4,4,6,21,2,3,3,8,5,33,2,9,5,9,8,34,8,5,7,8,6,47,6,8,10,10,13,34,10,3,7,10,4,46,10,8,8,9,11,67,9,14,13,11,20,78,14,14,17,16,17,80,11,23,18,14,14,77,13,18,11,17,18,44,5,19,2,9,9,55,10,5,14,14,12,69,6,15,21,13,14,57,12,18,7,11,9,62,18,12,13,12,7,24,5,3,6,6,4,10,4,1,2,3,0,10,1,4,1,1,3,5,3,1,1,0,0,1
10018010010,寺前里,男,439,10,1,1,3,2,3,9,0,0,2,5,2,18,0,5,2,5,6,17,3,5,3,3,3,25,1,4,8,3,9,19,7,1,3,6,2,23,5,3,6,6,3,41,6,8,8,5,14,39,7,7,10,8,7,41,6,12,8,10,5,34,6,7,4,9,8,28,3,10,2,6,7,32,7,4,6,8,7,34,1,9,11,7,6,27,2,8,3,9,5,28,10,4,6,7,1,9,3,2,3,1,0,2,1,0,1,0,0,1,0,0,0,1,0,2,2,0,0,0,0,0
10018010010,寺前里,女,433,8,1,1,1,2,3,12,2,3,1,3,3,15,2,4,3,4,2,17,5,0,4,5,3,22,5,4,2,7,4,15,3,2,4,4,2,23,5,5,2,3,8,26,3,6,5,6,6,39,7,7,7,8,10,39,5,11,10,4,9,43,7,11,7,8,10,16,2,9,0,3,2,23,3,1,8,6,5,35,5,6,10,6,8,30,10,10,4,2,4,34,8,8,7,5,6,15,2,1,3,5,4,8,3,1,1,3,0,9,1,4,1,0,3,3,1,1,1,0,0,1
10018010011,育賢里,計,2163,52,3,8,14,15,12,84,14,20,15,16,19,119,22,29,21,26,21,83,18,9,18,22,16,103,23,18,17,20,25,94,22,20,14,21,17,125,22,27,27,26,23,130,17,19,41,28,25,185,34,32,39,34,46,203,43,35,35,42,48,194,39,43,39,28,45,202,49,26,44,46,37,178,38,36,35,33,36,144,32,30,26,29,27,96,24,22,16,20,14,60,21,13,9,9,8,38,6,8,9,8,7,22,4,7,2,5,4,21,6,4,2,5,4,13,3,1,2,3,4,17
10018010011,育賢里,男,1224,23,1,5,6,5,6,37,6,10,6,8,7,62,8,16,12,15,11,41,6,4,11,12,8,45,12,6,6,8,13,49,9,11,5,15,9,71,15,13,17,13,13,78,8,10,28,15,17,103,15,22,19,20,27,126,21,19,26,28,32,113,23,28,21,12,29,130,30,20,27,31,22,105,24,22,18,19,22,94,22,19,17,19,17,55,12,17,9,9,8,33,14,4,4,4,7,19,2,4,6,4,3,13,4,4,0,3,2,10,2,2,0,2,4,8,0,1,2,1,4,9
10018010011,育賢里,女,939,29,2,3,8,10,6,47,8,10,9,8,12,57,14,13,9,11,10,42,12,5,7,10,8,58,11,12,11,12,12,45,13,9,9,6,8,54,7,14,10,13,10,52,9,9,13,13,8,82,19,10,20,14,19,77,22,16,9,14,16,81,16,15,18,16,16,72,19,6,17,15,15,73,14,14,17,14,14,50,10,11,9,10,10,41,12,5,7,11,6,27,7,9,5,5,1,19,4,4,3,4,4,9,0,3,2,2,2,11,4,2,2,3,0,5,3,0,0,2,0,8
10018010012,中正里,計,665,25,1,5,4,8,7,52,6,9,10,15,12,54,12,10,10,17,5,25,8,5,3,5,4,28,3,9,3,3,10,31,8,7,6,4,6,39,11,8,7,5,8,37,6,5,13,6,7,51,12,6,9,9,15,43,10,9,8,8,8,47,10,5,9,14,9,43,5,7,5,18,8,46,10,8,10,9,9,46,7,8,9,12,10,45,10,7,4,16,8,19,5,5,2,4,3,15,4,2,3,3,3,9,2,2,3,1,1,8,1,4,3,0,0,2,0,1,1,0,0,0
10018010012,中正里,男,321,12,0,4,2,3,3,25,1,3,4,10,7,32,8,8,7,6,3,9,3,1,1,2,2,13,0,4,3,2,4,14,3,3,4,1,3,22,7,6,6,1,2,16,2,1,7,4,2,23,6,2,4,6,5,17,2,5,2,5,3,22,4,4,5,4,5,13,4,2,1,5,1,22,6,4,2,4,6,26,5,4,7,5,5,24,4,4,4,7,5,12,4,2,1,3,2,9,3,1,1,2,2,5,1,1,2,1,0,5,0,3,2,0,0,0,0,0,0,0,0,0
10018010012,中正里,女,344,13,1,1,2,5,4,27,5,6,6,5,5,22,4,2,3,11,2,16,5,4,2,3,2,15,3,5,0,1,6,17,5,4,2,3,3,17,4,2,1,4,6,21,4,4,6,2,5,28,6,4,5,3,10,26,8,4,6,3,5,25,6,1,4,10,4,30,1,5,4,13,7,24,4,4,8,5,3,20,2,4,2,7,5,21,6,3,0,9,3,7,1,3,1,1,1,6,1,1,2,1,1,4,1,1,1,0,1,3,1,1,1,0,0,2,0,1,1,0,0,0
10018010013,公園里,計,4018,113,10,24,21,32,26,247,35,42,50,57,63,351,64,82,71,77,57,214,45,44,46,37,42,244,44,47,40,54,59,258,49,67,55,42,45,209,41,54,40,44,30,244,43,48,56,49,48,292,51,59,50,65,67,346,66,81,70,63,66,312,63,61,62,62,64,301,62,54,75,55,55,267,49,66,52,55,45,211,59,40,41,30,41,159,29,37,32,36,25,105,16,23,28,27,11,57,13,11,9,12,12,58,10,11,11,15,11,18,5,2,4,7,0,10,3,1,2,2,2,2
10018010013,公園里,男,1952,62,6,15,9,19,13,139,21,25,27,31,35,192,33,41,40,46,32,105,19,22,23,19,22,138,26,30,26,28,28,124,30,36,23,16,19,110,22,33,20,21,14,121,25,28,20,27,21,140,23,20,23,41,33,142,26,37,28,28,23,138,32,25,28,24,29,141,24,24,42,30,21,130,25,33,26,27,19,108,27,23,23,13,22,66,12,17,15,12,10,44,3,10,10,12,9,17,3,3,2,1,8,23,2,6,2,8,5,7,2,1,1,3,0,4,0,0,1,1,2,1
10018010013,公園里,女,2066,51,4,9,12,13,13,108,14,17,23,26,28,159,31,41,31,31,25,109,26,22,23,18,20,106,18,17,14,26,31,134,19,31,32,26,26,99,19,21,20,23,16,123,18,20,36,22,27,152,28,39,27,24,34,204,40,44,42,35,43,174,31,36,34,38,35,160,38,30,33,25,34,137,24,33,26,28,26,103,32,17,18,17,19,93,17,20,17,24,15,61,13,13,18,15,2,40,10,8,7,11,4,35,8,5,9,7,6,11,3,1,3,4,0,6,3,1,1,1,0,1
10018010014,頂竹里,計,3047,73,10,19,14,17,13,90,16,22,14,18,20,114,22,15,28,25,24,120,23,18,23,29,27,156,31,31,22,32,40,196,40,38,31,44,43,201,42,47,36,34,42,195,33,44,48,32,38,223,36,38,48,46,55,248,51,55,47,37,58,228,58,41,37,38,54,229,44,40,66,28,51,226,44,40,38,54,50,210,46,47,38,35,44,201,37,43,35,39,47,153,32,37,24,27,33,89,13,13,18,22,23,61,16,15,12,8,10,26,11,8,1,4,2,4,1,2,1,0,0,4
10018010014,頂竹里,男,1516,36,7,8,7,8,6,46,10,9,8,9,10,63,14,9,14,14,12,71,16,10,15,17,13,80,14,16,16,17,17,102,24,21,15,24,18,110,27,25,20,19,19,93,23,21,20,14,15,113,20,16,26,26,25,123,23,25,25,15,35,105,27,19,22,18,19,111,23,15,30,17,26,113,23,20,16,28,26,96,24,23,14,18,17,106,22,21,21,19,23,65,18,14,12,10,11,41,6,8,9,9,9,31,9,9,6,3,4,9,2,4,0,1,2,1,1,0,0,0,0,1
10018010014,頂竹里,女,1531,37,3,11,7,9,7,44,6,13,6,9,10,51,8,6,14,11,12,49,7,8,8,12,14,76,17,15,6,15,23,94,16,17,16,20,25,91,15,22,16,15,23,102,10,23,28,18,23,110,16,22,22,20,30,125,28,30,22,22,23,123,31,22,15,20,35,118,21,25,36,11,25,113,21,20,22,26,24,114,22,24,24,17,27,95,15,22,14,20,24,88,14,23,12,17,22,48,7,5,9,13,14,30,7,6,6,5,6,17,9,4,1,3,0,3,0,2,1,0,0,3
10018010015,南大里,計,1497,47,6,12,13,7,9,34,4,11,4,12,3,68,11,9,12,17,19,59,13,11,15,9,11,73,21,13,12,15,12,112,22,18,20,19,33,91,17,22,16,19,17,85,14,16,20,21,14,98,14,15,17,23,29,117,23,27,17,18,32,122,36,21,22,24,19,120,31,21,20,22,26,111,23,21,24,23,20,107,23,21,25,20,18,84,20,14,17,16,17,66,16,15,13,11,11,48,14,6,9,11,8,36,8,8,7,9,4,14,4,6,3,1,0,3,1,1,0,1,0,2
10018010015,南大里,男,776,28,3,7,10,3,5,27,3,10,3,10,1,37,7,3,6,11,10,30,5,6,7,5,7,46,10,10,7,11,8,51,8,8,12,10,13,50,9,12,8,12,9,51,7,11,14,13,6,53,6,8,9,16,14,56,9,14,10,11,12,58,20,10,10,12,6,63,21,6,7,14,15,69,15,10,14,16,14,51,12,12,12,8,7,39,8,2,10,9,10,26,6,4,3,7,6,19,4,4,4,5,2,13,6,3,1,2,1,8,3,2,2,1,0,1,1,0,0,0,0,0
10018010015,南大里,女,721,19,3,5,3,4,4,7,1,1,1,2,2,31,4,6,6,6,9,29,8,5,8,4,4,27,11,3,5,4,4,61,14,10,8,9,20,41,8,10,8,7,8,34,7,5,6,8,8,45,8,7,8,7,15,61,14,13,7,7,20,64,16,11,12,12,13,57,10,15,13,8,11,42,8,11,10,7,6,56,11,9,13,12,11,45,12,12,7,7,7,40,10,11,10,4,5,29,10,2,5,6,6,23,2,5,6,7,3,6,1,4,1,0,0,2,0,1,0,1,0,2
10018010016,振興里,計,6297,167,28,31,29,41,38,195,45,42,39,41,28,245,49,47,37,55,57,345,49,62,74,79,81,310,59,64,72,54,61,389,81,75,69,77,87,439,79,89,85,94,92,445,103,81,94,86,81,484,72,92,85,123,112,600,119,124,120,111,126,497,111,109,93,96,88,473,98,95,95,100,85,483,102,93,90,87,111,430,96,85,75,92,82,370,68,87,75,67,73,216,65,47,41,27,36,106,20,24,24,19,19,64,17,13,17,10,7,28,11,8,4,2,3,10,4,4,2,0,0,1
10018010016,振興里,男,3044,91,15,20,14,23,19,108,17,26,19,26,20,116,21,23,16,26,30,190,28,32,51,40,39,174,35,38,44,27,30,191,39,38,34,39,41,210,40,38,44,43,45,224,53,42,45,41,43,245,41,47,40,57,60,284,54,64,60,51,55,262,55,71,44,51,41,214,36,50,43,47,38,221,45,37,42,46,51,179,38,40,29,39,33,153,29,33,35,28,28,106,33,26,19,13,15,42,8,12,10,6,6,19,4,7,5,2,1,13,5,5,0,0,3,1,0,1,0,0,0,1
10018010016,振興里,女,3253,76,13,11,15,18,19,87,28,16,20,15,8,129,28,24,21,29,27,155,21,30,23,39,42,136,24,26,28,27,31,198,42,37,35,38,46,229,39,51,41,51,47,221,50,39,49,45,38,239,31,45,45,66,52,316,65,60,60,60,71,235,56,38,49,45,47,259,62,45,52,53,47,262,57,56,48,41,60,251,58,45,46,53,49,217,39,54,40,39,45,110,32,21,22,14,21,64,12,12,14,13,13,45,13,6,12,8,6,15,6,3,4,2,0,9,4,3,2,0,0,0
10018010017,親仁里,計,2325,71,8,12,16,14,21,140,19,32,25,27,37,227,51,54,44,46,32,155,38,33,20,30,34,136,27,28,27,25,29,120,31,30,24,17,18,107,25,16,24,20,22,112,26,29,14,18,25,141,22,26,22,35,36,214,44,35,52,48,35,181,37,37,46,36,25,166,37,24,38,32,35,165,35,32,33,37,28,114,20,24,26,25,19,120,22,27,16,31,24,79,16,21,19,10,13,39,6,6,6,12,9,20,6,8,3,1,2,3,1,2,0,0,0,11,2,3,3,2,1,4
10018010017,親仁里,男,1093,35,3,6,8,6,12,69,10,21,11,13,14,134,33,29,27,23,22,81,17,18,10,17,19,60,12,10,13,10,15,51,15,10,6,12,8,59,14,6,15,11,13,49,7,15,7,8,12,53,10,11,5,12,15,95,21,13,28,17,16,81,15,17,25,16,8,79,19,13,16,18,13,79,19,12,15,17,16,48,10,10,8,12,8,55,7,15,7,19,7,40,7,10,9,5,9,12,2,3,1,5,1,6,2,1,2,1,0,1,0,1,0,0,0,5,0,1,1,2,1,1
10018010017,親仁里,女,1232,36,5,6,8,8,9,71,9,11,14,14,23,93,18,25,17,23,10,74,21,15,10,13,15,76,15,18,14,15,14,69,16,20,18,5,10,48,11,10,9,9,9,63,19,14,7,10,13,88,12,15,17,23,21,119,23,22,24,31,19,100,22,20,21,20,17,87,18,11,22,14,22,86,16,20,18,20,12,66,10,14,18,13,11,65,15,12,9,12,17,39,9,11,10,5,4,27,4,3,5,7,8,14,4,7,1,0,2,2,1,1,0,0,0,6,2,2,2,0,0,3
10018010018,文華里,計,5858,176,23,42,26,44,41,403,45,68,81,97,112,553,108,128,124,111,82,306,59,66,61,66,54,257,43,44,64,53,53,319,66,57,59,64,73,348,71,63,62,82,70,359,57,76,66,81,79,424,66,88,79,92,99,497,104,104,99,96,94,444,85,95,91,90,83,366,76,77,78,63,72,358,81,63,68,84,62,326,68,75,60,71,52,269,59,56,52,53,49,211,49,44,45,33,40,118,31,25,24,19,19,87,18,22,24,13,10,28,8,9,3,3,5,8,2,2,3,1,0,1
10018010018,文華里,男,2720,99,11,20,21,21,26,208,19,37,49,40,63,288,54,66,72,59,37,151,28,31,33,31,28,123,24,19,25,29,26,160,32,27,31,30,40,167,40,32,28,43,24,175,32,29,37,37,40,178,24,38,31,44,41,207,44,40,38,45,40,214,40,50,45,45,34,161,43,29,38,24,27,156,35,27,37,38,19,152,32,36,33,30,21,118,27,29,20,25,17,78,15,15,18,15,15,47,11,13,10,7,6,31,6,8,8,6,3,6,1,1,0,2,2,1,1,0,0,0,0,0
10018010018,文華里,女,3138,77,12,22,5,23,15,195,26,31,32,57,49,265,54,62,52,52,45,155,31,35,28,35,26,134,19,25,39,24,27,159,34,30,28,34,33,181,31,31,34,39,46,184,25,47,29,44,39,246,42,50,48,48,58,290,60,64,61,51,54,230,45,45,46,45,49,205,33,48,40,39,45,202,46,36,31,46,43,174,36,39,27,41,31,151,32,27,32,28,32,133,34,29,27,18,25,71,20,12,14,12,13,56,12,14,16,7,7,22,7,8,3,1,3,7,1,2,3,1,0,1
10018010019,復中里,計,5243,160,16,29,43,36,36,309,45,55,65,66,78,491,89,128,102,87,85,271,51,57,51,50,62,281,48,71,58,46,58,306,67,63,57,58,61,291,60,55,69,56,51,281,54,44,67,51,65,401,64,73,77,97,90,406,90,79,83,86,68,348,69,74,69,73,63,355,69,75,61,69,81,339,76,64,72,64,63,308,69,61,76,47,55,252,56,42,54,53,47,209,62,35,37,28,47,108,19,26,21,23,19,80,14,19,22,12,13,31,9,8,6,4,4,16,2,6,3,2,3,0
10018010019,復中里,男,2442,76,11,16,16,16,17,162,24,28,35,35,40,254,40,63,59,48,44,141,30,26,29,25,31,139,27,35,22,23,32,153,43,28,24,29,29,135,29,29,33,24,20,140,27,21,33,23,36,162,22,26,29,39,46,160,38,36,28,33,25,172,34,38,37,37,26,154,28,33,29,29,35,153,31,26,28,32,36,157,37,29,39,22,30,113,22,25,22,25,19,80,20,16,14,11,19,46,10,10,9,11,6,29,2,6,12,5,4,10,1,2,3,2,2,6,2,1,0,1,2,0
10018010019,復中里,女,2801,84,5,13,27,20,19,147,21,27,30,31,38,237,49,65,43,39,41,130,21,31,22,25,31,142,21,36,36,23,26,153,24,35,33,29,32,156,31,26,36,32,31,141,27,23,34,28,29,239,42,47,48,58,44,246,52,43,55,53,43,176,35,36,32,36,37,201,41,42,32,40,46,186,45,38,44,32,27,151,32,32,37,25,25,139,34,17,32,28,28,129,42,19,23,17,28,62,9,16,12,12,13,51,12,13,10,7,9,21,8,6,3,2,2,10,0,5,3,1,1,0
10018010020,三民里,計,5994,243,36,43,60,48,56,393,62,69,75,72,115,509,119,122,97,85,86,272,53,53,59,56,51,259,48,50,58,50,53,350,61,62,76,73,78,444,85,87,79,97,96,408,93,76,88,83,68,456,83,93,88,93,99,456,96,100,86,88,86,404,84,88,75,72,85,371,79,84,78,64,66,394,94,83,66,69,82,316,62,64,65,61,64,290,64,67,49,65,45,186,42,45,40,30,29,103,23,14,29,23,14,95,25,15,25,15,15,30,9,8,3,5,5,11,2,6,1,1,1,4
10018010020,三民里,男,2823,123,20,22,31,17,33,193,31,35,41,35,51,262,62,60,46,43,51,132,25,27,30,27,23,135,25,22,34,23,31,187,41,29,35,40,42,219,44,41,38,48,48,198,53,38,43,33,31,205,31,41,42,46,45,180,44,37,30,36,33,184,44,41,35,32,32,177,36,45,35,25,36,180,38,41,33,32,36,149,26,30,30,33,30,126,28,25,32,27,14,81,19,22,18,12,10,47,14,8,10,10,5,32,6,5,10,6,5,11,5,4,1,1,0,1,0,1,0,0,0,1
10018010020,三民里,女,3171,120,16,21,29,31,23,200,31,34,34,37,64,247,57,62,51,42,35,140,28,26,29,29,28,124,23,28,24,27,22,163,20,33,41,33,36,225,41,46,41,49,48,210,40,38,45,50,37,251,52,52,46,47,54,276,52,63,56,52,53,220,40,47,40,40,53,194,43,39,43,39,30,214,56,42,33,37,46,167,36,34,35,28,34,164,36,42,17,38,31,105,23,23,22,18,19,56,9,6,19,13,9,63,19,10,15,9,10,19,4,4,2,4,5,10,2,5,1,1,1,3
10018010021,東園里,計,8868,434,53,67,94,103,117,868,134,143,182,183,226,1179,241,262,240,232,204,562,117,123,113,121,88,363,68,82,73,65,75,308,77,59,58,55,59,377,73,77,74,63,90,579,102,108,111,121,137,1026,166,176,210,220,254,1070,244,249,231,175,171,586,145,123,111,111,96,364,84,85,76,58,61,288,57,56,62,58,55,294,69,63,51,54,57,246,51,59,47,52,37,139,39,26,23,27,24,82,16,20,7,19,20,63,18,14,11,10,10,29,6,11,5,3,4,5,1,2,2,0,0,6
10018010021,東園里,男,4320,229,23,33,49,61,63,440,75,81,91,85,108,630,128,141,120,135,106,321,70,70,64,67,50,206,40,43,43,37,43,157,40,28,30,31,28,189,39,43,40,25,42,244,46,49,48,45,56,452,77,63,91,100,121,494,105,123,102,81,83,282,67,57,53,60,45,182,45,41,37,27,32,133,26,27,23,30,27,122,33,20,23,27,19,118,27,24,25,25,17,52,16,6,7,14,9,30,5,6,2,8,9,19,10,2,4,1,2,14,3,4,2,2,3,2,1,1,0,0,0,4
10018010021,東園里,女,4548,205,30,34,45,42,54,428,59,62,91,98,118,549,113,121,120,97,98,241,47,53,49,54,38,157,28,39,30,28,32,151,37,31,28,24,31,188,34,34,34,38,48,335,56,59,63,76,81,574,89,113,119,120,133,576,139,126,129,94,88,304,78,66,58,51,51,182,39,44,39,31,29,155,31,29,39,28,28,172,36,43,28,27,38,128,24,35,22,27,20,87,23,20,16,13,15,52,11,14,5,11,11,44,8,12,7,9,8,15,3,7,3,1,1,3,0,1,2,0,0,2
10018010022,東勢里,計,5810,402,58,78,76,95,95,530,103,86,101,119,121,540,124,113,105,97,101,347,78,74,70,74,51,247,54,46,51,46,50,212,50,41,35,42,44,338,62,54,59,79,84,595,116,98,137,132,112,634,107,138,132,130,127,616,150,108,127,103,128,359,75,74,70,73,67,290,64,56,74,40,56,215,46,41,48,43,37,165,35,36,38,33,23,137,34,31,25,17,30,80,18,15,15,16,16,52,9,13,10,11,9,35,11,6,5,7,6,12,2,6,2,0,2,2,1,0,1,0,0,2
10018010022,東勢里,男,2823,209,28,39,47,48,47,261,42,37,47,64,71,287,62,59,59,49,58,169,40,34,37,29,29,117,31,22,22,24,18,106,19,23,15,22,27,161,27,25,31,38,40,297,59,52,68,65,53,296,55,78,48,57,58,301,78,54,63,45,61,162,34,34,31,35,28,132,30,22,36,16,28,104,21,22,21,24,16,85,15,18,26,18,8,69,16,16,15,8,14,30,6,6,7,6,5,20,4,6,3,3,4,10,3,2,1,3,1,6,1,3,1,0,1,0,0,0,0,0,0,1
10018010022,東勢里,女,2987,193,30,39,29,47,48,269,61,49,54,55,50,253,62,54,46,48,43,178,38,40,33,45,22,130,23,24,29,22,32,106,31,18,20,20,17,177,35,29,28,41,44,298,57,46,69,67,59,338,52,60,84,73,69,315,72,54,64,58,67,197,41,40,39,38,39,158,34,34,38,24,28,111,25,19,27,19,21,80,20,18,12,15,15,68,18,15,10,9,16,50,12,9,8,10,11,32,5,7,7,8,5,25,8,4,4,4,5,6,1,3,1,0,1,2,1,0,1,0,0,1
10018010023,光復里,計,3788,157,26,34,34,24,39,307,37,57,67,62,84,344,68,74,75,76,51,186,39,47,42,32,26,177,42,29,36,43,27,213,51,35,31,39,57,241,41,51,47,51,51,259,47,60,43,56,53,331,57,63,64,74,73,359,82,75,55,78,69,216,41,41,43,51,40,266,52,39,67,46,62,220,39,44,46,53,38,185,34,41,37,31,42,127,23,38,26,18,22,76,11,23,16,12,14,47,8,8,11,11,9,52,11,9,14,8,10,20,6,6,2,5,1,5,2,1,0,2,0,0
10018010023,光復里,男,1849,86,12,18,20,11,25,156,18,30,36,29,43,175,39,38,34,38,26,88,19,18,25,16,10,93,19,15,18,25,16,117,28,18,20,18,33,122,17,25,28,26,26,121,25,27,16,27,26,163,34,28,30,35,36,162,31,39,27,33,32,100,23,12,20,24,21,124,28,20,27,18,31,111,20,25,21,24,21,91,19,21,18,13,20,54,7,19,9,8,11,38,6,10,8,4,10,19,4,4,3,5,3,17,2,5,4,3,3,9,4,3,0,1,1,3,1,1,0,1,0,0
10018010023,光復里,女,1939,71,14,16,14,13,14,151,19,27,31,33,41,169,29,36,41,38,25,98,20,29,17,16,16,84,23,14,18,18,11,96,23,17,11,21,24,119,24,26,19,25,25,138,22,33,27,29,27,168,23,35,34,39,37,197,51,36,28,45,37,116,18,29,23,27,19,142,24,19,40,28,31,109,19,19,25,29,17,94,15,20,19,18,22,73,16,19,17,10,11,38,5,13,8,8,4,28,4,4,8,6,6,35,9,4,10,5,7,11,2,3,2,4,0,2,1,0,0,1,0,0
10018010024,豐功里,計,5778,111,18,22,19,17,35,292,28,44,62,74,84,573,114,116,111,119,113,476,107,94,97,100,78,360,84,68,72,55,81,332,92,68,55,57,60,221,41,53,44,42,41,228,35,42,56,58,37,383,67,67,74,87,88,557,82,95,121,124,135,600,128,131,104,119,118,435,105,95,88,78,69,339,78,75,68,63,55,265,62,63,51,41,48,265,56,51,56,56,46,165,48,27,34,30,26,79,8,21,24,14,12,59,17,9,12,10,11,25,7,7,6,3,2,9,2,2,3,1,1,4
10018010024,豐功里,男,2780,56,8,13,9,12,14,145,14,20,36,40,35,289,54,48,58,66,63,271,52,58,60,57,44,190,41,43,34,26,46,162,47,35,28,26,26,108,13,24,26,24,21,116,17,26,27,32,14,149,23,18,33,32,43,231,39,30,56,45,61,303,60,69,55,57,62,224,53,42,45,50,34,157,39,31,30,27,30,132,29,30,29,20,24,120,30,19,19,30,22,61,19,11,10,12,9,29,3,9,10,4,3,20,4,4,2,5,5,7,2,3,1,1,0,6,1,1,2,1,1,4
10018010024,豐功里,女,2998,55,10,9,10,5,21,147,14,24,26,34,49,284,60,68,53,53,50,205,55,36,37,43,34,170,43,25,38,29,35,170,45,33,27,31,34,113,28,29,18,18,20,112,18,16,29,26,23,234,44,49,41,55,45,326,43,65,65,79,74,297,68,62,49,62,56,211,52,53,43,28,35,182,39,44,38,36,25,133,33,33,22,21,24,145,26,32,37,26,24,104,29,16,24,18,17,50,5,12,14,10,9,39,13,5,10,5,6,18,5,4,5,2,2,3,1,1,1,0,0,0
10018010025,武功里,計,5083,181,29,32,34,37,49,293,38,44,59,80,72,418,85,91,78,88,76,317,68,58,62,61,68,267,53,53,56,53,52,279,51,56,51,62,59,279,57,55,57,69,41,270,60,36,64,47,63,365,47,71,88,66,93,471,87,92,85,87,120,454,105,104,88,79,78,368,78,79,76,77,58,295,54,58,72,55,56,292,54,58,79,59,42,209,29,58,38,46,38,136,43,27,25,23,18,76,13,22,12,13,16,55,9,12,13,11,10,33,9,11,2,6,5,19,7,4,1,4,3,6
10018010025,武功里,男,2416,91,15,16,15,19,26,162,20,27,32,45,38,215,49,52,44,34,36,162,40,29,31,27,35,143,32,26,25,30,30,138,24,32,28,26,28,131,28,26,25,31,21,131,29,22,28,23,29,177,21,29,48,30,49,204,28,41,33,40,62,212,46,57,40,37,32,177,39,32,36,40,30,139,31,26,36,22,24,144,26,32,42,23,21,101,16,23,21,21,20,50,20,7,5,11,7,14,3,6,1,0,4,8,2,2,1,3,0,8,1,1,1,2,3,7,1,0,1,2,3,2
10018010025,武功里,女,2667,90,14,16,19,18,23,131,18,17,27,35,34,203,36,39,34,54,40,155,28,29,31,34,33,124,21,27,31,23,22,141,27,24,23,36,31,148,29,29,32,38,20,139,31,14,36,24,34,188,26,42,40,36,44,267,59,51,52,47,58,242,59,47,48,42,46,191,39,47,40,37,28,156,23,32,36,33,32,148,28,26,37,36,21,108,13,35,17,25,18,86,23,20,20,12,11,62,10,16,11,13,12,47,7,10,12,8,10,25,8,10,1,4,2,12,6,4,0,2,0,4
10018010026,綠水里,計,8299,200,29,36,37,51,47,584,70,95,120,145,154,874,162,200,212,183,117,627,149,122,123,125,108,506,113,97,99,88,109,484,108,116,71,96,93,402,92,85,75,73,77,392,71,81,78,93,69,578,103,103,113,113,146,708,133,159,143,132,141,739,176,146,128,148,141,601,122,141,123,105,110,481,102,95,111,89,84,362,72,76,83,59,72,293,75,58,43,67,50,196,56,32,36,38,34,137,28,28,31,23,27,89,25,22,13,11,18,33,6,9,9,5,4,9,3,3,2,0,1,4
10018010026,綠水里,男,3999,100,19,19,14,24,24,314,37,57,67,77,76,471,86,111,114,98,62,341,72,72,64,75,58,265,66,50,54,44,51,249,57,52,38,54,48,209,53,51,36,34,35,178,35,40,32,35,36,238,36,41,49,44,68,288,49,62,57,56,64,352,84,69,59,68,72,290,58,66,58,54,54,223,47,41,58,40,37,170,33,37,39,27,34,136,33,30,23,28,22,82,20,14,14,18,16,46,14,4,9,8,11,33,8,9,3,7,6,7,1,1,1,2,2,5,2,3,0,0,0,2
10018010026,綠水里,女,4300,100,10,17,23,27,23,270,33,38,53,68,78,403,76,89,98,85,55,286,77,50,59,50,50,241,47,47,45,44,58,235,51,64,33,42,45,193,39,34,39,39,42,214,36,41,46,58,33,340,67,62,64,69,78,420,84,97,86,76,77,387,92,77,69,80,69,311,64,75,65,51,56,258,55,54,53,49,47,192,39,39,44,32,38,157,42,28,20,39,28,114,36,18,22,20,18,91,14,24,22,15,16,56,17,13,10,4,12,26,5,8,8,3,2,4,1,0,2,0,1,2
10018010027,東山里,計,3943,122,12,24,27,24,35,302,38,44,72,72,76,448,98,111,89,84,66,204,40,40,43,40,41,173,44,34,25,27,43,190,37,46,33,40,34,209,48,42,49,30,40,211,42,31,42,46,50,291,44,64,68,56,59,312,78,54,65,42,73,244,49,53,51,44,47,201,48,42,42,33,36,258,53,45,59,48,53,247,48,58,53,56,32,198,42,33,38,39,46,148,43,20,37,18,30,75,16,13,21,12,13,67,16,16,14,14,7,31,7,10,6,5,3,12,5,1,4,1,1,0
10018010027,東山里,男,1929,60,7,10,13,11,19,158,13,31,35,41,38,244,50,60,46,50,38,119,23,21,27,23,25,86,24,13,15,14,20,103,15,27,17,25,19,112,26,21,32,9,24,103,23,15,18,24,23,126,17,30,31,22,26,127,35,22,29,15,26,114,21,27,18,23,25,108,25,18,30,19,16,133,31,21,24,21,36,113,20,29,28,26,10,95,20,14,20,17,24,62,15,10,20,4,13,31,5,7,10,6,3,18,2,5,4,5,2,12,1,7,2,1,1,5,2,0,1,1,1,0
10018010027,東山里,女,2014,62,5,14,14,13,16,144,25,13,37,31,38,204,48,51,43,34,28,85,17,19,16,17,16,87,20,21,10,13,23,87,22,19,16,15,15,97,22,21,17,21,16,108,19,16,24,22,27,165,27,34,37,34,33,185,43,32,36,27,47,130,28,26,33,21,22,93,23,24,12,14,20,125,22,24,35,27,17,134,28,29,25,30,22,103,22,19,18,22,22,86,28,10,17,14,17,44,11,6,11,6,10,49,14,11,10,9,5,19,6,3,4,4,2,7,3,1,3,0,0,0
10018010028,光鎮里,計,4115,142,18,35,29,27,33,184,36,43,28,42,35,227,47,41,48,48,43,189,29,47,27,44,42,193,36,36,39,38,44,243,45,45,41,62,50,274,56,58,60,43,57,289,56,70,59,54,50,335,54,80,65,77,59,361,70,72,77,65,77,295,70,53,53,45,74,292,60,61,65,55,51,274,60,46,43,55,70,238,48,43,54,44,49,235,49,45,51,41,49,154,34,29,37,29,25,114,16,36,19,20,23,54,18,15,3,8,10,18,3,5,3,4,3,3,2,0,1,0,0,1
10018010028,光鎮里,男,1979,63,7,13,13,10,20,105,19,27,19,26,14,116,32,19,22,24,19,94,16,28,15,15,20,114,21,19,26,24,24,120,23,22,18,36,21,129,23,29,27,21,29,148,33,33,26,31,25,162,31,34,28,45,24,184,35,37,43,29,40,140,33,22,21,25,39,139,27,27,28,25,32,132,30,23,22,18,39,110,23,19,22,23,23,94,25,23,12,15,19,59,15,11,12,15,6,43,7,12,7,12,5,20,9,5,0,4,2,5,1,3,0,1,0,2,1,0,1,0,0,0
10018010028,光鎮里,女,2136,79,11,22,16,17,13,79,17,16,9,16,21,111,15,22,26,24,24,95,13,19,12,29,22,79,15,17,13,14,20,123,22,23,23,26,29,145,33,29,33,22,28,141,23,37,33,23,25,173,23,46,37,32,35,177,35,35,34,36,37,155,37,31,32,20,35,153,33,34,37,30,19,142,30,23,21,37,31,128,25,24,32,21,26,141,24,22,39,26,30,95,19,18,25,14,19,71,9,24,12,8,18,34,9,10,3,4,8,13,2,2,3,3,3,1,1,0,0,0,0,1
10018010029,新興里,計,3624,114,17,23,26,20,28,128,26,31,26,22,23,156,21,22,31,36,46,156,24,31,34,34,33,169,28,37,34,39,31,198,51,28,36,44,39,234,47,41,46,45,55,278,52,52,65,61,48,291,47,56,45,69,74,319,63,76,62,54,64,227,42,50,34,48,53,250,53,51,46,57,43,248,50,57,46,51,44,229,45,36,52,53,43,256,51,65,50,50,40,153,46,34,31,22,20,105,15,20,27,23,20,72,21,13,17,12,9,29,3,8,6,9,3,10,6,0,1,3,0,2
10018010029,新興里,男,1818,62,10,16,14,10,12,67,8,19,16,14,10,83,10,12,16,23,22,75,10,15,16,18,16,86,15,22,18,20,11,115,34,15,22,24,20,120,31,18,25,22,24,149,26,32,30,35,26,146,24,30,16,36,40,166,32,42,38,32,22,111,20,22,18,24,27,132,26,26,23,30,27,133,23,33,30,27,20,107,25,21,25,21,15,122,23,33,21,28,17,60,15,12,14,13,6,41,7,3,11,12,8,24,10,5,3,5,1,12,1,2,3,4,2,5,2,0,1,2,0,2
10018010029,新興里,女,1806,52,7,7,12,10,16,61,18,12,10,8,13,73,11,10,15,13,24,81,14,16,18,16,17,83,13,15,16,19,20,83,17,13,14,20,19,114,16,23,21,23,31,129,26,20,35,26,22,145,23,26,29,33,34,153,31,34,24,22,42,116,22,28,16,24,26,118,27,25,23,27,16,115,27,24,16,24,24,122,20,15,27,32,28,134,28,32,29,22,23,93,31,22,17,9,14,64,8,17,16,11,12,48,11,8,14,7,8,17,2,6,3,5,1,5,4,0,0,1,0,0
10018010030,柴橋里,計,6427,187,26,29,47,45,40,243,40,51,54,45,53,292,62,49,45,65,71,294,45,61,60,65,63,372,58,70,83,83,78,531,110,97,105,107,112,536,107,95,111,118,105,412,99,81,83,80,69,435,73,71,88,100,103,508,113,105,88,97,105,488,113,100,93,91,91,574,105,117,125,112,115,562,129,126,101,103,103,387,88,69,86,72,72,296,75,67,63,49,42,168,46,45,31,29,17,67,16,14,11,14,12,55,13,13,11,10,8,15,3,5,2,2,3,5,2,1,2,0,0,0
10018010030,柴橋里,男,3161,104,15,17,23,26,23,124,22,21,24,22,35,150,30,25,24,33,38,145,24,31,32,33,25,186,28,39,43,43,33,296,59,51,58,56,72,277,55,39,54,65,64,194,50,36,42,35,31,220,29,40,43,49,59,241,52,48,41,44,56,215,59,39,44,39,34,276,50,48,65,60,53,272,60,60,46,57,49,181,41,32,35,39,34,141,36,25,35,27,18,84,25,21,12,17,9,33,9,7,8,3,6,15,4,4,4,2,1,7,2,2,0,2,1,0,0,0,0,0,0,0
10018010030,柴橋里,女,3266,83,11,12,24,19,17,119,18,30,30,23,18,142,32,24,21,32,33,149,21,30,28,32,38,186,30,31,40,40,45,235,51,46,47,51,40,259,52,56,57,53,41,218,49,45,41,45,38,215,44,31,45,51,44,267,61,57,47,53,49,273,54,61,49,52,57,298,55,69,60,52,62,290,69,66,55,46,54,206,47,37,51,33,38,155,39,42,28,22,24,84,21,24,19,12,8,34,7,7,3,11,6,40,9,9,7,8,7,8,1,3,2,0,2,5,2,1,2,0,0,0
10018010031,高峰里,計,6373,204,24,48,51,42,39,201,44,39,38,27,53,275,49,53,45,59,69,312,51,54,62,72,73,326,62,61,65,68,70,402,92,78,58,94,80,456,103,92,89,80,92,391,70,79,79,87,76,504,108,86,103,95,112,550,92,118,98,124,118,458,112,74,90,87,95,479,105,98,105,91,80,458,100,101,96,71,90,454,79,102,102,92,79,424,102,88,78,77,79,245,66,49,52,48,30,129,18,23,25,35,28,59,11,15,14,10,9,34,13,10,5,4,2,10,3,2,3,0,2,2
10018010031,高峰里,男,3196,104,15,31,24,14,20,110,23,19,24,14,30,153,27,27,31,35,33,160,25,30,29,39,37,166,29,32,33,36,36,224,46,47,35,57,39,248,51,53,51,49,44,206,35,35,48,52,36,262,57,43,56,51,55,289,49,66,47,58,69,237,55,41,51,40,50,227,57,46,42,47,35,222,49,43,54,34,42,191,40,45,39,37,30,202,50,41,33,36,42,95,26,18,21,18,12,63,12,11,14,14,12,15,4,5,1,4,1,14,6,3,1,2,2,6,2,2,1,0,1,2
10018010031,高峰里,女,3177,100,9,17,27,28,19,91,21,20,14,13,23,122,22,26,14,24,36,152,26,24,33,33,36,160,33,29,32,32,34,178,46,31,23,37,41,208,52,39,38,31,48,185,35,44,31,35,40,242,51,43,47,44,57,261,43,52,51,66,49,221,57,33,39,47,45,252,48,52,63,44,45,236,51,58,42,37,48,263,39,57,63,55,49,222,52,47,45,41,37,150,40,31,31,30,18,66,6,12,11,21,16,44,7,10,13,6,8,20,7,7,4,2,0,4,1,0,2,0,1,0
10018010032,仙宮里,計,1423,39,6,10,9,9,5,40,7,7,13,8,5,72,9,10,17,17,19,70,18,10,12,15,15,99,17,14,16,26,26,98,18,21,21,23,15,110,26,24,22,21,17,70,15,13,14,14,14,95,12,19,22,21,21,147,30,30,34,29,24,112,18,25,22,21,26,147,32,34,32,26,23,115,24,16,31,16,28,67,17,15,13,8,14,70,15,21,8,14,12,41,13,10,8,4,6,15,4,3,4,2,2,10,2,5,1,1,1,6,2,1,1,1,1,0,0,0,0,0,0,0
10018010032,仙宮里,男,717,17,2,3,6,3,3,30,6,5,9,6,4,35,3,4,7,10,11,37,9,6,7,7,8,48,3,7,9,15,14,52,7,11,12,15,7,52,13,9,12,14,4,39,10,5,10,9,5,46,7,9,9,11,10,81,17,16,20,18,10,63,10,11,12,15,15,77,19,20,15,14,9,52,8,10,14,8,12,35,13,7,5,5,5,28,6,8,2,7,5,14,4,3,4,1,2,6,2,2,1,0,1,3,1,2,0,0,0,2,1,0,1,0,0,0,0,0,0,0,0,0
10018010032,仙宮里,女,706,22,4,7,3,6,2,10,1,2,4,2,1,37,6,6,10,7,8,33,9,4,5,8,7,51,14,7,7,11,12,46,11,10,9,8,8,58,13,15,10,7,13,31,5,8,4,5,9,49,5,10,13,10,11,66,13,14,14,11,14,49,8,14,10,6,11,70,13,14,17,12,14,63,16,6,17,8,16,32,4,8,8,3,9,42,9,13,6,7,7,27,9,7,4,3,4,9,2,1,3,2,1,7,1,3,1,1,1,4,1,1,0,1,1,0,0,0,0,0,0,0
10018010033,光明里,計,3473,98,19,16,20,25,18,173,22,22,47,43,39,272,54,59,64,50,45,197,40,39,38,45,35,194,40,35,36,44,39,254,47,58,48,56,45,197,39,38,44,39,37,161,40,23,35,24,39,249,44,36,55,54,60,200,36,34,44,43,43,263,55,39,61,57,51,313,69,56,78,60,50,292,59,74,56,50,53,205,52,36,46,41,30,166,40,24,37,27,38,106,19,22,25,22,18,64,16,15,12,13,8,47,9,13,8,10,7,11,1,3,1,3,3,10,3,2,1,2,2,1
10018010033,光明里,男,1682,50,12,9,11,8,10,83,11,11,21,20,20,136,22,30,33,27,24,93,16,21,12,26,18,103,25,15,17,27,19,136,27,31,23,25,30,98,16,21,25,18,18,74,17,11,20,8,18,109,23,14,24,21,27,84,14,11,17,22,20,123,24,17,29,27,26,157,26,28,47,27,29,154,21,46,32,23,32,106,25,22,26,21,12,67,19,11,21,6,10,52,7,11,14,11,9,30,10,4,7,4,5,16,3,6,4,2,1,4,0,1,0,1,2,6,3,1,0,1,1,1
10018010033,光明里,女,1791,48,7,7,9,17,8,90,11,11,26,23,19,136,32,29,31,23,21,104,24,18,26,19,17,91,15,20,19,17,20,118,20,27,25,31,15,99,23,17,19,21,19,87,23,12,15,16,21,140,21,22,31,33,33,116,22,23,27,21,23,140,31,22,32,30,25,156,43,28,31,33,21,138,38,28,24,27,21,99,27,14,20,20,18,99,21,13,16,21,28,54,12,11,11,11,9,34,6,11,5,9,3,31,6,7,4,8,6,7,1,2,1,2,1,4,0,1,1,1,1,0
10018010035,立功里,計,993,29,6,5,7,4,7,33,5,9,6,7,6,55,17,7,12,10,9,47,8,6,10,16,7,61,11,14,10,12,14,52,15,8,5,9,15,61,11,11,15,15,9,66,15,19,8,9,15,74,12,16,12,15,19,60,8,12,10,15,15,73,13,15,14,18,13,90,11,28,17,17,17,78,16,18,13,18,13,70,19,12,14,16,9,54,13,8,13,8,12,42,13,8,4,11,6,20,1,9,2,5,3,16,5,5,1,5,0,7,2,1,1,3,0,3,1,1,0,0,1,2
10018010035,立功里,男,513,14,3,1,3,4,3,20,3,6,4,3,4,31,11,2,6,5,7,28,4,4,6,8,6,34,5,8,8,7,6,25,7,3,2,5,8,37,4,9,9,10,5,35,9,11,4,3,8,37,2,7,7,10,11,31,4,5,5,8,9,38,5,9,7,11,6,48,7,13,7,10,11,42,5,13,7,10,7,42,13,8,8,11,2,21,5,3,6,3,4,16,6,4,3,2,1,6,0,2,1,1,2,3,1,1,0,1,0,3,1,1,0,1,0,1,0,1,0,0,0,1
10018010035,立功里,女,480,15,3,4,4,0,4,13,2,3,2,4,2,24,6,5,6,5,2,19,4,2,4,8,1,27,6,6,2,5,8,27,8,5,3,4,7,24,7,2,6,5,4,31,6,8,4,6,7,37,10,9,5,5,8,29,4,7,5,7,6,35,8,6,7,7,7,42,4,15,10,7,6,36,11,5,6,8,6,28,6,4,6,5,7,33,8,5,7,5,8,26,7,4,1,9,5,14,1,7,1,4,1,13,4,4,1,4,0,4,1,0,1,2,0,2,1,0,0,0,1,1
10018010036,軍功里,計,3308,82,10,14,14,23,21,146,27,29,28,23,39,242,44,45,51,46,56,237,44,41,41,58,53,206,43,48,33,52,30,172,40,37,27,32,36,157,35,29,27,34,32,186,37,36,33,38,42,232,41,43,60,38,50,290,52,48,64,59,67,301,69,48,63,65,56,246,58,55,56,40,37,179,31,45,32,33,38,199,39,49,38,33,40,180,40,34,36,37,33,131,34,32,24,23,18,63,13,15,14,13,8,32,10,8,6,5,3,20,7,1,4,2,6,6,2,0,0,2,2,1
10018010036,軍功里,男,1634,38,3,11,6,8,10,82,17,17,19,13,16,142,29,25,27,23,38,127,27,17,25,28,30,109,21,26,17,29,16,91,17,21,16,16,21,89,22,18,10,21,18,85,13,17,17,18,20,117,25,19,30,23,20,138,22,24,31,29,32,157,34,19,40,32,32,119,22,31,30,21,15,84,11,22,17,16,18,91,22,23,15,15,16,79,14,12,13,22,18,44,13,8,6,9,8,19,4,3,4,5,3,13,6,2,0,4,1,5,2,1,0,0,2,4,2,0,0,0,2,1
10018010036,軍功里,女,1674,44,7,3,8,15,11,64,10,12,9,10,23,100,15,20,24,23,18,110,17,24,16,30,23,97,22,22,16,23,14,81,23,16,11,16,15,68,13,11,17,13,14,101,24,19,16,20,22,115,16,24,30,15,30,152,30,24,33,30,35,144,35,29,23,33,24,127,36,24,26,19,22,95,20,23,15,17,20,108,17,26,23,18,24,101,26,22,23,15,15,87,21,24,18,14,10,44,9,12,10,8,5,19,4,6,6,1,2,15,5,0,4,2,4,2,0,0,0,2,0,0
10018010037,建功里,計,4878,228,24,49,44,52,59,335,63,59,67,81,65,333,63,91,59,68,52,252,62,42,54,45,49,184,31,38,34,41,40,237,56,46,54,34,47,266,58,41,53,69,45,396,69,70,83,90,84,460,84,71,100,109,96,426,101,101,75,79,70,285,71,59,48,54,53,279,71,54,55,52,47,284,54,57,50,63,60,274,50,46,71,52,55,270,59,60,46,53,52,175,54,32,30,26,33,76,20,18,5,17,16,52,11,11,12,8,10,31,6,6,6,7,6,29,7,9,6,4,3,6
10018010037,建功里,男,2441,118,13,23,25,25,32,176,38,32,34,44,28,191,35,53,30,41,32,129,28,22,28,26,25,101,15,23,16,22,25,130,35,26,30,13,26,137,25,24,21,36,31,190,35,35,35,47,38,239,52,41,48,51,47,204,54,47,37,37,29,143,34,29,29,24,27,145,32,35,26,28,24,137,26,24,30,28,29,133,26,27,37,24,19,123,23,21,22,25,32,86,30,16,15,12,13,24,9,7,1,4,3,12,3,3,3,0,3,9,3,2,1,2,1,9,0,2,3,3,1,5
10018010037,建功里,女,2437,110,11,26,19,27,27,159,25,27,33,37,37,142,28,38,29,27,20,123,34,20,26,19,24,83,16,15,18,19,15,107,21,20,24,21,21,129,33,17,32,33,14,206,34,35,48,43,46,221,32,30,52,58,49,222,47,54,38,42,41,142,37,30,19,30,26,134,39,19,29,24,23,147,28,33,20,35,31,141,24,19,34,28,36,147,36,39,24,28,20,89,24,16,15,14,20,52,11,11,4,13,13,40,8,8,9,8,7,22,3,4,5,5,5,20,7,7,3,1,2,1
10018010038,前溪里,計,3259,113,13,28,23,21,28,195,35,31,44,40,45,245,40,53,42,59,51,180,32,39,34,36,39,161,39,25,32,36,29,174,38,41,32,25,38,215,41,54,34,39,47,222,48,53,41,41,39,244,50,42,54,49,49,288,70,72,39,59,48,186,42,37,41,37,29,182,34,27,33,46,42,222,40,53,48,40,41,215,51,47,34,46,37,174,37,39,38,26,34,109,35,15,27,17,15,68,11,14,21,14,8,39,11,9,9,5,5,21,9,3,4,4,1,6,2,2,2,0,0,0
10018010038,前溪里,男,1662,56,5,22,8,9,12,103,22,14,20,23,24,129,20,32,24,33,20,98,20,20,15,18,25,82,23,10,14,19,16,90,20,23,15,17,15,102,21,31,17,17,16,110,24,28,25,15,18,109,23,22,18,22,24,153,31,42,23,35,22,104,23,18,20,23,20,117,26,16,19,32,24,110,20,28,22,20,20,109,31,23,17,19,19,88,20,17,20,14,17,51,20,6,14,4,7,31,5,9,5,8,4,12,4,1,2,4,1,8,2,1,3,2,0,0,0,0,0,0,0,0
10018010038,前溪里,女,1597,57,8,6,15,12,16,92,13,17,24,17,21,116,20,21,18,26,31,82,12,19,19,18,14,79,16,15,18,17,13,84,18,18,17,8,23,113,20,23,17,22,31,112,24,25,16,26,21,135,27,20,36,27,25,135,39,30,16,24,26,82,19,19,21,14,9,65,8,11,14,14,18,112,20,25,26,20,21,106,20,24,17,27,18,86,17,22,18,12,17,58,15,9,13,13,8,37,6,5,16,6,4,27,7,8,7,1,4,13,7,2,1,2,1,6,2,2,2,0,0,0
10018010039,水源里,計,3770,93,8,20,28,14,23,162,22,32,39,28,41,228,52,49,47,42,38,178,31,38,38,34,37,180,36,39,32,36,37,258,41,56,51,40,70,268,49,51,58,61,49,248,52,54,53,47,42,285,48,62,53,69,53,316,53,62,72,60,69,250,62,41,38,54,55,279,47,44,60,67,61,260,44,59,54,56,47,245,44,47,57,44,53,198,30,50,43,32,43,142,37,27,35,20,23,92,13,20,24,19,16,61,14,14,8,12,13,22,5,4,5,5,3,4,2,0,2,0,0,1
10018010039,水源里,男,1962,58,7,11,19,9,12,86,16,17,22,13,18,123,29,28,23,23,20,92,13,20,18,18,23,91,17,18,18,18,20,149,29,28,26,24,42,141,25,24,32,31,29,134,32,28,32,20,22,140,22,30,21,41,26,169,30,33,42,30,34,127,31,17,21,26,32,144,25,21,35,34,29,140,24,29,31,29,27,129,25,24,30,26,24,98,17,25,20,16,20,64,20,8,15,10,11,36,5,9,9,8,5,30,5,8,6,5,6,9,2,2,2,2,1,2,1,0,1,0,0,0
10018010039,水源里,女,1808,35,1,9,9,5,11,76,6,15,17,15,23,105,23,21,24,19,18,86,18,18,20,16,14,89,19,21,14,18,17,109,12,28,25,16,28,127,24,27,26,30,20,114,20,26,21,27,20,145,26,32,32,28,27,147,23,29,30,30,35,123,31,24,17,28,23,135,22,23,25,33,32,120,20,30,23,27,20,116,19,23,27,18,29,100,13,25,23,16,23,78,17,19,20,10,12,56,8,11,15,11,11,31,9,6,2,7,7,13,3,2,3,3,2,2,1,0,1,0,0,1
10018010040,千甲里,計,2415,84,12,17,17,13,25,115,16,20,24,29,26,145,26,35,33,25,26,102,23,21,32,10,16,135,26,27,20,33,29,185,27,36,43,36,43,188,31,37,43,43,34,170,55,35,27,27,26,166,18,40,34,38,36,181,48,33,36,33,31,152,30,32,30,25,35,152,34,30,30,30,28,174,37,28,38,36,35,152,26,31,37,30,28,127,28,28,22,25,24,78,15,26,16,10,11,47,9,5,9,10,14,39,10,8,7,10,4,20,8,5,0,3,4,3,1,1,0,1,0,0
10018010040,千甲里,男,1238,51,6,13,9,10,13,60,7,10,13,15,15,82,13,23,15,15,16,46,11,10,12,4,9,66,11,10,10,21,14,99,17,15,29,15,23,105,13,21,27,24,20,83,30,14,14,12,13,80,9,21,16,17,17,88,26,17,17,14,14,73,12,18,14,8,21,78,18,13,15,20,12,93,18,15,19,19,22,81,13,12,23,15,18,72,19,16,13,12,12,34,4,13,7,5,5,22,3,4,3,5,7,17,3,4,4,5,1,7,2,3,0,1,1,1,0,1,0,0,0,0
10018010040,千甲里,女,1177,33,6,4,8,3,12,55,9,10,11,14,11,63,13,12,18,10,10,56,12,11,20,6,7,69,15,17,10,12,15,86,10,21,14,21,20,83,18,16,16,19,14,87,25,21,13,15,13,86,9,19,18,21,19,93,22,16,19,19,17,79,18,14,16,17,14,74,16,17,15,10,16,81,19,13,19,17,13,71,13,19,14,15,10,55,9,12,9,13,12,44,11,13,9,5,6,25,6,1,6,5,7,22,7,4,3,5,3,13,6,2,0,2,3,2,1,0,0,1,0,0
10018010041,埔頂里,計,11253,953,133,181,214,212,213,1071,219,232,210,208,202,815,190,198,161,147,119,473,107,93,102,93,78,328,55,67,77,65,64,438,85,64,74,96,119,934,148,164,178,215,229,1334,249,259,263,294,269,1455,280,324,270,313,268,1285,306,316,234,220,209,690,191,151,134,100,114,445,98,110,88,81,68,302,64,68,57,55,58,265,62,53,57,48,45,196,37,51,36,31,41,122,38,25,21,22,16,63,12,13,15,17,6,50,6,14,13,6,11,25,7,7,2,6,3,7,2,3,0,1,1,2
10018010041,埔頂里,男,5773,515,57,102,122,116,118,543,114,122,114,109,84,411,98,104,77,73,59,263,53,53,60,54,43,183,26,40,51,36,30,248,44,40,48,54,62,506,80,94,84,122,126,720,128,142,143,165,142,721,130,162,141,155,133,634,149,162,117,108,98,368,95,86,77,57,53,224,45,61,49,34,35,139,32,34,24,23,26,127,25,33,24,22,23,80,12,22,18,10,18,43,14,12,7,8,2,24,4,6,5,8,1,13,4,4,0,2,3,7,1,2,1,1,2,3,1,1,0,1,0,1
10018010041,埔頂里,女,5480,438,76,79,92,96,95,528,105,110,96,99,118,404,92,94,84,74,60,210,54,40,42,39,35,145,29,27,26,29,34,190,41,24,26,42,57,428,68,70,94,93,103,614,121,117,120,129,127,734,150,162,129,158,135,651,157,154,117,112,111,322,96,65,57,43,61,221,53,49,39,47,33,163,32,34,33,32,32,138,37,20,33,26,22,116,25,29,18,21,23,79,24,13,14,14,14,39,8,7,10,9,5,37,2,10,13,4,8,18,6,5,1,5,1,4,1,2,0,0,1,1
10018010042,龍山里,計,14427,1002,117,173,217,218,277,1532,269,302,324,305,332,1608,349,368,295,313,283,800,175,190,164,143,128,545,95,113,106,121,110,550,89,104,95,120,142,803,147,131,129,202,194,1237,183,267,255,254,278,1774,306,345,379,363,381,1724,386,365,378,289,306,955,268,186,177,152,172,654,157,146,135,120,96,411,98,87,79,77,70,285,63,59,64,56,43,241,50,47,51,51,42,152,32,37,28,29,26,77,19,18,15,14,11,49,16,9,9,11,4,20,3,4,5,6,2,6,0,2,2,1,1,2
10018010042,龍山里,男,7359,554,63,94,123,123,151,830,149,173,176,169,163,810,177,191,135,159,148,394,86,90,78,75,65,290,51,58,62,71,48,317,50,68,58,64,77,409,74,68,63,104,100,638,106,133,127,128,144,872,147,156,188,193,188,873,191,187,171,169,155,489,142,95,91,72,89,330,86,67,63,66,48,187,38,44,36,37,32,131,30,33,29,28,11,107,28,19,22,20,18,65,12,16,14,13,10,30,7,7,8,4,4,22,5,4,6,5,2,7,1,0,2,2,2,3,0,1,2,0,0,1
10018010042,龍山里,女,7068,448,54,79,94,95,126,702,120,129,148,136,169,798,172,177,160,154,135,406,89,100,86,68,63,255,44,55,44,50,62,233,39,36,37,56,65,394,73,63,66,98,94,599,77,134,128,126,134,902,159,189,191,170,193,851,195,178,207,120,151,466,126,91,86,80,83,324,71,79,72,54,48,224,60,43,43,40,38,154,33,26,35,28,32,134,22,28,29,31,24,87,20,21,14,16,16,47,12,11,7,10,7,27,11,5,3,6,2,13,2,4,3,4,0,3,0,1,0,1,1,1
10018010043,新莊里,計,6715,271,37,57,57,55,65,427,76,78,81,87,105,540,117,104,112,107,100,368,58,86,78,79,67,311,74,61,48,69,59,381,68,74,72,88,79,483,101,94,98,92,98,490,87,101,106,98,98,581,99,97,109,138,138,726,165,151,125,125,160,453,110,105,68,95,75,378,76,81,77,69,75,422,77,74,95,89,87,294,72,54,59,46,63,257,63,63,47,42,42,156,44,31,40,24,17,87,16,16,15,19,21,63,18,11,14,10,10,24,4,6,5,5,4,2,1,0,1,0,0,1
10018010043,新莊里,男,3320,141,18,26,32,28,37,217,37,36,44,45,55,308,67,65,60,61,55,200,29,38,44,50,39,169,41,31,24,40,33,205,36,39,38,50,42,239,61,38,54,38,48,224,37,54,54,41,38,287,50,53,51,67,66,354,77,72,55,64,86,222,51,66,34,37,34,182,36,37,41,30,38,190,43,38,39,41,29,132,36,26,25,15,30,119,27,29,25,18,20,66,18,11,18,11,8,34,6,8,2,10,8,24,10,5,4,2,3,7,2,1,2,1,1,0,0,0,0,0,0,0
10018010043,新莊里,女,3395,130,19,31,25,27,28,210,39,42,37,42,50,232,50,39,52,46,45,168,29,48,34,29,28,142,33,30,24,29,26,176,32,35,34,38,37,244,40,56,44,54,50,266,50,47,52,57,60,294,49,44,58,71,72,372,88,79,70,61,74,231,59,39,34,58,41,196,40,44,36,39,37,232,34,36,56,48,58,162,36,28,34,31,33,138,36,34,22,24,22,90,26,20,22,13,9,53,10,8,13,9,13,39,8,6,10,8,7,17,2,5,3,4,3,2,1,0,1,0,0,1
10018010044,仙水里,計,6697,336,41,76,81,70,68,392,66,75,72,83,96,465,89,98,86,106,86,332,64,61,77,72,58,343,62,70,67,89,55,387,83,83,70,68,83,603,100,124,133,119,127,608,143,120,127,105,113,558,106,104,103,114,131,651,147,139,127,125,113,551,108,119,98,109,117,405,87,97,84,72,65,350,70,67,66,83,64,289,58,64,55,50,62,195,53,31,28,41,42,113,33,18,25,17,20,70,10,14,17,9,20,31,9,11,4,4,3,14,3,4,3,3,1,4,3,1,0,0,0,0
10018010044,仙水里,男,3367,176,22,40,43,36,35,175,32,26,34,39,44,243,43,51,52,52,45,189,34,38,39,47,31,177,35,39,31,42,30,211,47,40,38,46,40,308,50,66,69,59,64,321,76,57,71,64,53,278,55,46,51,53,73,295,62,63,59,62,49,283,61,58,46,58,60,202,38,52,48,34,30,169,40,31,33,37,28,150,34,30,32,25,29,87,22,13,17,17,18,53,15,10,12,8,8,24,5,2,5,4,8,17,6,7,1,2,1,6,1,2,1,1,1,3,2,1,0,0,0,0
10018010044,仙水里,女,3330,160,19,36,38,34,33,217,34,49,38,44,52,222,46,47,34,54,41,143,30,23,38,25,27,166,27,31,36,47,25,176,36,43,32,22,43,295,50,58,64,60,63,287,67,63,56,41,60,280,51,58,52,61,58,356,85,76,68,63,64,268,47,61,52,51,57,203,49,45,36,38,35,181,30,36,33,46,36,139,24,34,23,25,33,108,31,18,11,24,24,60,18,8,13,9,12,46,5,12,12,5,12,14,3,4,3,2,2,8,2,2,2,2,0,1,1,0,0,0,0,0
10018010045,金山里,計,6401,228,32,40,49,53,54,296,53,49,58,70,66,381,82,83,68,56,92,319,56,66,71,70,56,365,62,70,71,79,83,443,105,82,75,82,99,449,94,92,80,98,85,431,88,89,86,83,85,522,85,100,104,114,119,589,124,104,102,118,141,585,121,122,103,126,113,548,111,136,107,107,87,397,96,86,77,62,76,269,58,54,58,55,44,230,48,49,49,47,37,166,33,46,35,34,18,91,19,19,13,25,15,59,17,16,8,11,7,20,7,3,1,4,5,9,4,3,2,0,0,4
10018010045,金山里,男,3204,127,13,24,31,31,28,165,33,28,33,38,33,187,36,39,31,25,56,178,31,33,41,41,32,186,30,31,44,40,41,230,53,44,36,40,57,240,48,56,43,50,43,223,39,56,44,37,47,260,40,54,48,59,59,271,55,49,44,53,70,295,64,62,47,67,55,291,55,77,54,64,41,206,51,40,42,31,42,124,31,21,32,21,19,90,16,24,17,15,18,68,18,14,13,14,9,34,4,9,6,10,5,15,6,5,2,0,2,11,3,1,1,3,3,2,2,0,0,0,0,1
10018010045,金山里,女,3197,101,19,16,18,22,26,131,20,21,25,32,33,194,46,44,37,31,36,141,25,33,30,29,24,179,32,39,27,39,42,213,52,38,39,42,42,209,46,36,37,48,42,208,49,33,42,46,38,262,45,46,56,55,60,318,69,55,58,65,71,290,57,60,56,59,58,257,56,59,53,43,46,191,45,46,35,31,34,145,27,33,26,34,25,140,32,25,32,32,19,98,15,32,22,20,9,57,15,10,7,15,10,44,11,11,6,11,5,9,4,2,0,1,2,7,2,3,2,0,0,3
10018010046,關東里,計,6059,221,28,50,52,44,47,337,62,68,52,73,82,449,83,81,84,114,87,356,82,69,79,65,61,310,59,56,59,62,74,377,67,70,73,82,85,362,82,57,64,75,84,399,76,72,84,91,76,506,106,87,99,113,101,593,121,120,130,107,115,485,123,114,90,80,78,409,83,83,93,70,80,346,84,73,60,59,70,307,71,56,54,53,73,257,60,55,50,50,42,141,30,30,30,31,20,106,20,21,21,29,15,65,22,14,14,6,9,19,1,8,7,2,1,13,2,3,3,3,2,1
10018010046,關東里,男,2952,107,11,23,29,21,23,167,34,36,22,41,34,209,30,36,45,50,48,202,40,40,43,38,41,156,35,29,25,27,40,206,31,38,42,43,52,191,44,31,30,40,46,209,34,37,48,49,41,225,52,36,41,53,43,291,54,62,64,48,63,238,60,53,43,37,45,184,36,41,41,31,35,163,43,29,26,30,35,155,35,31,32,27,30,108,24,27,23,22,12,60,12,12,13,14,9,37,5,8,8,8,8,28,8,5,8,3,4,7,1,1,4,1,0,8,1,1,3,1,2,1
10018010046,關東里,女,3107,114,17,27,23,23,24,170,28,32,30,32,48,240,53,45,39,64,39,154,42,29,36,27,20,154,24,27,34,35,34,171,36,32,31,39,33,171,38,26,34,35,38,190,42,35,36,42,35,281,54,51,58,60,58,302,67,58,66,59,52,247,63,61,47,43,33,225,47,42,52,39,45,183,41,44,34,29,35,152,36,25,22,26,43,149,36,28,27,28,30,81,18,18,17,17,11,69,15,13,13,21,7,37,14,9,6,3,5,12,0,7,3,1,1,5,1,2,0,2,0,0
10018010047,科園里,計,7933,294,44,55,54,71,70,540,97,102,76,134,131,807,165,187,152,152,151,509,103,103,118,106,79,399,85,79,76,76,83,446,84,80,87,103,92,469,96,90,98,93,92,472,100,95,90,88,99,578,82,121,107,121,147,676,138,140,138,118,142,546,108,113,114,95,116,471,119,86,109,75,82,484,89,115,106,94,80,483,90,101,110,103,79,346,78,85,77,61,45,187,53,46,35,22,31,114,16,20,33,26,19,71,20,14,18,10,9,26,7,6,4,3,6,13,3,2,4,2,2,2
10018010047,科園里,男,4045,153,23,31,28,36,35,293,57,50,39,74,73,435,83,105,77,84,86,272,49,61,55,63,44,213,45,40,47,36,45,228,39,42,38,62,47,231,45,47,43,50,46,236,50,47,44,46,49,275,44,56,46,57,72,337,63,59,74,62,79,303,57,56,68,57,65,240,67,38,57,38,40,239,38,63,58,46,34,230,37,45,54,56,38,189,45,46,37,38,23,84,21,24,12,16,11,41,8,10,10,9,4,25,8,4,8,3,2,13,5,3,0,1,4,7,2,1,1,1,2,1
10018010047,科園里,女,3888,141,21,24,26,35,35,247,40,52,37,60,58,372,82,82,75,68,65,237,54,42,63,43,35,186,40,39,29,40,38,218,45,38,49,41,45,238,51,43,55,43,46,236,50,48,46,42,50,303,38,65,61,64,75,339,75,81,64,56,63,243,51,57,46,38,51,231,52,48,52,37,42,245,51,52,48,48,46,253,53,56,56,47,41,157,33,39,40,23,22,103,32,22,23,6,20,73,8,10,23,17,15,46,12,10,10,7,7,13,2,3,4,2,2,6,1,1,3,1,0,1
10018010048,建華里,計,2818,64,8,12,13,10,21,146,17,14,31,35,49,257,52,41,65,52,47,147,26,25,41,29,26,152,29,21,27,35,40,179,43,40,43,30,23,144,24,32,36,29,23,165,36,31,29,28,41,199,30,42,35,39,53,235,50,44,49,49,43,191,40,38,42,30,41,197,40,40,36,43,38,190,36,51,34,37,32,174,40,33,38,29,34,124,24,28,15,29,28,101,23,30,20,16,12,67,11,11,11,19,15,63,20,14,10,12,7,16,7,1,2,4,2,7,2,2,2,1,0,0
10018010048,建華里,男,1367,28,5,4,5,6,8,73,6,5,14,20,28,131,30,23,30,23,25,84,14,16,19,20,15,85,14,12,13,22,24,91,24,22,19,16,10,64,12,12,18,11,11,81,20,11,15,15,20,85,12,16,18,19,20,114,25,17,25,25,22,100,23,15,24,14,24,102,17,25,19,21,20,96,19,21,18,23,15,82,22,16,14,13,17,51,8,9,7,11,16,40,12,9,7,6,6,31,7,4,5,5,10,23,7,6,5,2,3,5,2,1,1,1,0,1,0,0,1,0,0,0
10018010048,建華里,女,1451,36,3,8,8,4,13,73,11,9,17,15,21,126,22,18,35,29,22,63,12,9,22,9,11,67,15,9,14,13,16,88,19,18,24,14,13,80,12,20,18,18,12,84,16,20,14,13,21,114,18,26,17,20,33,121,25,27,24,24,21,91,17,23,18,16,17,95,23,15,17,22,18,94,17,30,16,14,17,92,18,17,24,16,17,73,16,19,8,18,12,61,11,21,13,10,6,36,4,7,6,14,5,40,13,8,5,10,4,11,5,0,1,3,2,6,2,2,1,1,0,0
10018010049,新光里,計,4124,135,26,28,23,27,31,174,35,32,33,36,38,172,33,34,30,34,41,180,44,36,25,46,29,198,34,38,41,45,40,285,52,42,56,68,67,329,65,60,83,64,57,276,53,63,52,53,55,322,59,50,66,66,81,366,78,71,70,78,69,275,55,56,63,48,53,266,69,63,49,44,41,278,47,55,52,65,59,261,54,68,45,42,52,274,67,55,59,46,47,154,50,29,35,19,21,82,11,19,21,17,14,60,17,10,16,9,8,29,10,6,5,4,4,7,2,2,2,1,0,1
10018010049,新光里,男,2080,71,12,16,10,14,19,89,17,18,14,21,19,80,16,20,16,9,19,91,26,16,11,26,12,101,15,21,22,22,21,150,30,22,34,28,36,170,34,29,38,40,29,155,35,29,30,28,33,167,31,24,29,36,47,190,40,36,35,38,41,136,25,25,35,21,30,146,36,43,25,18,24,140,30,23,27,29,31,122,27,32,26,14,23,137,26,26,36,26,23,71,20,17,16,8,10,31,5,9,6,5,6,23,7,4,8,2,2,10,2,2,1,2,3,0,0,0,0,0,0,0
10018010049,新光里,女,2044,64,14,12,13,13,12,85,18,14,19,15,19,92,17,14,14,25,22,89,18,20,14,20,17,97,19,17,19,23,19,135,22,20,22,40,31,159,31,31,45,24,28,121,18,34,22,25,22,155,28,26,37,30,34,176,38,35,35,40,28,139,30,31,28,27,23,120,33,20,24,26,17,138,17,32,25,36,28,139,27,36,19,28,29,137,41,29,23,20,24,83,30,12,19,11,11,51,6,10,15,12,8,37,10,6,8,7,6,19,8,4,4,2,1,7,2,2,2,1,0,1
10018010050,復興里,計,6756,269,32,60,54,58,65,470,60,87,78,116,129,698,144,157,147,127,123,428,84,105,74,82,83,343,68,71,57,75,72,405,95,78,78,78,76,374,78,86,61,82,67,431,78,78,93,85,97,526,97,98,99,106,126,583,121,132,103,113,114,484,98,101,102,79,104,440,92,90,97,76,85,369,79,84,79,63,64,312,66,62,66,64,54,241,56,50,53,43,39,150,34,33,25,30,28,122,23,25,34,19,21,72,25,12,22,7,6,31,11,7,2,8,3,5,3,1,0,1,0,3
10018010050,復興里,男,3177,136,17,31,29,24,35,244,28,43,40,57,76,357,89,75,68,61,64,221,53,47,38,38,45,170,36,34,30,37,33,201,48,46,37,34,36,208,39,43,37,56,33,199,45,34,42,36,42,207,43,32,40,38,54,246,49,56,44,46,51,212,44,44,49,35,40,194,36,46,41,30,41,166,38,37,33,29,29,143,29,31,27,31,25,118,26,30,26,22,14,62,14,15,13,11,9,48,10,9,12,7,10,31,12,4,8,3,4,9,4,3,1,0,1,2,1,1,0,0,0,3
10018010050,復興里,女,3579,133,15,29,25,34,30,226,32,44,38,59,53,341,55,82,79,66,59,207,31,58,36,44,38,173,32,37,27,38,39,204,47,32,41,44,40,166,39,43,24,26,34,232,33,44,51,49,55,319,54,66,59,68,72,337,72,76,59,67,63,272,54,57,53,44,64,246,56,44,56,46,44,203,41,47,46,34,35,169,37,31,39,33,29,123,30,20,27,21,25,88,20,18,12,19,19,74,13,16,22,12,11,41,13,8,14,4,2,22,7,4,1,8,2,3,2,0,0,1,0,0
10018010051,錦華里,計,2458,71,8,13,13,17,20,138,13,28,25,30,42,246,51,54,45,54,42,143,23,32,28,26,34,158,25,28,28,36,41,137,25,32,23,29,28,130,30,26,16,31,27,138,23,24,34,28,29,180,25,39,24,52,40,243,48,56,51,39,49,182,37,43,32,32,38,181,47,36,38,32,28,122,17,22,33,26,24,131,25,29,24,25,28,92,25,22,8,22,15,73,15,17,15,13,13,41,6,8,11,7,9,34,7,5,8,9,5,12,5,1,1,2,3,6,0,0,2,2,2,0
10018010051,錦華里,男,1150,44,5,9,7,10,13,79,8,15,14,18,24,121,24,23,27,26,21,76,13,17,18,12,16,74,15,11,15,16,17,63,12,14,12,14,11,61,7,13,9,15,17,60,8,12,14,12,14,65,8,15,11,20,11,114,23,18,29,20,24,78,20,13,18,15,12,95,26,15,20,20,14,55,7,12,17,9,10,58,11,9,10,14,14,42,12,11,5,7,7,37,7,11,3,8,8,14,3,3,5,0,3,8,2,2,1,2,1,3,2,0,0,0,1,3,0,0,1,2,0,0
10018010051,錦華里,女,1308,27,3,4,6,7,7,59,5,13,11,12,18,125,27,31,18,28,21,67,10,15,10,14,18,84,10,17,13,20,24,74,13,18,11,15,17,69,23,13,7,16,10,78,15,12,20,16,15,115,17,24,13,32,29,129,25,38,22,19,25,104,17,30,14,17,26,86,21,21,18,12,14,67,10,10,16,17,14,73,14,20,14,11,14,50,13,11,3,15,8,36,8,6,12,5,5,27,3,5,6,7,6,26,5,3,7,7,4,9,3,1,1,2,2,3,0,0,1,0,2,0
10018010052,湖濱里,計,4010,119,23,28,21,21,26,120,24,30,22,26,18,163,26,28,30,38,41,182,42,29,23,46,42,201,33,40,39,40,49,265,58,52,44,51,60,288,53,52,72,59,52,269,62,49,62,49,47,302,46,64,61,71,60,332,75,65,70,62,60,263,61,51,58,46,47,283,54,58,55,61,55,310,65,55,59,60,71,304,57,64,63,50,70,264,59,48,51,58,48,176,43,40,38,29,26,91,16,21,17,22,15,49,8,17,9,5,10,21,7,4,0,6,4,7,3,1,2,1,0,1
10018010052,湖濱里,男,1949,58,13,13,10,8,14,62,12,16,13,10,11,85,16,12,15,18,24,108,23,15,17,25,28,110,18,25,19,20,28,142,30,30,21,24,37,125,21,26,37,20,21,150,33,25,39,25,28,153,21,28,31,34,39,157,40,27,32,30,28,128,35,24,30,23,16,117,25,27,21,23,21,153,33,27,26,31,36,137,24,21,30,25,37,131,24,20,27,35,25,68,15,15,11,16,11,33,6,9,5,9,4,19,3,5,4,2,5,11,2,3,0,3,3,1,0,1,0,0,0,1
10018010052,湖濱里,女,2061,61,10,15,11,13,12,58,12,14,9,16,7,78,10,16,15,20,17,74,19,14,6,21,14,91,15,15,20,20,21,123,28,22,23,27,23,163,32,26,35,39,31,119,29,24,23,24,19,149,25,36,30,37,21,175,35,38,38,32,32,135,26,27,28,23,31,166,29,31,34,38,34,157,32,28,33,29,35,167,33,43,33,25,33,133,35,28,24,23,23,108,28,25,27,13,15,58,10,12,12,13,11,30,5,12,5,3,5,10,5,1,0,3,1,6,3,0,2,1,0,0
10018010053,明湖里,計,6217,198,31,37,39,37,54,309,54,61,70,62,62,377,79,80,63,81,74,353,63,68,73,80,69,313,64,56,66,59,68,422,89,73,64,83,113,461,103,109,83,84,82,435,79,93,103,67,93,563,75,99,122,126,141,719,119,158,159,134,149,531,128,98,109,106,90,448,105,88,99,88,68,364,72,81,74,73,64,302,68,55,74,49,56,213,38,53,39,41,42,124,31,34,26,22,11,45,9,8,17,6,5,29,9,7,5,4,4,7,1,2,2,1,1,4,3,0,1,0,0,0
10018010053,明湖里,男,3059,96,13,21,17,21,24,163,28,35,33,36,31,195,35,44,32,42,42,180,33,26,40,45,36,160,34,31,31,27,37,230,43,38,33,48,68,261,63,58,49,51,40,222,40,45,58,38,41,257,34,41,49,69,64,357,56,79,75,67,80,249,62,47,48,46,46,214,48,36,52,41,37,166,34,38,32,33,29,137,31,28,32,23,23,94,20,23,12,20,19,47,10,16,6,7,8,19,5,4,7,1,2,10,2,5,0,2,1,0,0,0,0,0,0,2,2,0,0,0,0,0
10018010053,明湖里,女,3158,102,18,16,22,16,30,146,26,26,37,26,31,182,44,36,31,39,32,173,30,42,33,35,33,153,30,25,35,32,31,192,46,35,31,35,45,200,40,51,34,33,42,213,39,48,45,29,52,306,41,58,73,57,77,362,63,79,84,67,69,282,66,51,61,60,44,234,57,52,47,47,31,198,38,43,42,40,35,165,37,27,42,26,33,119,18,30,27,21,23,77,21,18,20,15,3,26,4,4,10,5,3,19,7,2,5,2,3,7,1,2,2,1,1,2,1,0,1,0,0,0
10018010054,關新里,計,6083,230,34,32,52,49,63,549,92,102,118,117,120,743,154,142,132,174,141,524,124,123,95,106,76,287,68,63,53,52,51,183,45,34,32,32,40,155,32,32,21,35,35,327,54,43,61,78,91,713,91,125,138,157,202,1015,192,217,230,188,188,663,164,149,137,126,87,279,76,76,43,42,42,152,33,35,30,31,23,85,19,16,11,17,22,88,21,13,18,18,18,53,13,11,13,11,5,18,2,2,4,6,4,12,4,0,2,4,2,5,3,0,1,0,1,2,1,0,1,0,0,0
10018010054,關新里,男,3035,127,18,14,32,27,36,271,47,54,53,58,59,388,84,73,69,86,76,271,65,65,46,61,34,145,35,32,22,26,30,91,20,21,15,16,19,78,18,14,11,20,15,150,23,15,28,36,48,328,36,56,69,72,95,503,91,93,118,99,102,357,88,77,74,73,45,148,42,35,25,20,26,73,14,20,13,17,9,30,8,8,3,5,6,40,10,4,11,6,9,22,5,6,7,3,1,6,0,0,2,2,2,4,1,0,1,2,0,2,2,0,0,0,0,1,1,0,0,0,0,0
10018010054,關新里,女,3048,103,16,18,20,22,27,278,45,48,65,59,61,355,70,69,63,88,65,253,59,58,49,45,42,142,33,31,31,26,21,92,25,13,17,16,21,77,14,18,10,15,20,177,31,28,33,42,43,385,55,69,69,85,107,512,101,124,112,89,86,306,76,72,63,53,42,131,34,41,18,22,16,79,19,15,17,14,14,55,11,8,8,12,16,48,11,9,7,12,9,31,8,5,6,8,4,12,2,2,2,4,2,8,3,0,1,2,2,3,1,0,1,0,1,1,0,0,1,0,0,0
10018020,北區,計,154187,5003,756,1002,1069,1031,1145,6658,1241,1327,1289,1409,1392,7764,1453,1521,1451,1716,1623,7333,1341,1420,1494,1600,1478,7841,1509,1521,1440,1658,1713,9579,1885,1833,1803,1944,2114,10632,2164,2135,2140,2066,2127,10895,2232,2268,2188,2107,2100,12787,2200,2373,2618,2744,2852,14318,3001,2937,2846,2621,2913,11697,2443,2370,2285,2261,2338,11240,2280,2345,2295,2253,2067,10512,2140,2155,2028,2120,2069,9159,1909,1930,1916,1767,1637,7989,1683,1710,1643,1434,1519,5134,1322,1127,1072,846,767,2773,511,577,608,560,517,1872,491,447,364,322,248,738,219,177,146,119,77,232,82,50,45,39,16,31
10018020,北區,男,75056,2537,374,539,550,517,557,3439,632,693,663,742,709,3953,722,776,767,850,838,3829,698,745,805,860,721,4105,816,768,731,876,914,4866,986,925,908,983,1064,5512,1103,1084,1117,1069,1139,5545,1179,1153,1105,1095,1013,6206,1120,1181,1255,1286,1364,6962,1457,1448,1392,1246,1419,5623,1185,1145,1117,1045,1131,5340,1091,1108,1073,1064,1004,5034,1046,1043,976,983,986,4144,881,856,887,821,699,3552,752,748,757,625,670,2267,592,500,464,371,340,1088,211,219,252,219,187,663,179,151,130,102,101,276,82,63,58,44,29,98,35,18,19,17,9,17
10018020,北區,女,79131,2466,382,463,519,514,588,3219,609,634,626,667,683,3811,731,745,684,866,785,3504,643,675,689,740,757,3736,693,753,709,782,799,4713,899,908,895,961,1050,5120,1061,1051,1023,997,988,5350,1053,1115,1083,1012,1087,6581,1080,1192,1363,1458,1488,7356,1544,1489,1454,1375,1494,6074,1258,1225,1168,1216,1207,5900,1189,1237,1222,1189,1063,5478,1094,1112,1052,1137,1083,5015,1028,1074,1029,946,938,4437,931,962,886,809,849,2867,730,627,608,475,427,1685,300,358,356,341,330,1209,312,296,234,220,147,462,137,114,88,75,48,134,47,32,26,22,7,14
10018020001,西門里,計,650,22,1,5,4,4,8,18,6,2,5,3,2,21,2,1,6,5,7,25,2,5,5,11,2,30,5,6,5,7,7,33,8,5,7,5,8,35,5,8,12,5,5,42,12,12,6,5,7,72,16,15,15,9,17,50,12,7,13,11,7,54,10,18,8,9,9,45,9,8,9,10,9,39,9,10,4,4,12,55,9,14,12,6,14,54,14,13,7,7,13,25,3,4,7,5,6,9,2,1,2,3,1,11,1,1,4,4,1,9,2,3,2,0,2,1,0,0,1,0,0,0
10018020001,西門里,男,346,12,1,2,2,1,6,11,4,1,3,2,1,12,1,1,3,3,4,10,0,2,2,6,0,13,3,2,1,4,3,21,4,4,6,3,4,18,2,4,5,3,4,24,9,4,4,4,3,43,9,10,9,6,9,24,8,3,5,3,5,30,7,12,4,4,3,21,4,2,4,6,5,19,7,5,1,1,5,31,6,6,7,3,9,29,7,6,4,6,6,16,3,2,4,4,3,5,1,0,2,2,0,3,1,0,1,1,0,3,2,1,0,0,0,1,0,0,1,0,0,0
10018020001,西門里,女,304,10,0,3,2,3,2,7,2,1,2,1,1,9,1,0,3,2,3,15,2,3,3,5,2,17,2,4,4,3,4,12,4,1,1,2,4,17,3,4,7,2,1,18,3,8,2,1,4,29,7,5,6,3,8,26,4,4,8,8,2,24,3,6,4,5,6,24,5,6,5,4,4,20,2,5,3,3,7,24,3,8,5,3,5,25,7,7,3,1,7,9,0,2,3,1,3,4,1,1,0,1,1,8,0,1,3,3,1,6,0,2,2,0,2,0,0,0,0,0,0,0
10018020002,仁德里,計,776,15,2,5,4,1,3,24,8,4,4,4,4,29,6,5,8,4,6,27,4,4,3,8,8,48,8,9,13,9,9,43,12,6,9,7,9,55,7,15,9,10,14,48,10,9,12,11,6,61,12,14,9,13,13,61,12,14,11,10,14,57,14,10,12,9,12,63,5,14,15,17,12,62,13,14,15,7,13,48,10,11,5,9,13,49,11,9,11,11,7,45,12,8,13,7,5,19,5,2,2,5,5,12,3,3,2,1,3,8,1,3,1,2,1,2,1,0,1,0,0,0
10018020002,仁德里,男,373,8,1,2,3,0,2,13,3,2,4,3,1,17,2,3,5,4,3,14,2,2,2,3,5,16,4,2,5,2,3,22,6,5,6,1,4,26,5,6,4,4,7,22,3,6,5,4,4,31,6,9,2,7,7,30,7,7,6,5,5,26,9,3,5,4,5,27,1,5,7,7,7,36,7,9,10,4,6,25,3,7,3,3,9,26,5,4,7,7,3,20,5,2,5,6,2,6,1,1,1,2,1,4,1,1,1,0,1,4,1,2,0,0,1,0,0,0,0,0,0,0
10018020002,仁德里,女,403,7,1,3,1,1,1,11,5,2,0,1,3,12,4,2,3,0,3,13,2,2,1,5,3,32,4,7,8,7,6,21,6,1,3,6,5,29,2,9,5,6,7,26,7,3,7,7,2,30,6,5,7,6,6,31,5,7,5,5,9,31,5,7,7,5,7,36,4,9,8,10,5,26,6,5,5,3,7,23,7,4,2,6,4,23,6,5,4,4,4,25,7,6,8,1,3,13,4,1,1,3,4,8,2,2,1,1,2,4,0,1,1,2,0,2,1,0,1,0,0,0
10018020003,潛園里,計,766,22,4,4,4,6,4,28,6,7,8,4,3,11,2,2,0,3,4,32,2,6,7,7,10,31,5,6,3,10,7,48,10,15,5,10,8,48,8,10,9,7,14,44,11,6,12,10,5,59,10,11,10,20,8,53,10,12,12,10,9,46,17,9,7,4,9,64,13,9,19,11,12,64,15,9,14,8,18,63,12,15,9,11,16,58,11,14,6,16,11,39,13,5,7,7,7,19,2,6,3,5,3,24,7,5,3,2,7,8,2,3,1,1,1,4,3,1,0,0,0,1
10018020003,潛園里,男,387,8,1,2,1,2,2,11,4,2,2,1,2,2,0,0,0,0,2,21,1,5,4,6,5,14,0,5,0,5,4,28,6,11,3,3,5,27,4,5,6,5,7,22,4,2,7,4,5,33,7,5,5,13,3,24,3,8,5,2,6,25,6,8,3,2,6,31,6,4,6,9,6,38,9,5,6,6,12,36,4,9,6,7,10,25,4,5,3,6,7,23,6,4,4,6,3,9,0,4,2,1,2,6,0,3,1,0,2,3,1,2,0,0,0,1,1,0,0,0,0,0
10018020003,潛園里,女,379,14,3,2,3,4,2,17,2,5,6,3,1,9,2,2,0,3,2,11,1,1,3,1,5,17,5,1,3,5,3,20,4,4,2,7,3,21,4,5,3,2,7,22,7,4,5,6,0,26,3,6,5,7,5,29,7,4,7,8,3,21,11,1,4,2,3,33,7,5,13,2,6,26,6,4,8,2,6,27,8,6,3,4,6,33,7,9,3,10,4,16,7,1,3,1,4,10,2,2,1,4,1,18,7,2,2,2,5,5,1,1,1,1,1,3,2,1,0,0,0,1
10018020004,中央里,計,416,18,3,1,5,4,5,10,1,2,0,6,1,7,2,2,1,1,1,10,0,2,3,2,3,13,2,2,3,0,6,24,5,5,6,3,5,22,3,7,4,5,3,37,5,11,7,9,5,26,2,4,7,7,6,20,2,3,5,6,4,28,5,8,2,8,5,38,10,6,4,11,7,28,6,4,10,3,5,35,6,6,7,11,5,34,9,7,10,3,5,29,9,9,3,5,3,21,2,3,5,5,6,9,4,1,0,2,2,3,1,1,1,0,0,4,3,0,0,1,0,0
10018020004,中央里,男,216,7,1,0,3,1,2,5,1,0,0,3,1,5,1,2,1,1,0,3,0,0,2,1,0,8,1,1,2,0,4,12,2,2,3,2,3,13,2,4,2,4,1,23,2,6,7,6,2,10,1,2,2,3,2,8,0,3,2,1,2,14,5,2,2,2,3,24,7,5,3,4,5,13,3,1,4,1,4,17,3,2,4,4,4,18,7,3,3,1,4,15,5,5,2,3,0,14,1,2,4,4,3,5,1,1,0,2,1,1,0,0,1,0,0,1,1,0,0,0,0,0
10018020004,中央里,女,200,11,2,1,2,3,3,5,0,2,0,3,0,2,1,0,0,0,1,7,0,2,1,1,3,5,1,1,1,0,2,12,3,3,3,1,2,9,1,3,2,1,2,14,3,5,0,3,3,16,1,2,5,4,4,12,2,0,3,5,2,14,0,6,0,6,2,14,3,1,1,7,2,15,3,3,6,2,1,18,3,4,3,7,1,16,2,4,7,2,1,14,4,4,1,2,3,7,1,1,1,1,3,4,3,0,0,0,1,2,1,1,0,0,0,3,2,0,0,1,0,0
10018020005,崇禮里,計,1136,21,4,4,4,6,3,32,8,8,7,6,3,24,3,7,4,7,3,35,3,7,9,9,7,73,20,15,11,12,15,73,14,15,16,9,19,68,16,13,11,14,14,68,18,16,9,15,10,79,17,18,10,16,18,89,19,15,20,17,18,66,9,18,15,10,14,96,17,20,26,14,19,98,30,17,7,17,27,91,11,24,17,16,23,73,13,18,17,12,13,63,17,13,10,14,9,40,6,13,4,8,9,23,7,5,5,5,1,17,2,8,4,1,2,5,1,2,1,0,1,2
10018020005,崇禮里,男,589,16,4,3,3,5,1,20,2,5,5,6,2,16,2,4,2,6,2,19,1,5,6,5,2,36,11,6,3,8,8,40,10,5,8,4,13,36,11,6,6,6,7,41,14,11,7,5,4,44,10,8,4,9,13,39,9,3,11,7,9,31,5,8,6,5,7,45,8,10,13,3,11,59,19,9,2,13,16,36,2,9,9,5,11,43,9,6,11,8,9,34,9,7,7,7,4,16,2,4,1,4,5,8,2,3,1,2,0,7,2,2,2,1,0,2,1,1,0,0,0,1
10018020005,崇禮里,女,547,5,0,1,1,1,2,12,6,3,2,0,1,8,1,3,2,1,1,16,2,2,3,4,5,37,9,9,8,4,7,33,4,10,8,5,6,32,5,7,5,8,7,27,4,5,2,10,6,35,7,10,6,7,5,50,10,12,9,10,9,35,4,10,9,5,7,51,9,10,13,11,8,39,11,8,5,4,11,55,9,15,8,11,12,30,4,12,6,4,4,29,8,6,3,7,5,24,4,9,3,4,4,15,5,2,4,3,1,10,0,6,2,0,2,3,0,1,1,0,1,1
10018020006,石坊里,計,575,15,0,1,5,2,7,14,3,1,3,1,6,9,0,1,2,3,3,16,0,1,2,9,4,33,5,7,9,3,9,32,5,9,3,6,9,36,8,8,5,10,5,35,2,10,10,8,5,53,11,11,10,12,9,41,12,7,8,7,7,57,13,11,13,10,10,46,13,11,9,5,8,50,8,13,14,8,7,38,3,10,8,9,8,34,5,10,8,8,3,30,9,6,5,6,4,13,2,2,3,4,2,16,3,4,2,4,3,5,2,1,1,0,1,2,0,0,2,0,0,0
10018020006,石坊里,男,258,7,0,1,1,2,3,8,2,1,1,1,3,4,0,0,1,2,1,10,0,1,2,6,1,17,3,3,5,2,4,14,1,4,1,3,5,15,3,3,2,4,3,13,0,2,4,6,1,22,5,5,6,4,2,18,4,6,1,5,2,27,6,5,6,5,5,20,4,4,4,3,5,27,3,8,10,3,3,17,1,3,2,7,4,16,2,4,3,5,2,14,5,3,2,2,2,3,1,1,0,0,1,5,1,1,2,1,0,0,0,0,0,0,0,1,0,0,1,0,0,0
10018020006,石坊里,女,317,8,0,0,4,0,4,6,1,0,2,0,3,5,0,1,1,1,2,6,0,0,0,3,3,16,2,4,4,1,5,18,4,5,2,3,4,21,5,5,3,6,2,22,2,8,6,2,4,31,6,6,4,8,7,23,8,1,7,2,5,30,7,6,7,5,5,26,9,7,5,2,3,23,5,5,4,5,4,21,2,7,6,2,4,18,3,6,5,3,1,16,4,3,3,4,2,10,1,1,3,4,1,11,2,3,0,3,3,5,2,1,1,0,1,1,0,0,1,0,0,0
10018020007,興南里,計,1579,86,14,13,20,17,22,87,25,27,15,12,8,48,7,10,5,15,11,66,12,15,9,14,16,71,16,15,13,17,10,99,19,15,14,24,27,95,26,17,19,16,17,118,30,21,26,24,17,122,17,30,27,22,26,130,23,25,27,25,30,114,20,28,22,21,23,115,28,27,22,28,10,85,16,18,17,15,19,100,14,18,26,21,21,93,14,20,20,13,26,73,22,11,15,11,14,31,6,5,5,7,8,34,5,8,4,12,5,6,0,2,1,2,1,5,1,1,2,1,0,1
10018020007,興南里,男,722,42,6,7,11,7,11,45,13,15,10,3,4,21,3,5,0,8,5,41,8,13,6,7,7,35,9,6,10,3,7,42,8,6,4,14,10,47,15,6,8,11,7,57,13,12,15,12,5,49,6,9,7,12,15,63,13,13,10,16,11,43,10,13,8,7,5,50,13,8,12,13,4,48,8,10,12,8,10,40,5,9,8,9,9,39,6,10,7,5,11,30,7,8,6,3,6,15,3,3,3,2,4,13,3,4,3,3,0,0,0,0,0,0,0,2,1,0,1,0,0,0
10018020007,興南里,女,857,44,8,6,9,10,11,42,12,12,5,9,4,27,4,5,5,7,6,25,4,2,3,7,9,36,7,9,3,14,3,57,11,9,10,10,17,48,11,11,11,5,10,61,17,9,11,12,12,73,11,21,20,10,11,67,10,12,17,9,19,71,10,15,14,14,18,65,15,19,10,15,6,37,8,8,5,7,9,60,9,9,18,12,12,54,8,10,13,8,15,43,15,3,9,8,8,16,3,2,2,5,4,21,2,4,1,9,5,6,0,2,1,2,1,3,0,1,1,1,0,1
10018020008,北門里,計,1103,32,3,7,8,5,9,44,13,8,8,7,8,49,8,11,13,10,7,37,6,9,7,7,8,66,8,21,12,13,12,56,12,12,13,9,10,64,18,12,9,13,12,65,10,13,17,12,13,87,10,18,24,15,20,91,20,15,17,17,22,95,23,16,16,21,19,77,20,13,15,12,17,88,22,15,17,15,19,68,15,11,19,12,11,69,19,12,13,10,15,44,12,10,11,6,5,33,4,5,7,10,7,22,4,4,5,6,3,14,6,3,2,2,1,2,0,0,1,0,1,0
10018020008,北門里,男,556,11,0,3,5,2,1,23,5,5,4,4,5,24,3,5,10,3,3,19,3,3,3,4,6,32,4,9,6,8,5,26,7,8,5,4,2,30,8,5,3,8,6,35,5,8,9,7,6,49,8,10,15,6,10,50,12,12,6,8,12,58,13,11,10,13,11,48,14,8,8,9,9,44,12,9,9,7,7,34,9,4,7,9,5,34,12,7,5,2,8,15,3,4,3,2,3,11,1,2,2,4,2,8,1,1,1,2,3,5,3,1,1,0,0,0,0,0,0,0,0,0
10018020008,北門里,女,547,21,3,4,3,3,8,21,8,3,4,3,3,25,5,6,3,7,4,18,3,6,4,3,2,34,4,12,6,5,7,30,5,4,8,5,8,34,10,7,6,5,6,30,5,5,8,5,7,38,2,8,9,9,10,41,8,3,11,9,10,37,10,5,6,8,8,29,6,5,7,3,8,44,10,6,8,8,12,34,6,7,12,3,6,35,7,5,8,8,7,29,9,6,8,4,2,22,3,3,5,6,5,14,3,3,4,4,0,9,3,2,1,2,1,2,0,0,1,0,1,0
10018020009,中興里,計,1087,44,7,12,4,7,14,47,11,6,6,13,11,50,11,8,12,14,5,65,14,7,12,17,15,43,8,5,10,11,9,52,12,16,11,4,9,75,9,12,17,18,19,77,12,18,14,17,16,103,22,15,19,22,25,119,23,26,18,16,36,88,20,17,19,13,19,64,15,11,16,12,10,63,17,9,13,17,7,51,10,9,10,9,13,57,13,11,13,15,5,42,13,7,10,8,4,23,2,7,4,5,5,12,3,1,5,1,2,9,2,2,3,0,2,3,0,1,1,1,0,0
10018020009,中興里,男,541,23,5,6,3,3,6,24,5,2,4,9,4,27,6,2,8,6,5,30,4,4,7,8,7,26,6,3,7,6,4,30,5,9,7,2,7,40,5,3,8,12,12,41,6,10,8,8,9,55,13,6,12,14,10,55,11,13,9,8,14,41,7,8,13,6,7,30,10,5,5,6,4,30,8,5,5,10,2,24,5,3,7,4,5,23,4,5,6,7,1,17,5,3,4,2,3,13,2,4,2,4,1,6,1,0,4,1,0,4,0,1,2,0,1,2,0,1,0,1,0,0
10018020009,中興里,女,546,21,2,6,1,4,8,23,6,4,2,4,7,23,5,6,4,8,0,35,10,3,5,9,8,17,2,2,3,5,5,22,7,7,4,2,2,35,4,9,9,6,7,36,6,8,6,9,7,48,9,9,7,8,15,64,12,13,9,8,22,47,13,9,6,7,12,34,5,6,11,6,6,33,9,4,8,7,5,27,5,6,3,5,8,34,9,6,7,8,4,25,8,4,6,6,1,10,0,3,2,1,4,6,2,1,1,0,2,5,2,1,1,0,1,1,0,0,1,0,0,0
10018020010,大同里,計,997,42,5,4,11,10,12,83,12,23,13,21,14,96,18,27,17,18,16,55,13,12,16,7,7,32,8,7,5,5,7,49,9,15,8,10,7,46,16,8,7,9,6,63,5,17,9,14,18,87,16,16,19,14,22,59,15,18,7,9,10,53,7,11,7,9,19,68,10,17,13,17,11,62,18,15,9,8,12,58,10,14,16,12,6,51,12,10,16,4,9,43,8,13,8,8,6,18,3,2,4,3,6,22,4,7,6,3,2,8,4,0,1,3,0,1,1,0,0,0,0,1
10018020010,大同里,男,465,25,3,3,8,5,6,45,6,12,10,9,8,45,11,11,8,8,7,28,7,6,7,4,4,14,4,3,4,0,3,18,3,5,4,2,4,23,9,4,4,4,2,27,3,10,5,5,4,45,9,5,11,9,11,19,7,5,3,2,2,23,5,4,1,2,11,33,4,12,5,8,4,23,7,6,5,2,3,24,2,7,8,4,3,28,10,4,7,3,4,22,5,6,7,2,2,7,1,1,2,0,3,11,1,4,3,1,2,3,2,0,0,1,0,1,1,0,0,0,0,1
10018020010,大同里,女,532,17,2,1,3,5,6,38,6,11,3,12,6,51,7,16,9,10,9,27,6,6,9,3,3,18,4,4,1,5,4,31,6,10,4,8,3,23,7,4,3,5,4,36,2,7,4,9,14,42,7,11,8,5,11,40,8,13,4,7,8,30,2,7,6,7,8,35,6,5,8,9,7,39,11,9,4,6,9,34,8,7,8,8,3,23,2,6,9,1,5,21,3,7,1,6,4,11,2,1,2,3,3,11,3,3,3,2,0,5,2,0,1,2,0,0,0,0,0,0,0,0
10018020011,中山里,計,1094,44,2,10,13,8,11,66,14,16,12,11,13,81,18,16,17,15,15,47,8,10,14,7,8,48,9,8,10,14,7,63,10,14,11,16,12,68,25,11,9,11,12,64,11,13,14,9,17,81,16,16,12,18,19,96,22,14,22,16,22,66,11,14,13,15,13,77,10,14,21,19,13,81,15,16,15,12,23,62,10,18,15,12,7,49,9,7,15,8,10,47,17,10,10,5,5,21,2,2,11,3,3,17,6,4,5,1,1,9,2,1,4,2,0,5,1,0,2,1,1,2
10018020011,中山里,男,519,17,1,4,5,2,5,36,7,11,5,7,6,38,11,10,6,5,6,24,6,7,7,2,2,26,4,5,6,8,3,28,6,5,8,5,4,33,11,7,4,6,5,29,7,4,6,4,8,38,7,4,6,13,8,39,7,5,8,11,8,28,4,3,8,8,5,35,4,6,9,7,9,43,11,11,5,6,10,33,4,11,7,7,4,31,6,3,10,6,6,16,6,4,4,1,1,5,0,1,3,1,0,13,5,3,4,0,1,3,2,0,0,1,0,3,1,0,1,0,1,1
10018020011,中山里,女,575,27,1,6,8,6,6,30,7,5,7,4,7,43,7,6,11,10,9,23,2,3,7,5,6,22,5,3,4,6,4,35,4,9,3,11,8,35,14,4,5,5,7,35,4,9,8,5,9,43,9,12,6,5,11,57,15,9,14,5,14,38,7,11,5,7,8,42,6,8,12,12,4,38,4,5,10,6,13,29,6,7,8,5,3,18,3,4,5,2,4,31,11,6,6,4,4,16,2,1,8,2,3,4,1,1,1,1,0,6,0,1,4,1,0,2,0,0,1,1,0,1
10018020012,長和里,計,1645,61,12,11,13,11,14,90,19,16,12,18,25,88,18,25,13,17,15,66,13,17,18,9,9,81,21,10,11,20,19,89,20,13,16,18,22,106,19,21,23,18,25,112,24,21,23,15,29,129,21,21,32,30,25,151,27,38,28,33,25,117,29,22,20,17,29,109,17,24,29,12,27,106,23,20,23,21,19,106,24,16,23,20,23,100,25,20,16,11,28,65,14,13,11,13,14,31,3,5,8,7,8,28,6,6,7,4,5,8,2,3,1,1,1,2,1,1,0,0,0,0
10018020012,長和里,男,817,33,8,6,5,6,8,53,10,6,9,12,16,51,11,12,9,8,11,40,8,8,14,5,5,44,12,4,5,15,8,51,10,6,8,13,14,57,11,10,13,10,13,51,14,8,13,6,10,51,9,9,11,14,8,66,12,19,11,11,13,60,18,13,8,6,15,60,10,15,18,4,13,50,13,12,7,11,7,51,15,9,8,10,9,44,10,9,6,5,14,31,8,5,5,5,8,10,3,0,3,1,3,12,2,2,2,2,4,2,0,1,0,0,1,0,0,0,0,0,0,0
10018020012,長和里,女,828,28,4,5,8,5,6,37,9,10,3,6,9,37,7,13,4,9,4,26,5,9,4,4,4,37,9,6,6,5,11,38,10,7,8,5,8,49,8,11,10,8,12,61,10,13,10,9,19,78,12,12,21,16,17,85,15,19,17,22,12,57,11,9,12,11,14,49,7,9,11,8,14,56,10,8,16,10,12,55,9,7,15,10,14,56,15,11,10,6,14,34,6,8,6,8,6,21,0,5,5,6,5,16,4,4,5,2,1,6,2,2,1,1,0,2,1,1,0,0,0,0
10018020013,新民里,計,1853,65,5,12,18,13,17,102,23,24,19,20,16,89,20,18,17,13,21,74,17,14,16,16,11,72,8,17,10,23,14,112,30,27,18,15,22,115,24,25,26,18,22,142,32,22,32,34,22,156,26,21,31,39,39,164,37,35,34,20,38,115,20,28,22,16,29,130,26,23,26,28,27,128,32,31,16,33,16,128,25,28,27,29,19,120,24,27,24,24,21,65,22,15,14,6,8,30,5,6,3,8,8,30,10,5,5,5,5,14,4,4,2,2,2,1,1,0,0,0,0,1
10018020013,新民里,男,877,38,2,7,10,9,10,54,15,15,5,11,8,41,9,6,8,8,10,39,12,6,10,9,2,35,5,7,6,12,5,54,18,14,7,4,11,54,8,16,11,9,10,65,14,11,15,14,11,80,17,12,18,19,14,75,18,16,11,12,18,48,7,14,8,12,7,65,17,9,14,10,15,65,20,13,8,16,8,56,10,10,15,14,7,56,14,12,12,8,10,27,9,4,9,2,3,11,1,3,1,2,4,10,6,1,2,0,1,4,1,2,1,0,0,0,0,0,0,0,0,0
10018020013,新民里,女,976,27,3,5,8,4,7,48,8,9,14,9,8,48,11,12,9,5,11,35,5,8,6,7,9,37,3,10,4,11,9,58,12,13,11,11,11,61,16,9,15,9,12,77,18,11,17,20,11,76,9,9,13,20,25,89,19,19,23,8,20,67,13,14,14,4,22,65,9,14,12,18,12,63,12,18,8,17,8,72,15,18,12,15,12,64,10,15,12,16,11,38,13,11,5,4,5,19,4,3,2,6,4,20,4,4,3,5,4,10,3,2,1,2,2,1,1,0,0,0,0,1
10018020014,民富里,計,5643,190,33,31,32,48,46,378,75,73,69,80,81,336,71,81,58,67,59,252,61,50,45,55,41,280,53,56,51,48,72,333,66,64,65,65,73,341,70,73,67,62,69,354,79,80,57,70,68,436,70,79,93,103,91,530,122,87,112,100,109,413,88,90,69,88,78,378,72,68,84,77,77,330,64,59,72,60,75,333,63,77,65,75,53,310,58,70,71,52,59,206,49,48,36,41,32,141,27,15,33,31,35,61,17,19,7,12,6,31,13,5,5,4,4,10,1,2,2,4,1,0
10018020014,民富里,男,2792,92,17,16,22,18,19,203,42,39,36,45,41,168,32,40,30,35,31,124,32,25,20,27,20,151,29,28,33,23,38,174,25,41,33,34,41,168,40,26,32,30,40,187,44,43,31,35,34,213,33,36,50,51,43,264,56,47,55,46,60,218,48,45,34,51,40,198,36,38,48,33,43,155,31,32,38,23,31,148,29,34,33,30,22,138,21,30,41,25,21,91,20,23,17,17,14,65,16,5,13,18,13,19,7,6,3,2,1,13,2,3,3,2,3,3,0,1,1,1,0,0
10018020014,民富里,女,2851,98,16,15,10,30,27,175,33,34,33,35,40,168,39,41,28,32,28,128,29,25,25,28,21,129,24,28,18,25,34,159,41,23,32,31,32,173,30,47,35,32,29,167,35,37,26,35,34,223,37,43,43,52,48,266,66,40,57,54,49,195,40,45,35,37,38,180,36,30,36,44,34,175,33,27,34,37,44,185,34,43,32,45,31,172,37,40,30,27,38,115,29,25,19,24,18,76,11,10,20,13,22,42,10,13,4,10,5,18,11,2,2,2,1,7,1,1,1,3,1,0
10018020015,水田里,計,3921,120,23,23,23,24,27,181,23,27,37,43,51,214,39,47,51,31,46,173,27,40,27,37,42,187,39,28,30,46,44,242,50,42,49,47,54,257,62,53,47,42,53,244,47,45,54,42,56,293,68,53,56,61,55,306,77,63,55,43,68,297,55,55,63,51,73,294,67,68,43,53,63,317,72,58,66,73,48,256,53,48,53,51,51,187,31,37,43,32,44,149,39,24,36,23,27,82,16,15,21,17,13,73,22,22,13,10,6,41,17,9,8,6,1,8,3,3,2,0,0,0
10018020015,水田里,男,1887,73,16,17,13,16,11,83,8,11,21,19,24,112,21,27,26,12,26,87,14,17,18,21,17,89,17,15,14,25,18,127,30,20,25,28,24,136,28,27,28,24,29,112,27,19,27,16,23,135,28,29,27,19,32,141,40,32,18,21,30,136,21,18,34,23,40,136,30,37,19,18,32,149,41,26,33,28,21,125,35,20,25,25,20,96,15,21,21,14,25,71,18,11,18,9,15,29,4,8,8,5,4,29,10,9,3,3,4,19,9,4,2,3,1,2,1,1,0,0,0,0
10018020015,水田里,女,2034,47,7,6,10,8,16,98,15,16,16,24,27,102,18,20,25,19,20,86,13,23,9,16,25,98,22,13,16,21,26,115,20,22,24,19,30,121,34,26,19,18,24,132,20,26,27,26,33,158,40,24,29,42,23,165,37,31,37,22,38,161,34,37,29,28,33,158,37,31,24,35,31,168,31,32,33,45,27,131,18,28,28,26,31,91,16,16,22,18,19,78,21,13,18,14,12,53,12,7,13,12,9,44,12,13,10,7,2,22,8,5,6,3,0,6,2,2,2,0,0,0
10018020016,文雅里,計,4704,107,16,20,27,20,24,159,30,15,37,43,34,280,51,57,47,67,58,248,52,49,48,52,47,235,53,37,38,47,60,281,52,52,65,55,57,329,65,63,78,61,62,272,56,52,56,54,54,366,60,66,75,88,77,411,84,85,66,75,101,357,75,69,77,74,62,372,63,73,66,94,76,318,69,76,59,52,62,295,61,73,75,48,38,224,47,44,43,47,43,181,40,39,28,37,37,129,22,32,25,20,30,93,17,17,25,23,11,40,12,10,6,5,7,7,2,2,0,3,0,0
10018020016,文雅里,男,2244,51,7,6,17,9,12,87,17,5,19,25,21,147,23,32,27,32,33,137,25,29,25,30,28,112,17,19,20,24,32,127,26,26,29,20,26,176,34,33,45,27,37,133,27,27,30,28,21,172,30,28,35,37,42,208,38,45,39,41,45,176,43,35,39,35,24,172,31,37,29,39,36,144,35,29,32,23,25,121,22,29,37,21,12,99,23,25,18,19,14,80,15,20,8,21,16,51,7,14,10,8,12,29,3,2,10,10,4,21,6,7,4,2,2,1,0,0,0,1,0,0
10018020016,文雅里,女,2460,56,9,14,10,11,12,72,13,10,18,18,13,133,28,25,20,35,25,111,27,20,23,22,19,123,36,18,18,23,28,154,26,26,36,35,31,153,31,30,33,34,25,139,29,25,26,26,33,194,30,38,40,51,35,203,46,40,27,34,56,181,32,34,38,39,38,200,32,36,37,55,40,174,34,47,27,29,37,174,39,44,38,27,26,125,24,19,25,28,29,101,25,19,20,16,21,78,15,18,15,12,18,64,14,15,15,13,7,19,6,3,2,3,5,6,2,2,0,2,0,0
10018020017,光田里,計,2329,57,5,17,12,10,13,64,11,9,13,11,20,123,28,25,23,27,20,106,16,22,16,22,30,114,20,24,21,22,27,154,23,28,31,45,27,138,29,28,31,20,30,147,32,35,24,32,24,153,21,34,35,33,30,190,28,40,51,39,32,181,41,33,36,29,42,171,42,31,32,33,33,172,31,44,29,30,38,152,35,26,33,37,21,135,33,31,27,18,26,125,33,23,22,22,25,70,13,16,18,9,14,51,11,13,11,11,5,21,3,7,6,2,3,5,3,0,2,0,0,0
10018020017,光田里,男,1159,33,3,10,6,5,9,34,4,8,7,6,9,63,16,12,12,14,9,55,10,9,4,15,17,62,10,13,13,10,16,86,14,14,15,25,18,80,15,15,18,15,17,76,15,15,11,21,14,75,11,19,11,15,19,96,17,24,25,14,16,83,19,15,18,12,19,83,22,16,15,17,13,85,15,23,16,10,21,77,23,12,13,20,9,58,17,13,12,7,9,58,20,10,9,9,10,31,7,6,11,4,3,14,2,4,3,3,2,8,2,3,1,0,2,2,2,0,0,0,0,0
10018020017,光田里,女,1170,24,2,7,6,5,4,30,7,1,6,5,11,60,12,13,11,13,11,51,6,13,12,7,13,52,10,11,8,12,11,68,9,14,16,20,9,58,14,13,13,5,13,71,17,20,13,11,10,78,10,15,24,18,11,94,11,16,26,25,16,98,22,18,18,17,23,88,20,15,17,16,20,87,16,21,13,20,17,75,12,14,20,17,12,77,16,18,15,11,17,67,13,13,13,13,15,39,6,10,7,5,11,37,9,9,8,8,3,13,1,4,5,2,1,3,1,0,2,0,0,0
10018020018,士林里,計,2872,131,22,32,34,18,25,154,29,33,23,38,31,156,25,32,31,33,35,121,26,21,30,26,18,148,28,27,26,31,36,184,34,36,37,46,31,265,51,58,49,54,53,258,44,55,58,49,52,232,39,45,43,51,54,241,58,64,37,45,37,178,43,34,35,31,35,199,34,43,39,46,37,180,35,49,31,33,32,115,21,31,19,23,21,129,31,30,29,22,17,82,12,22,21,11,16,45,10,11,7,10,7,39,13,7,3,10,6,12,3,3,3,1,2,3,1,0,0,1,1,0
10018020018,士林里,男,1442,64,13,20,12,9,10,81,19,14,14,22,12,85,10,18,15,19,23,66,13,9,19,17,8,77,14,18,10,17,18,93,17,20,17,22,17,135,25,28,26,27,29,139,25,29,29,29,27,108,21,21,17,25,24,135,24,42,21,25,23,85,20,15,22,11,17,99,19,20,21,22,17,94,23,24,14,16,17,54,9,13,10,13,9,61,15,15,14,8,9,27,5,7,5,6,4,16,4,3,5,3,1,15,8,2,1,2,2,5,1,1,1,1,1,3,1,0,0,1,1,0
10018020018,士林里,女,1430,67,9,12,22,9,15,73,10,19,9,16,19,71,15,14,16,14,12,55,13,12,11,9,10,71,14,9,16,14,18,91,17,16,20,24,14,130,26,30,23,27,24,119,19,26,29,20,25,124,18,24,26,26,30,106,34,22,16,20,14,93,23,19,13,20,18,100,15,23,18,24,20,86,12,25,17,17,15,61,12,18,9,10,12,68,16,15,15,14,8,55,7,15,16,5,12,29,6,8,2,7,6,24,5,5,2,8,4,7,2,2,2,0,1,0,0,0,0,0,0,0
10018020019,福林里,計,4402,128,26,18,24,31,29,182,29,36,36,43,38,232,44,45,37,63,43,216,46,46,30,53,41,231,41,44,47,44,55,329,58,64,84,40,83,295,58,71,54,53,59,246,51,51,49,48,47,302,59,50,56,77,60,367,73,74,80,53,87,337,70,65,59,55,88,333,56,78,71,59,69,331,77,66,75,52,61,290,61,66,62,58,43,216,37,39,45,48,47,140,36,29,25,24,26,119,24,25,25,24,21,77,29,14,18,6,10,24,8,4,7,5,0,3,1,1,1,0,0,4
10018020019,福林里,男,2152,60,12,9,9,18,12,100,16,17,23,23,21,121,25,23,20,28,25,105,22,22,15,26,20,138,26,25,29,26,32,153,21,34,39,20,39,165,30,39,34,28,34,126,24,29,21,28,24,159,35,26,30,35,33,175,38,40,33,24,40,163,33,36,31,27,36,145,21,37,35,25,27,173,43,30,38,28,34,137,36,21,30,31,19,95,22,15,21,22,15,56,15,6,6,14,15,43,9,8,11,9,6,27,9,5,8,0,5,7,1,1,4,1,0,1,1,0,0,0,0,3
10018020019,福林里,女,2250,68,14,9,15,13,17,82,13,19,13,20,17,111,19,22,17,35,18,111,24,24,15,27,21,93,15,19,18,18,23,176,37,30,45,20,44,130,28,32,20,25,25,120,27,22,28,20,23,143,24,24,26,42,27,192,35,34,47,29,47,174,37,29,28,28,52,188,35,41,36,34,42,158,34,36,37,24,27,153,25,45,32,27,24,121,15,24,24,26,32,84,21,23,19,10,11,76,15,17,14,15,15,50,20,9,10,6,5,17,7,3,3,4,0,2,0,1,1,0,0,1
10018020020,古賢里,計,983,33,3,6,11,7,6,45,9,6,13,8,9,46,5,8,11,7,15,43,9,7,12,7,8,50,9,11,8,9,13,57,6,14,10,11,16,67,12,16,17,9,13,78,21,9,17,11,20,52,8,14,8,9,13,96,18,20,19,19,20,56,14,11,9,15,7,69,13,14,15,14,13,62,13,9,14,10,16,65,12,11,15,14,13,57,7,11,13,10,16,45,11,11,12,4,7,31,7,4,6,6,8,23,7,7,3,4,2,6,2,1,1,2,0,2,1,1,0,0,0,0
10018020020,古賢里,男,513,15,1,4,5,2,3,21,4,2,7,5,3,21,0,4,6,3,8,26,4,5,7,4,6,29,5,4,6,6,8,27,4,7,5,4,7,31,5,4,9,4,9,41,15,5,6,6,9,29,5,7,2,7,8,56,8,14,13,10,11,27,7,6,3,7,4,45,9,9,9,10,8,39,7,6,7,7,12,32,6,3,12,6,5,29,4,7,6,4,8,19,8,5,5,1,0,13,5,2,1,2,3,10,5,2,2,0,1,2,1,0,1,0,0,1,1,0,0,0,0,0
10018020020,古賢里,女,470,18,2,2,6,5,3,24,5,4,6,3,6,25,5,4,5,4,7,17,5,2,5,3,2,21,4,7,2,3,5,30,2,7,5,7,9,36,7,12,8,5,4,37,6,4,11,5,11,23,3,7,6,2,5,40,10,6,6,9,9,29,7,5,6,8,3,24,4,5,6,4,5,23,6,3,7,3,4,33,6,8,3,8,8,28,3,4,7,6,8,26,3,6,7,3,7,18,2,2,5,4,5,13,2,5,1,4,1,4,1,1,0,2,0,1,0,1,0,0,0,0
10018020021,湳雅里,計,3147,67,12,9,12,9,25,117,14,19,28,31,25,192,39,40,34,47,32,154,26,21,48,27,32,214,42,28,53,46,45,224,38,52,40,52,42,193,48,29,43,36,37,188,53,37,30,34,34,204,25,45,36,49,49,263,78,46,42,40,57,263,38,62,58,51,54,255,55,44,65,50,41,293,57,55,58,67,56,177,37,31,40,32,37,146,32,28,29,27,30,106,22,16,23,29,16,47,6,14,12,11,4,31,7,12,3,7,2,8,5,0,3,0,0,5,2,1,1,1,0,0
10018020021,湳雅里,男,1512,37,6,4,6,6,15,54,4,5,19,13,13,102,18,27,18,22,17,86,18,9,29,13,17,107,27,11,25,22,22,113,23,21,17,29,23,92,21,11,27,14,19,100,28,20,19,14,19,109,10,27,18,28,26,117,41,20,19,13,24,111,14,22,32,20,23,121,26,22,31,22,20,145,30,15,33,37,30,78,17,16,16,13,16,63,15,11,13,10,14,44,8,4,12,13,7,18,2,7,4,5,0,8,5,1,0,1,1,4,2,0,2,0,0,3,1,1,0,1,0,0
10018020021,湳雅里,女,1635,30,6,5,6,3,10,63,10,14,9,18,12,90,21,13,16,25,15,68,8,12,19,14,15,107,15,17,28,24,23,111,15,31,23,23,19,101,27,18,16,22,18,88,25,17,11,20,15,95,15,18,18,21,23,146,37,26,23,27,33,152,24,40,26,31,31,134,29,22,34,28,21,148,27,40,25,30,26,99,20,15,24,19,21,83,17,17,16,17,16,62,14,12,11,16,9,29,4,7,8,6,4,23,2,11,3,6,1,4,3,0,1,0,0,2,1,0,1,0,0,0
10018020022,舊社里,計,6951,189,20,44,44,40,41,296,48,56,61,67,64,420,69,91,72,97,91,324,74,54,75,49,72,393,75,66,92,78,82,457,87,95,90,86,99,464,104,99,101,78,82,476,95,125,90,74,92,541,83,102,128,104,124,616,127,123,116,108,142,482,103,101,80,99,99,567,93,118,120,128,108,520,114,105,94,112,95,439,99,88,114,67,71,365,77,80,79,58,71,230,55,57,53,33,32,79,11,17,15,21,15,65,24,11,16,11,3,22,10,6,1,3,2,5,2,1,1,1,0,1
10018020022,舊社里,男,3355,98,12,19,20,21,26,157,23,31,30,38,35,209,34,42,37,46,50,179,38,37,39,27,38,218,46,35,52,40,45,201,45,47,35,36,38,241,56,55,51,41,38,230,51,57,40,37,45,265,43,47,61,53,61,307,62,59,67,55,64,234,53,52,36,44,49,251,38,57,51,61,44,241,51,50,36,55,49,206,39,50,48,40,29,144,31,33,37,19,24,107,31,25,23,14,14,30,3,9,6,8,4,26,8,8,4,4,2,8,3,1,1,1,2,2,1,0,0,1,0,1
10018020022,舊社里,女,3596,91,8,25,24,19,15,139,25,25,31,29,29,211,35,49,35,51,41,145,36,17,36,22,34,175,29,31,40,38,37,256,42,48,55,50,61,223,48,44,50,37,44,246,44,68,50,37,47,276,40,55,67,51,63,309,65,64,49,53,78,248,50,49,44,55,50,316,55,61,69,67,64,279,63,55,58,57,46,233,60,38,66,27,42,221,46,47,42,39,47,123,24,32,30,19,18,49,8,8,9,13,11,39,16,3,12,7,1,14,7,5,0,2,0,3,1,1,1,0,0,0
10018020023,武陵里,計,5218,141,23,40,23,33,22,214,33,43,49,46,43,276,49,49,66,44,68,240,49,46,45,58,42,212,41,43,36,35,57,259,45,50,50,50,64,298,57,60,65,54,62,343,56,57,68,67,95,398,62,79,79,94,84,452,102,85,92,72,101,379,83,77,65,70,84,341,63,88,62,61,67,394,63,88,72,92,79,357,69,77,71,67,73,363,64,70,70,76,83,280,65,81,61,41,32,115,28,26,25,22,14,81,23,19,17,11,11,34,15,7,3,4,5,35,14,9,6,5,1,6
10018020023,武陵里,男,2468,75,10,22,14,18,11,121,22,24,27,21,27,149,32,31,35,22,29,130,26,26,28,34,16,108,24,20,17,19,28,135,24,30,27,24,30,151,30,23,37,29,32,163,27,28,34,35,39,214,31,44,44,55,40,223,48,41,57,35,42,175,41,37,27,37,33,160,33,43,20,30,34,184,31,45,34,31,43,141,35,26,30,24,26,149,28,27,32,30,32,121,33,33,24,17,14,29,10,3,9,4,3,18,8,2,3,2,3,10,5,2,1,1,1,10,4,1,1,4,0,2
10018020023,武陵里,女,2750,66,13,18,9,15,11,93,11,19,22,25,16,127,17,18,31,22,39,110,23,20,17,24,26,104,17,23,19,16,29,124,21,20,23,26,34,147,27,37,28,25,30,180,29,29,34,32,56,184,31,35,35,39,44,229,54,44,35,37,59,204,42,40,38,33,51,181,30,45,42,31,33,210,32,43,38,61,36,216,34,51,41,43,47,214,36,43,38,46,51,159,32,48,37,24,18,86,18,23,16,18,11,63,15,17,14,9,8,24,10,5,2,3,4,25,10,8,5,1,1,4
10018020024,南寮里,計,6833,193,38,47,34,43,31,209,36,43,40,56,34,222,48,31,41,50,52,315,41,63,61,77,73,399,64,78,70,86,101,446,89,88,94,81,94,515,118,105,103,106,83,457,98,93,78,101,87,594,99,113,121,126,135,687,166,125,139,129,128,594,133,109,116,116,120,532,126,111,90,104,101,466,90,106,82,109,79,437,95,96,93,79,74,354,69,83,72,67,63,181,48,33,46,36,18,139,30,28,27,30,24,60,17,19,10,8,6,26,4,9,8,1,4,7,1,6,0,0,0,0
10018020024,南寮里,男,3405,104,17,28,17,25,17,114,22,24,24,31,13,107,21,16,18,26,26,165,21,31,31,45,37,220,35,39,42,47,57,226,47,44,48,45,42,266,66,49,56,51,44,233,52,43,46,48,44,297,56,54,64,58,65,345,84,65,68,56,72,282,54,51,60,57,60,264,65,52,45,54,48,223,39,55,38,53,38,205,43,45,48,33,36,176,36,43,36,33,28,80,13,20,23,17,7,66,18,11,14,13,10,18,7,5,2,2,2,11,3,5,3,0,0,3,1,2,0,0,0,0
10018020024,南寮里,女,3428,89,21,19,17,18,14,95,14,19,16,25,21,115,27,15,23,24,26,150,20,32,30,32,36,179,29,39,28,39,44,220,42,44,46,36,52,249,52,56,47,55,39,224,46,50,32,53,43,297,43,59,57,68,70,342,82,60,71,73,56,312,79,58,56,59,60,268,61,59,45,50,53,243,51,51,44,56,41,232,52,51,45,46,38,178,33,40,36,34,35,101,35,13,23,19,11,73,12,17,13,17,14,42,10,14,8,6,4,15,1,4,5,1,4,4,0,4,0,0,0,0
10018020025,舊港里,計,588,13,3,3,1,4,2,14,1,4,4,5,0,13,1,1,4,4,3,14,3,2,3,2,4,33,4,6,8,3,12,48,11,10,8,10,9,23,3,6,3,3,8,36,4,4,11,11,6,42,14,6,10,8,4,50,9,9,11,8,13,45,4,10,12,12,7,45,9,14,8,8,6,54,8,9,9,19,9,54,14,12,14,10,4,44,8,12,15,5,4,27,5,4,9,5,4,13,1,5,3,1,3,15,2,4,4,2,3,4,2,0,1,1,0,1,0,0,0,1,0,0
10018020025,舊港里,男,325,7,2,1,1,2,1,4,1,1,0,2,0,8,1,0,3,1,3,5,2,0,1,0,2,20,1,5,5,1,8,32,8,8,5,7,4,13,2,4,2,0,5,25,2,4,5,9,5,21,7,4,3,4,3,26,5,5,6,4,6,30,3,8,6,7,6,29,7,9,4,4,5,24,4,5,2,9,4,26,7,5,6,5,3,27,4,6,11,3,3,12,2,2,4,3,1,8,1,4,1,0,2,7,1,2,1,2,1,1,1,0,0,0,0,0,0,0,0,0,0,0
10018020025,舊港里,女,263,6,1,2,0,2,1,10,0,3,4,3,0,5,0,1,1,3,0,9,1,2,2,2,2,13,3,1,3,2,4,16,3,2,3,3,5,10,1,2,1,3,3,11,2,0,6,2,1,21,7,2,7,4,1,24,4,4,5,4,7,15,1,2,6,5,1,16,2,5,4,4,1,30,4,4,7,10,5,28,7,7,8,5,1,17,4,6,4,2,1,15,3,2,5,2,3,5,0,1,2,1,1,8,1,2,3,0,2,3,1,0,1,1,0,1,0,0,0,1,0,0
10018020026,康樂里,計,3786,109,28,27,17,23,14,99,21,19,18,20,21,114,14,17,16,31,36,206,42,28,44,48,44,196,33,36,28,49,50,235,52,48,46,54,35,309,57,55,65,67,65,320,60,68,73,54,65,422,62,78,93,83,106,429,93,85,81,89,81,281,72,61,48,58,42,226,50,48,50,46,32,255,67,36,54,49,49,209,43,41,41,43,41,204,52,57,35,34,26,103,35,29,13,12,14,27,6,4,2,8,7,21,7,2,6,4,2,15,4,3,3,4,1,6,0,0,2,4,0,0
10018020026,康樂里,男,1876,61,14,16,10,11,10,47,12,11,8,7,9,58,9,12,7,12,18,111,21,12,24,26,28,94,14,19,11,22,28,127,28,24,26,25,24,165,27,28,39,33,38,163,37,33,32,25,36,211,36,41,47,41,46,218,55,43,43,42,35,145,45,33,25,21,21,104,25,20,23,21,15,120,29,15,29,23,24,94,17,22,21,15,19,80,19,20,14,16,11,50,17,16,3,6,8,14,2,2,1,5,4,4,1,1,1,0,1,6,2,2,0,2,0,4,0,0,2,2,0,0
10018020026,康樂里,女,1910,48,14,11,7,12,4,52,9,8,10,13,12,56,5,5,9,19,18,95,21,16,20,22,16,102,19,17,17,27,22,108,24,24,20,29,11,144,30,27,26,34,27,157,23,35,41,29,29,211,26,37,46,42,60,211,38,42,38,47,46,136,27,28,23,37,21,122,25,28,27,25,17,135,38,21,25,26,25,115,26,19,20,28,22,124,33,37,21,18,15,53,18,13,10,6,6,13,4,2,1,3,3,17,6,1,5,4,1,9,2,1,3,2,1,2,0,0,0,2,0,0
10018020027,港北里,計,2706,100,17,22,20,23,18,68,11,21,14,8,14,88,15,16,11,24,22,120,21,27,27,18,27,150,31,30,29,32,28,159,30,25,26,43,35,237,41,47,46,50,53,257,53,43,60,52,49,291,50,57,65,49,70,300,61,73,58,50,58,193,34,38,50,38,33,180,36,43,32,36,33,166,34,40,28,38,26,151,32,40,27,26,26,110,24,28,24,18,16,62,18,9,11,16,8,40,7,10,11,3,9,17,3,7,2,1,4,14,5,3,4,1,1,3,2,1,0,0,0,0
10018020027,港北里,男,1364,51,7,10,12,11,11,37,5,7,9,6,10,43,10,6,6,9,12,62,13,10,15,9,15,78,17,12,15,18,16,83,19,12,15,22,15,121,22,28,21,23,27,143,30,26,29,30,28,142,30,32,24,21,35,144,30,35,35,19,25,94,16,20,26,13,19,90,15,20,18,23,14,92,17,25,11,22,17,77,19,22,14,12,10,56,11,14,13,12,6,23,10,5,4,3,1,17,3,6,4,0,4,7,3,0,2,0,2,3,2,1,0,0,0,1,1,0,0,0,0,0
10018020027,港北里,女,1342,49,10,12,8,12,7,31,6,14,5,2,4,45,5,10,5,15,10,58,8,17,12,9,12,72,14,18,14,14,12,76,11,13,11,21,20,116,19,19,25,27,26,114,23,17,31,22,21,149,20,25,41,28,35,156,31,38,23,31,33,99,18,18,24,25,14,90,21,23,14,13,19,74,17,15,17,16,9,74,13,18,13,14,16,54,13,14,11,6,10,39,8,4,7,13,7,23,4,4,7,3,5,10,0,7,0,1,2,11,3,2,4,1,1,2,1,1,0,0,0,0
10018020028,中寮里,計,4796,157,29,24,38,38,28,136,31,29,25,24,27,166,26,22,24,43,51,245,44,42,56,60,43,281,56,48,48,69,60,344,59,63,78,76,68,403,76,80,92,73,82,394,76,76,89,75,78,486,83,75,101,113,114,527,112,118,110,91,96,431,104,90,90,78,69,367,71,74,67,77,78,276,62,57,56,51,50,213,46,43,49,43,32,177,36,50,23,31,37,97,21,29,22,13,12,51,3,11,13,14,10,29,5,8,5,6,5,13,4,6,2,0,1,3,3,0,0,0,0,0
10018020028,中寮里,男,2367,91,19,13,23,22,14,70,19,18,14,8,11,89,10,8,18,23,30,126,18,24,28,37,19,140,29,25,18,35,33,182,36,37,32,44,33,210,36,41,49,46,38,208,45,37,42,44,40,250,47,34,51,58,60,235,48,46,45,49,47,203,51,39,46,35,32,168,31,30,33,35,39,128,31,25,27,20,25,107,22,23,25,23,14,81,21,20,11,14,15,43,9,10,9,7,8,23,1,7,5,6,4,6,2,2,1,1,0,4,1,2,1,0,0,3,3,0,0,0,0,0
10018020028,中寮里,女,2429,66,10,11,15,16,14,66,12,11,11,16,16,77,16,14,6,20,21,119,26,18,28,23,24,141,27,23,30,34,27,162,23,26,46,32,35,193,40,39,43,27,44,186,31,39,47,31,38,236,36,41,50,55,54,292,64,72,65,42,49,228,53,51,44,43,37,199,40,44,34,42,39,148,31,32,29,31,25,106,24,20,24,20,18,96,15,30,12,17,22,54,12,19,13,6,4,28,2,4,8,8,6,23,3,6,4,5,5,9,3,4,1,0,1,0,0,0,0,0,0,0
10018020029,海濱里,計,5710,209,30,42,48,44,45,202,35,41,39,45,42,194,35,39,32,44,44,298,51,57,68,58,64,317,59,65,64,60,69,409,73,74,72,100,90,520,99,113,101,91,116,512,103,127,95,106,81,598,109,104,129,116,140,598,138,129,119,116,96,474,113,98,91,88,84,373,81,75,82,68,67,342,61,56,68,75,82,273,54,60,60,56,43,207,45,41,44,38,39,100,23,29,21,11,16,43,12,9,7,6,9,32,9,4,8,5,6,8,2,1,2,2,1,1,1,0,0,0,0,0
10018020029,海濱里,男,2744,111,14,27,23,21,26,105,14,22,23,26,20,104,19,25,18,19,23,146,20,31,41,28,26,148,29,33,24,29,33,200,42,26,33,49,50,273,53,64,51,47,58,267,52,58,53,58,46,264,45,51,56,54,58,283,54,57,61,62,49,222,52,41,45,41,43,171,41,30,37,32,31,144,23,26,30,29,36,133,25,31,27,28,22,96,24,14,21,18,19,46,10,15,8,6,7,17,5,2,4,4,2,13,2,1,3,2,5,1,0,0,0,1,0,0,0,0,0,0,0,0
10018020029,海濱里,女,2966,98,16,15,25,23,19,97,21,19,16,19,22,90,16,14,14,25,21,152,31,26,27,30,38,169,30,32,40,31,36,209,31,48,39,51,40,247,46,49,50,44,58,245,51,69,42,48,35,334,64,53,73,62,82,315,84,72,58,54,47,252,61,57,46,47,41,202,40,45,45,36,36,198,38,30,38,46,46,140,29,29,33,28,21,111,21,27,23,20,20,54,13,14,13,5,9,26,7,7,3,2,7,19,7,3,5,3,1,7,2,1,2,1,1,1,1,0,0,0,0,0
10018020030,客雅里,計,2397,95,22,16,20,21,16,143,26,21,30,32,34,167,42,33,40,27,25,119,30,23,23,23,20,114,24,26,18,25,21,109,28,18,20,16,27,179,25,31,41,37,45,185,29,36,45,42,33,216,44,34,40,52,46,222,53,47,55,36,31,146,35,27,29,26,29,134,29,27,30,21,27,114,29,26,18,23,18,142,34,30,30,27,21,135,32,24,27,29,23,92,27,20,22,15,8,51,10,11,10,12,8,21,5,9,3,2,2,10,1,2,4,2,1,3,1,1,0,0,1,0
10018020030,客雅里,男,1185,52,12,10,10,12,8,69,9,10,18,17,15,84,16,17,23,15,13,67,15,15,15,11,11,64,11,18,9,15,11,59,15,9,12,7,16,94,9,16,26,14,29,100,20,16,24,25,15,97,17,18,20,18,24,121,35,26,30,14,16,69,14,12,16,11,16,58,13,10,16,7,12,55,15,11,9,12,8,57,13,13,14,13,4,56,10,7,12,15,12,45,14,9,10,7,5,21,6,5,6,2,2,12,4,4,1,2,1,3,0,0,2,1,0,2,1,0,0,0,1,0
10018020030,客雅里,女,1212,43,10,6,10,9,8,74,17,11,12,15,19,83,26,16,17,12,12,52,15,8,8,12,9,50,13,8,9,10,10,50,13,9,8,9,11,85,16,15,15,23,16,85,9,20,21,17,18,119,27,16,20,34,22,101,18,21,25,22,15,77,21,15,13,15,13,76,16,17,14,14,15,59,14,15,9,11,10,85,21,17,16,14,17,79,22,17,15,14,11,47,13,11,12,8,3,30,4,6,4,10,6,9,1,5,2,0,1,7,1,2,2,1,1,1,0,1,0,0,0,0
10018020031,育英里,計,3995,255,31,38,63,57,66,230,77,82,31,20,20,105,15,21,13,28,28,137,21,25,32,32,27,178,32,49,35,39,23,226,48,37,38,50,53,316,60,62,63,67,64,298,53,58,59,70,58,332,67,73,62,73,57,309,66,58,55,69,61,271,52,62,59,48,50,296,56,69,59,54,58,282,53,65,45,66,53,225,54,39,42,54,36,199,50,40,44,34,31,139,41,27,30,20,21,81,13,18,10,23,17,82,16,17,16,21,12,25,8,4,5,5,3,8,5,0,0,2,1,1
10018020031,育英里,男,1902,119,15,25,25,24,30,121,36,43,20,11,11,63,7,11,8,19,18,80,14,16,17,18,15,92,14,25,17,23,13,113,26,18,19,25,25,159,31,26,34,32,36,143,27,27,34,35,20,151,31,37,32,30,21,146,34,30,25,32,25,123,23,30,26,19,25,131,30,28,23,27,23,144,31,33,20,32,28,105,23,17,22,31,12,83,20,16,16,15,16,58,20,10,12,9,7,29,5,9,2,6,7,33,4,8,6,9,6,7,0,1,3,2,1,1,1,0,0,0,0,1
10018020031,育英里,女,2093,136,16,13,38,33,36,109,41,39,11,9,9,42,8,10,5,9,10,57,7,9,15,14,12,86,18,24,18,16,10,113,22,19,19,25,28,157,29,36,29,35,28,155,26,31,25,35,38,181,36,36,30,43,36,163,32,28,30,37,36,148,29,32,33,29,25,165,26,41,36,27,35,138,22,32,25,34,25,120,31,22,20,23,24,116,30,24,28,19,15,81,21,17,18,11,14,52,8,9,8,17,10,49,12,9,10,12,6,18,8,3,2,3,2,7,4,0,0,2,1,0
10018020032,曲溪里,計,5959,128,25,22,30,24,27,206,32,44,52,42,36,216,35,31,40,53,57,258,50,43,46,60,59,336,69,70,65,67,65,389,91,78,66,72,82,378,80,86,69,69,74,398,76,104,71,81,66,473,88,95,98,97,95,587,118,113,113,115,128,496,100,98,103,102,93,429,99,86,76,91,77,438,92,83,102,88,73,390,74,85,75,73,83,380,80,73,93,58,76,231,61,55,44,38,33,106,24,20,25,19,18,65,12,19,11,10,13,31,6,7,7,6,5,21,4,4,8,4,1,3
10018020032,曲溪里,男,2971,58,12,11,13,11,11,91,14,14,25,24,14,96,17,13,19,24,23,136,28,24,24,32,28,192,35,44,33,41,39,217,54,45,36,40,42,216,48,44,32,46,46,207,40,58,31,44,34,225,41,49,48,38,49,301,59,63,52,58,69,255,56,48,50,51,50,218,57,44,34,44,39,204,47,35,53,40,29,178,40,35,37,39,27,172,32,37,43,23,37,111,24,28,27,18,14,27,4,3,10,5,5,28,3,8,4,4,9,18,0,6,5,4,3,18,4,4,7,2,1,3
10018020032,曲溪里,女,2988,70,13,11,17,13,16,115,18,30,27,18,22,120,18,18,21,29,34,122,22,19,22,28,31,144,34,26,32,26,26,172,37,33,30,32,40,162,32,42,37,23,28,191,36,46,40,37,32,248,47,46,50,59,46,286,59,50,61,57,59,241,44,50,53,51,43,211,42,42,42,47,38,234,45,48,49,48,44,212,34,50,38,34,56,208,48,36,50,35,39,120,37,27,17,20,19,79,20,17,15,14,13,37,9,11,7,6,4,13,6,1,2,2,2,3,0,0,1,2,0,0
10018020033,西雅里,計,3099,70,6,17,17,17,13,116,29,20,28,16,23,101,19,13,15,21,33,127,21,19,30,31,26,132,20,26,19,32,35,193,41,33,29,44,46,227,33,53,36,55,50,191,46,32,43,34,36,229,42,40,49,39,59,291,44,62,62,60,63,240,54,41,42,41,62,243,50,56,48,39,50,231,31,52,46,58,44,212,49,45,44,36,38,191,37,44,41,38,31,115,33,27,25,15,15,84,16,15,19,14,20,75,18,18,15,9,15,27,9,4,6,5,3,3,2,0,1,0,0,1
10018020033,西雅里,男,1522,38,4,8,10,8,8,65,16,10,18,9,12,57,8,9,10,10,20,69,13,11,15,20,10,60,10,13,9,13,15,97,19,15,15,24,24,119,15,33,23,27,21,113,23,19,25,22,24,117,23,22,23,19,30,139,20,34,30,25,30,109,24,21,20,16,28,128,24,30,26,19,29,101,14,22,16,26,23,108,27,22,24,18,17,75,16,23,15,11,10,51,14,10,12,9,6,31,9,2,9,4,7,33,6,9,8,3,7,10,3,1,2,2,2,1,0,0,1,0,0,1
10018020033,西雅里,女,1577,32,2,9,7,9,5,51,13,10,10,7,11,44,11,4,5,11,13,58,8,8,15,11,16,72,10,13,10,19,20,96,22,18,14,20,22,108,18,20,13,28,29,78,23,13,18,12,12,112,19,18,26,20,29,152,24,28,32,35,33,131,30,20,22,25,34,115,26,26,22,20,21,130,17,30,30,32,21,104,22,23,20,18,21,116,21,21,26,27,21,64,19,17,13,6,9,53,7,13,10,10,13,42,12,9,7,6,8,17,6,3,4,3,1,2,2,0,0,0,0,0
10018020034,南勢里,計,5080,178,23,30,47,36,42,194,48,39,29,33,45,233,44,45,47,48,49,264,35,65,48,72,44,269,56,56,52,58,47,351,76,65,64,61,85,318,73,61,63,66,55,389,77,89,84,75,64,390,68,75,78,89,80,526,99,112,109,95,111,402,82,77,79,87,77,355,75,68,72,76,64,332,58,70,70,81,53,253,56,48,57,42,50,247,50,58,51,43,45,168,55,33,35,20,25,107,21,22,22,25,17,76,25,20,13,6,12,24,9,4,2,6,3,4,2,1,1,0,0,0
10018020034,南勢里,男,2532,96,8,19,26,26,17,104,25,24,13,17,25,118,19,23,27,28,21,132,22,33,19,33,25,137,36,25,22,27,27,180,46,33,27,25,49,164,37,27,33,41,26,209,42,51,40,43,33,195,32,40,38,41,44,281,50,54,55,54,68,197,36,37,43,41,40,177,41,38,36,34,28,168,27,31,37,45,28,121,32,26,23,17,23,110,19,24,27,19,21,69,21,12,17,4,15,42,6,6,11,14,5,19,6,5,1,4,3,10,4,1,2,3,0,3,1,1,1,0,0,0
10018020034,南勢里,女,2548,82,15,11,21,10,25,90,23,15,16,16,20,115,25,22,20,20,28,132,13,32,29,39,19,132,20,31,30,31,20,171,30,32,37,36,36,154,36,34,30,25,29,180,35,38,44,32,31,195,36,35,40,48,36,245,49,58,54,41,43,205,46,40,36,46,37,178,34,30,36,42,36,164,31,39,33,36,25,132,24,22,34,25,27,137,31,34,24,24,24,99,34,21,18,16,10,65,15,16,11,11,12,57,19,15,12,2,9,14,5,3,0,3,3,1,1,0,0,0,0,0
10018020035,大鵬里,計,273,32,5,3,7,10,7,10,1,3,4,1,1,6,3,0,1,2,0,5,3,1,1,0,0,6,0,2,1,1,2,16,2,3,3,4,4,50,9,8,14,7,12,49,12,17,5,9,6,24,6,6,1,7,4,9,5,0,2,0,2,17,3,7,1,2,4,17,3,0,4,5,5,12,7,2,1,1,1,13,2,3,3,1,4,6,1,2,1,2,0,1,0,1,0,0,0,0,0,0,0,0,0,0,0,0,0,0,0,0,0,0,0,0,0,0,0,0,0,0,0,0
10018020035,大鵬里,男,146,15,3,0,4,6,2,7,1,2,2,1,1,1,0,0,1,0,0,3,2,1,0,0,0,2,0,0,0,0,2,11,1,3,2,2,3,29,5,5,9,4,6,31,7,11,1,7,5,19,4,5,1,5,4,6,4,0,1,0,1,4,0,1,0,1,2,5,0,0,2,2,1,5,3,2,0,0,0,5,1,1,2,0,1,2,0,0,1,1,0,1,0,1,0,0,0,0,0,0,0,0,0,0,0,0,0,0,0,0,0,0,0,0,0,0,0,0,0,0,0,0
10018020035,大鵬里,女,127,17,2,3,3,4,5,3,0,1,2,0,0,5,3,0,0,2,0,2,1,0,1,0,0,4,0,2,1,1,0,5,1,0,1,2,1,21,4,3,5,3,6,18,5,6,4,2,1,5,2,1,0,2,0,3,1,0,1,0,1,13,3,6,1,1,2,12,3,0,2,3,4,7,4,0,1,1,1,8,1,2,1,1,3,4,1,2,0,1,0,0,0,0,0,0,0,0,0,0,0,0,0,0,0,0,0,0,0,0,0,0,0,0,0,0,0,0,0,0,0,0
10018020036,境福里,計,5488,132,18,28,25,29,32,246,43,35,42,58,68,370,81,66,73,90,60,270,55,55,50,62,48,281,56,58,45,63,59,281,74,38,46,47,76,321,69,58,59,68,67,362,72,66,87,64,73,441,67,81,95,94,104,537,92,115,111,113,106,378,73,80,85,69,71,354,78,72,80,72,52,354,69,70,51,70,94,398,85,81,74,71,87,358,55,79,83,62,79,222,56,43,50,39,34,92,19,25,18,19,11,74,15,16,13,13,17,15,1,6,3,3,2,2,1,0,0,0,1,0
10018020036,境福里,男,2619,55,8,13,12,10,12,121,19,17,14,35,36,188,40,30,40,44,34,137,29,23,25,32,28,144,29,29,18,32,36,146,38,17,25,25,41,171,37,26,37,36,35,155,31,26,36,29,33,219,43,48,41,40,47,268,48,60,52,56,52,181,32,44,40,33,32,175,38,31,43,33,30,158,31,36,19,31,41,175,38,40,27,33,37,150,18,38,35,24,35,103,28,17,30,16,12,42,10,14,7,6,5,28,5,7,4,3,9,2,0,0,1,1,0,1,0,0,0,0,1,0
10018020036,境福里,女,2869,77,10,15,13,19,20,125,24,18,28,23,32,182,41,36,33,46,26,133,26,32,25,30,20,137,27,29,27,31,23,135,36,21,21,22,35,150,32,32,22,32,32,207,41,40,51,35,40,222,24,33,54,54,57,269,44,55,59,57,54,197,41,36,45,36,39,179,40,41,37,39,22,196,38,34,32,39,53,223,47,41,47,38,50,208,37,41,48,38,44,119,28,26,20,23,22,50,9,11,11,13,6,46,10,9,9,10,8,13,1,6,2,2,2,1,1,0,0,0,0,0
10018020037,磐石里,計,6420,181,24,25,37,39,56,399,66,98,68,88,79,420,80,99,67,92,82,320,63,68,60,65,64,331,64,63,61,76,67,404,108,67,67,82,80,373,86,69,68,76,74,407,95,78,75,84,75,490,75,102,110,101,102,572,116,120,115,96,125,511,89,109,116,105,92,410,83,84,94,84,65,402,85,91,68,73,85,389,76,86,75,80,72,352,73,74,72,64,69,213,49,40,50,40,34,125,22,26,33,21,23,89,21,22,21,16,9,23,9,2,6,5,1,8,2,3,1,0,2,1
10018020037,磐石里,男,3083,92,14,12,17,23,26,200,30,64,34,38,34,201,35,53,32,43,38,175,38,32,37,38,30,175,39,25,37,38,36,218,56,39,34,45,44,196,43,37,39,41,36,197,46,41,39,33,38,238,42,51,54,44,47,265,58,45,65,44,53,244,45,50,52,46,51,195,43,37,37,42,36,179,39,40,34,28,38,168,29,39,31,41,28,152,32,32,28,27,33,90,22,19,17,18,14,52,9,12,10,8,13,36,9,5,11,6,5,8,4,0,3,1,0,1,0,0,0,0,1,1
10018020037,磐石里,女,3337,89,10,13,20,16,30,199,36,34,34,50,45,219,45,46,35,49,44,145,25,36,23,27,34,156,25,38,24,38,31,186,52,28,33,37,36,177,43,32,29,35,38,210,49,37,36,51,37,252,33,51,56,57,55,307,58,75,50,52,72,267,44,59,64,59,41,215,40,47,57,42,29,223,46,51,34,45,47,221,47,47,44,39,44,200,41,42,44,37,36,123,27,21,33,22,20,73,13,14,23,13,10,53,12,17,10,10,4,15,5,2,3,4,1,7,2,3,1,0,1,0
10018020038,新雅里,計,5594,200,26,50,36,42,46,333,57,60,60,72,84,400,68,93,86,82,71,287,50,69,57,58,53,290,58,57,44,61,70,354,74,74,63,68,75,374,88,68,75,76,67,354,71,86,55,68,74,447,79,68,108,86,106,449,95,99,87,76,92,384,82,81,82,74,65,412,84,92,85,91,60,340,78,50,62,70,80,287,70,48,54,67,48,292,61,53,54,58,66,198,56,36,32,35,39,105,12,17,33,21,22,63,21,12,15,10,5,20,5,4,4,5,2,5,1,1,1,1,1,0
10018020038,新雅里,男,2730,98,6,28,21,21,22,181,37,30,29,40,45,184,33,45,41,36,29,152,31,36,29,26,30,156,29,30,26,32,39,177,36,34,39,33,35,183,47,35,33,34,34,177,40,46,23,32,36,216,32,30,57,44,53,210,40,39,50,38,43,202,44,38,45,45,30,220,37,49,47,52,35,172,41,22,32,37,40,115,31,16,22,25,21,130,33,28,22,23,24,78,23,18,10,12,15,43,4,6,15,8,10,25,8,4,6,3,4,6,2,0,3,1,0,5,1,1,1,1,1,0
10018020038,新雅里,女,2864,102,20,22,15,21,24,152,20,30,31,32,39,216,35,48,45,46,42,135,19,33,28,32,23,134,29,27,18,29,31,177,38,40,24,35,40,191,41,33,42,42,33,177,31,40,32,36,38,231,47,38,51,42,53,239,55,60,37,38,49,182,38,43,37,29,35,192,47,43,38,39,25,168,37,28,30,33,40,172,39,32,32,42,27,162,28,25,32,35,42,120,33,18,22,23,24,62,8,11,18,13,12,38,13,8,9,7,1,14,3,4,1,4,2,0,0,0,0,0,0,0
10018020039,光華里,計,4850,101,10,19,31,16,25,146,21,33,27,36,29,207,35,37,48,55,32,199,37,38,32,48,44,214,43,37,40,43,51,326,44,79,65,64,74,290,59,61,59,57,54,338,68,70,64,61,75,347,53,74,72,72,76,457,107,94,86,80,90,401,79,81,84,72,85,380,73,80,75,85,67,421,76,89,96,81,79,394,89,85,79,71,70,306,70,60,67,62,47,162,36,47,36,16,27,81,16,20,18,16,11,53,15,14,9,9,6,21,4,6,4,7,0,6,2,0,1,2,1,0
10018020039,光華里,男,2499,59,6,12,20,8,13,71,10,18,12,15,16,104,18,15,27,27,17,97,14,16,15,29,23,129,28,22,19,28,32,160,26,34,33,31,36,148,29,32,35,25,27,181,38,45,31,35,32,182,30,35,39,38,40,247,57,47,51,41,51,224,44,44,49,33,54,195,33,43,43,39,37,232,38,59,54,34,47,174,38,33,37,31,35,160,35,26,38,38,23,75,17,21,13,9,15,33,7,8,6,9,3,16,6,5,1,4,0,10,2,3,1,4,0,2,1,0,1,0,0,0
10018020039,光華里,女,2351,42,4,7,11,8,12,75,11,15,15,21,13,103,17,22,21,28,15,102,23,22,17,19,21,85,15,15,21,15,19,166,18,45,32,33,38,142,30,29,24,32,27,157,30,25,33,26,43,165,23,39,33,34,36,210,50,47,35,39,39,177,35,37,35,39,31,185,40,37,32,46,30,189,38,30,42,47,32,220,51,52,42,40,35,146,35,34,29,24,24,87,19,26,23,7,12,48,9,12,12,7,8,37,9,9,8,5,6,11,2,3,3,3,0,4,1,0,0,2,1,0
10018020040,金華里,計,5777,183,22,45,29,41,46,239,53,41,52,53,40,271,56,44,44,62,65,319,40,75,61,68,75,307,61,50,63,63,70,361,69,68,65,68,91,376,70,79,86,70,71,368,80,73,73,69,73,439,86,72,81,96,104,497,89,93,102,109,104,402,78,76,76,91,81,461,90,105,101,86,79,412,90,84,81,70,87,364,74,76,79,71,64,355,95,68,68,64,60,219,60,52,40,34,33,116,26,24,34,19,13,53,18,11,9,8,7,30,5,7,7,8,3,4,2,1,0,1,0,1
10018020040,金華里,男,2713,79,10,20,14,19,16,118,29,13,20,32,24,137,29,20,24,34,30,171,19,43,32,42,35,162,33,20,35,40,34,187,36,34,35,38,44,201,31,44,46,44,36,170,31,37,36,29,37,214,43,42,37,41,51,231,43,48,48,44,48,170,35,30,34,37,34,204,33,55,42,40,34,177,39,34,39,28,37,154,26,33,32,36,27,149,39,26,32,24,28,100,23,27,17,16,17,54,14,6,19,11,4,22,8,6,3,4,1,13,3,2,2,4,2,0,0,0,0,0,0,0
10018020040,金華里,女,3064,104,12,25,15,22,30,121,24,28,32,21,16,134,27,24,20,28,35,148,21,32,29,26,40,145,28,30,28,23,36,174,33,34,30,30,47,175,39,35,40,26,35,198,49,36,37,40,36,225,43,30,44,55,53,266,46,45,54,65,56,232,43,46,42,54,47,257,57,50,59,46,45,235,51,50,42,42,50,210,48,43,47,35,37,206,56,42,36,40,32,119,37,25,23,18,16,62,12,18,15,8,9,31,10,5,6,4,6,17,2,5,5,4,1,4,2,1,0,1,0,1
10018020041,金竹里,計,7109,209,31,49,46,37,46,365,56,71,69,87,82,466,99,95,85,89,98,384,73,70,81,81,79,384,73,72,70,89,80,458,76,83,90,108,101,464,92,100,79,98,95,476,96,101,95,102,82,582,107,89,112,118,156,632,124,133,128,102,145,518,100,92,114,118,94,574,101,120,118,117,118,548,104,118,101,109,116,425,94,86,94,74,77,317,77,73,57,52,58,166,47,30,37,33,19,79,15,13,20,19,12,46,15,11,9,9,2,15,5,3,4,2,1,1,1,0,0,0,0,0
10018020041,金竹里,男,3382,91,15,21,22,11,22,183,31,36,30,40,46,232,46,47,42,51,46,179,29,32,44,37,37,212,36,44,35,49,48,242,41,38,50,58,55,239,44,56,36,48,55,251,57,48,60,55,31,273,57,46,56,49,65,296,62,60,66,46,62,255,51,43,49,61,51,244,44,53,46,53,48,241,36,65,42,52,46,192,39,36,50,34,33,128,34,23,27,19,25,76,23,15,14,13,11,28,5,5,5,8,5,17,3,6,5,3,0,3,1,0,1,1,0,0,0,0,0,0,0,0
10018020041,金竹里,女,3727,118,16,28,24,26,24,182,25,35,39,47,36,234,53,48,43,38,52,205,44,38,37,44,42,172,37,28,35,40,32,216,35,45,40,50,46,225,48,44,43,50,40,225,39,53,35,47,51,309,50,43,56,69,91,336,62,73,62,56,83,263,49,49,65,57,43,330,57,67,72,64,70,307,68,53,59,57,70,233,55,50,44,40,44,189,43,50,30,33,33,90,24,15,23,20,8,51,10,8,15,11,7,29,12,5,4,6,2,12,4,3,3,1,1,1,1,0,0,0,0,0
10018020042,湳中里,計,8326,220,30,35,47,44,64,300,46,47,61,76,70,483,80,93,100,113,97,473,77,89,97,114,96,473,90,98,87,105,93,596,142,114,107,114,119,500,118,97,102,100,83,487,98,115,102,76,96,647,91,113,134,151,158,833,156,170,165,162,180,803,164,144,136,154,205,793,190,157,164,149,133,583,119,137,115,109,103,386,78,80,78,85,65,337,78,77,63,61,58,201,53,40,48,32,28,116,25,23,25,20,23,65,15,19,12,13,6,25,7,12,3,3,0,4,2,0,1,1,0,1
10018020042,湳中里,男,3919,101,13,20,20,21,27,145,20,26,30,33,36,257,43,53,45,62,54,249,41,55,51,61,41,249,62,53,40,55,39,325,68,63,61,64,69,252,54,60,39,58,41,242,44,59,51,43,45,279,34,54,53,67,71,386,67,80,70,72,97,363,72,76,58,67,90,355,81,54,76,73,71,274,61,62,52,52,47,158,38,35,33,26,26,132,27,29,23,25,28,84,21,17,18,14,14,37,6,7,9,5,10,20,5,5,5,4,1,10,4,4,1,1,0,1,1,0,0,0,0,0
10018020042,湳中里,女,4407,119,17,15,27,23,37,155,26,21,31,43,34,226,37,40,55,51,43,224,36,34,46,53,55,224,28,45,47,50,54,271,74,51,46,50,50,248,64,37,63,42,42,245,54,56,51,33,51,368,57,59,81,84,87,447,89,90,95,90,83,440,92,68,78,87,115,438,109,103,88,76,62,309,58,75,63,57,56,228,40,45,45,59,39,205,51,48,40,36,30,117,32,23,30,18,14,79,19,16,16,15,13,45,10,14,7,9,5,15,3,8,2,2,0,3,1,0,1,1,0,1
10018020043,金雅里,計,5326,370,61,84,80,73,72,315,68,63,68,52,64,266,48,56,54,61,47,214,38,37,44,46,49,176,29,37,33,40,37,265,31,48,43,67,76,511,91,93,97,116,114,694,163,129,142,142,118,620,129,131,119,124,117,476,110,117,95,89,65,272,47,64,54,51,56,261,58,52,53,46,52,256,39,43,58,61,55,252,50,62,50,49,41,184,43,29,37,37,38,95,29,23,21,11,11,43,10,14,8,5,6,39,9,11,6,5,8,14,6,3,2,0,3,3,1,1,1,0,0,0
10018020043,金雅里,男,2645,194,28,44,42,40,40,164,37,36,33,31,27,144,30,26,31,32,25,107,19,24,24,24,16,92,17,17,16,22,20,122,12,22,22,34,32,253,46,47,40,54,66,375,92,71,75,76,61,320,74,58,63,68,57,234,50,60,39,47,38,130,25,29,26,23,27,116,24,23,22,22,25,116,13,21,28,33,21,119,28,22,24,25,20,84,18,15,18,12,21,41,13,11,9,3,5,15,6,3,4,1,1,10,3,1,2,2,2,7,3,0,1,0,3,2,1,1,0,0,0,0
10018020043,金雅里,女,2681,176,33,40,38,33,32,151,31,27,35,21,37,122,18,30,23,29,22,107,19,13,20,22,33,84,12,20,17,18,17,143,19,26,21,33,44,258,45,46,57,62,48,319,71,58,67,66,57,300,55,73,56,56,60,242,60,57,56,42,27,142,22,35,28,28,29,145,34,29,31,24,27,140,26,22,30,28,34,133,22,40,26,24,21,100,25,14,19,25,17,54,16,12,12,8,6,28,4,11,4,4,5,29,6,10,4,3,6,7,3,3,1,0,0,1,0,0,1,0,0,0
10018020044,台溪里,計,1992,73,13,22,11,12,15,49,9,13,10,11,6,72,11,8,13,20,20,79,14,14,14,19,18,87,17,21,16,16,17,124,19,16,21,26,42,177,26,39,41,31,40,148,36,26,32,25,29,196,32,34,43,47,40,220,42,39,51,47,41,165,38,40,29,29,29,148,34,35,24,26,29,137,22,31,27,29,28,122,24,19,23,25,31,92,22,24,15,14,17,53,8,14,11,10,10,29,4,8,8,5,4,11,6,0,2,3,0,7,3,1,1,2,0,3,2,0,0,0,1,0
10018020044,台溪里,男,925,35,6,12,5,4,8,28,1,9,6,9,3,38,7,3,8,9,11,35,6,6,7,10,6,42,7,8,7,10,10,47,8,7,8,8,16,94,15,16,24,12,27,78,22,14,11,17,14,95,16,21,21,18,19,106,16,22,25,21,22,68,13,21,12,8,14,63,15,11,11,14,12,60,8,17,15,10,10,49,8,7,7,10,17,40,9,14,5,8,4,24,4,6,5,5,4,14,1,5,3,3,2,6,3,0,1,2,0,2,1,0,0,1,0,1,0,0,0,0,1,0
10018020044,台溪里,女,1067,38,7,10,6,8,7,21,8,4,4,2,3,34,4,5,5,11,9,44,8,8,7,9,12,45,10,13,9,6,7,77,11,9,13,18,26,83,11,23,17,19,13,70,14,12,21,8,15,101,16,13,22,29,21,114,26,17,26,26,19,97,25,19,17,21,15,85,19,24,13,12,17,77,14,14,12,19,18,73,16,12,16,15,14,52,13,10,10,6,13,29,4,8,6,5,6,15,3,3,5,2,2,5,3,0,1,1,0,5,2,1,1,1,0,2,2,0,0,0,0,0
10018020045,中雅里,計,4236,145,19,25,30,24,47,204,24,39,40,38,63,307,63,53,52,69,70,248,52,45,62,49,40,182,46,44,27,31,34,192,23,40,34,56,39,291,51,47,66,60,67,254,50,42,56,42,64,389,58,76,63,97,95,514,105,110,100,98,101,374,99,78,62,77,58,279,53,55,62,61,48,220,47,40,46,41,46,188,46,43,34,35,30,169,29,43,32,31,34,135,28,32,28,29,18,79,11,20,14,16,18,32,4,9,6,7,6,14,2,4,1,3,4,16,4,5,2,4,1,4
10018020045,中雅里,男,2012,85,11,16,19,14,25,105,8,25,16,22,34,160,33,27,32,31,37,132,29,20,35,22,26,90,24,18,14,14,20,93,9,19,19,30,16,152,28,26,30,28,40,120,24,17,28,22,29,152,26,31,24,36,35,242,55,52,40,47,48,191,49,44,31,36,31,131,27,32,23,28,21,113,26,19,24,21,23,81,17,20,16,17,11,69,8,18,10,18,15,53,15,10,13,10,5,25,5,5,3,8,4,4,0,2,0,0,2,5,0,1,0,1,3,7,1,3,0,2,1,2
10018020045,中雅里,女,2224,60,8,9,11,10,22,99,16,14,24,16,29,147,30,26,20,38,33,116,23,25,27,27,14,92,22,26,13,17,14,99,14,21,15,26,23,139,23,21,36,32,27,134,26,25,28,20,35,237,32,45,39,61,60,272,50,58,60,51,53,183,50,34,31,41,27,148,26,23,39,33,27,107,21,21,22,20,23,107,29,23,18,18,19,100,21,25,22,13,19,82,13,22,15,19,13,54,6,15,11,8,14,28,4,7,6,7,4,9,2,3,1,2,1,9,3,2,2,2,0,2
10018030,香山區,計,79652,2486,419,529,514,532,492,2670,545,534,529,528,534,3314,581,592,556,786,799,3944,673,774,798,887,812,4489,825,890,899,949,926,5351,1101,1038,966,1081,1165,5790,1235,1107,1127,1172,1149,5633,1192,1142,1151,1146,1002,6811,1144,1303,1371,1451,1542,7667,1620,1550,1560,1447,1490,6540,1431,1319,1286,1247,1257,5903,1288,1218,1229,1075,1093,5565,1124,1128,1110,1129,1074,4836,1045,1073,1016,840,862,3954,854,875,808,745,672,2277,626,465,473,375,338,1288,271,289,247,253,228,735,192,159,167,116,101,309,78,78,64,47,42,79,24,23,12,12,8,11
10018030,香山區,男,40195,1307,204,285,272,292,254,1348,287,269,268,268,256,1751,299,309,306,417,420,2042,355,373,402,484,428,2374,431,449,500,495,499,2819,570,546,517,569,617,3011,644,592,544,631,600,2998,610,604,599,613,572,3522,605,650,721,761,785,3932,841,772,794,756,769,3292,707,673,659,626,627,2957,661,603,601,540,552,2765,568,563,543,546,545,2296,483,516,491,408,398,1791,392,402,377,333,287,1040,294,207,218,177,144,547,110,119,102,108,108,270,69,55,64,40,42,102,28,21,25,14,14,27,10,5,4,5,3,4
10018030,香山區,女,39457,1179,215,244,242,240,238,1322,258,265,261,260,278,1563,282,283,250,369,379,1902,318,401,396,403,384,2115,394,441,399,454,427,2532,531,492,449,512,548,2779,591,515,583,541,549,2635,582,538,552,533,430,3289,539,653,650,690,757,3735,779,778,766,691,721,3248,724,646,627,621,630,2946,627,615,628,535,541,2800,556,565,567,583,529,2540,562,557,525,432,464,2163,462,473,431,412,385,1237,332,258,255,198,194,741,161,170,145,145,120,465,123,104,103,76,59,207,50,57,39,33,28,52,14,18,8,7,5,7
10018030001,港南里,計,3280,102,26,16,18,26,16,84,22,11,17,15,19,128,17,26,25,26,34,149,24,23,36,33,33,189,40,29,35,38,47,227,51,49,39,43,45,267,51,60,50,57,49,249,49,47,51,54,48,304,55,46,68,73,62,306,56,64,71,54,61,252,52,56,50,48,46,230,49,46,47,48,40,207,45,34,38,40,50,200,39,49,50,22,40,178,38,37,45,33,25,111,30,25,25,15,16,42,7,12,7,8,8,38,10,9,7,7,5,12,2,3,2,2,3,5,4,0,1,0,0,0
10018030001,港南里,男,1663,53,10,11,11,16,5,37,9,2,8,8,10,64,9,12,13,12,18,74,15,11,15,17,16,96,17,11,20,20,28,114,28,20,20,23,23,139,24,29,23,31,32,139,26,27,32,28,26,159,25,21,36,41,36,166,35,39,36,20,36,129,20,29,24,33,23,119,27,26,26,21,19,107,21,16,21,19,30,97,16,22,25,13,21,77,15,19,17,16,10,55,16,13,13,7,6,17,1,7,4,2,3,15,6,3,3,1,2,5,0,1,1,1,2,1,0,0,1,0,0,0
10018030001,港南里,女,1617,49,16,5,7,10,11,47,13,9,9,7,9,64,8,14,12,14,16,75,9,12,21,16,17,93,23,18,15,18,19,113,23,29,19,20,22,128,27,31,27,26,17,110,23,20,19,26,22,145,30,25,32,32,26,140,21,25,35,34,25,123,32,27,26,15,23,111,22,20,21,27,21,100,24,18,17,21,20,103,23,27,25,9,19,101,23,18,28,17,15,56,14,12,12,8,10,25,6,5,3,6,5,23,4,6,4,6,3,7,2,2,1,1,1,4,4,0,0,0,0,0
10018030002,虎山里,計,6043,156,22,39,33,30,32,168,30,30,34,37,37,223,40,32,41,56,54,253,33,46,58,56,60,327,53,68,64,84,58,414,81,82,74,87,90,455,94,75,99,94,93,435,90,88,93,92,72,544,89,105,111,124,115,596,135,133,113,111,104,455,105,79,93,87,91,388,90,97,69,64,68,415,69,89,84,86,87,441,84,106,76,80,95,369,78,89,68,65,69,221,64,38,48,41,30,112,27,26,17,21,21,48,11,13,11,11,2,22,4,4,4,3,7,1,0,1,0,0,0,0
10018030002,虎山里,男,3077,97,8,27,22,20,20,87,14,19,19,20,15,119,20,18,23,27,31,137,17,21,28,34,37,176,30,33,39,41,33,219,42,43,38,50,46,236,52,40,50,51,43,247,50,46,49,56,46,284,46,53,61,70,54,324,65,68,62,73,56,240,52,37,55,48,48,184,50,47,27,29,31,205,36,43,40,49,37,186,28,47,33,34,44,167,33,45,36,25,28,102,34,20,22,16,10,40,8,11,6,9,6,20,5,6,4,3,2,7,1,2,2,0,2,0,0,0,0,0,0,0
10018030002,虎山里,女,2966,59,14,12,11,10,12,81,16,11,15,17,22,104,20,14,18,29,23,116,16,25,30,22,23,151,23,35,25,43,25,195,39,39,36,37,44,219,42,35,49,43,50,188,40,42,44,36,26,260,43,52,50,54,61,272,70,65,51,38,48,215,53,42,38,39,43,204,40,50,42,35,37,210,33,46,44,37,50,255,56,59,43,46,51,202,45,44,32,40,41,119,30,18,26,25,20,72,19,15,11,12,15,28,6,7,7,8,0,15,3,2,2,3,5,1,0,1,0,0,0,0
10018030003,虎林里,計,2501,60,8,14,12,13,13,64,12,14,12,11,15,90,10,16,20,19,25,116,9,32,19,36,20,134,20,21,23,34,36,188,41,39,27,36,45,177,39,44,29,27,38,186,43,36,32,39,36,176,32,29,38,40,37,232,44,37,44,52,55,212,58,32,44,30,48,217,47,42,50,36,42,173,38,36,34,35,30,156,33,38,31,24,30,121,24,31,12,31,23,98,23,23,21,11,20,50,11,12,9,11,7,36,9,9,5,8,5,12,5,1,0,5,1,2,0,1,1,0,0,1
10018030003,虎林里,男,1273,38,3,9,8,7,11,33,7,8,8,5,5,52,5,10,13,12,12,50,4,13,15,13,5,70,9,11,12,20,18,109,21,23,18,21,26,96,18,20,15,18,25,100,21,21,14,24,20,95,14,14,24,24,19,112,23,15,23,28,23,96,20,15,22,16,23,105,25,17,26,19,18,96,25,24,12,21,14,81,17,16,19,12,17,52,13,13,3,14,9,45,9,10,10,7,9,22,7,4,5,4,2,15,5,4,3,2,1,4,2,0,0,2,0,1,0,1,0,0,0,1
10018030003,虎林里,女,1228,22,5,5,4,6,2,31,5,6,4,6,10,38,5,6,7,7,13,66,5,19,4,23,15,64,11,10,11,14,18,79,20,16,9,15,19,81,21,24,14,9,13,86,22,15,18,15,16,81,18,15,14,16,18,120,21,22,21,24,32,116,38,17,22,14,25,112,22,25,24,17,24,77,13,12,22,14,16,75,16,22,12,12,13,69,11,18,9,17,14,53,14,13,11,4,11,28,4,8,4,7,5,21,4,5,2,6,4,8,3,1,0,3,1,1,0,0,1,0,0,0
10018030004,浸水里,計,2817,84,13,11,24,18,18,118,27,17,19,27,28,133,21,30,13,32,37,166,33,26,31,39,37,165,29,25,37,41,33,181,28,46,32,42,33,167,37,28,23,38,41,186,43,30,31,43,39,273,40,49,64,51,69,315,74,70,67,50,54,217,41,62,35,43,36,171,46,37,22,29,37,172,39,33,38,28,34,167,37,36,33,27,34,160,34,32,40,33,21,69,16,12,14,14,13,43,10,13,9,8,3,18,4,3,2,4,5,9,4,2,1,1,1,3,2,0,0,1,0,0
10018030004,浸水里,男,1464,40,3,8,14,9,6,61,13,11,10,9,18,71,9,18,7,21,16,101,19,14,17,28,23,91,18,16,22,19,16,93,15,22,18,21,17,95,17,18,14,25,21,94,23,17,14,22,18,152,26,26,32,25,43,155,36,31,38,25,25,116,23,27,20,28,18,95,26,21,15,15,18,81,19,15,15,15,17,71,15,15,14,15,12,81,19,11,22,18,11,38,7,9,9,6,7,17,4,5,3,4,1,7,1,1,0,2,3,2,0,0,0,1,1,3,2,0,0,1,0,0
10018030004,浸水里,女,1353,44,10,3,10,9,12,57,14,6,9,18,10,62,12,12,6,11,21,65,14,12,14,11,14,74,11,9,15,22,17,88,13,24,14,21,16,72,20,10,9,13,20,92,20,13,17,21,21,121,14,23,32,26,26,160,38,39,29,25,29,101,18,35,15,15,18,76,20,16,7,14,19,91,20,18,23,13,17,96,22,21,19,12,22,79,15,21,18,15,10,31,9,3,5,8,6,26,6,8,6,4,2,11,3,2,2,2,2,7,4,2,1,0,0,0,0,0,0,0,0,0
10018030005,樹下里,計,2322,52,7,9,10,14,12,79,19,12,16,14,18,89,16,18,11,22,22,106,15,14,24,30,23,131,29,25,26,27,24,143,37,22,24,26,34,146,27,30,27,33,29,170,34,36,37,37,26,218,40,48,47,42,41,217,48,43,45,44,37,148,29,38,23,33,25,141,23,24,35,35,24,154,29,30,29,39,27,185,39,45,45,25,31,167,30,37,45,29,26,83,20,20,16,15,12,49,11,11,10,13,4,26,8,7,3,5,3,15,3,5,3,3,1,3,1,1,0,1,0,0
10018030005,樹下里,男,1187,27,3,6,2,7,9,43,10,7,6,8,12,44,5,10,8,11,10,60,6,6,15,19,14,58,12,10,14,13,9,72,17,11,15,12,17,73,12,16,15,13,17,84,20,12,19,20,13,120,24,26,28,21,21,136,31,24,31,26,24,79,12,20,15,18,14,69,13,11,18,16,11,73,16,12,13,19,13,92,21,21,17,16,17,87,17,21,22,11,16,33,11,7,4,6,5,23,6,4,5,6,2,11,2,5,0,2,2,2,0,0,1,0,1,1,1,0,0,0,0,0
10018030005,樹下里,女,1135,25,4,3,8,7,3,36,9,5,10,6,6,45,11,8,3,11,12,46,9,8,9,11,9,73,17,15,12,14,15,71,20,11,9,14,17,73,15,14,12,20,12,86,14,24,18,17,13,98,16,22,19,21,20,81,17,19,14,18,13,69,17,18,8,15,11,72,10,13,17,19,13,81,13,18,16,20,14,93,18,24,28,9,14,80,13,16,23,18,10,50,9,13,12,9,7,26,5,7,5,7,2,15,6,2,3,3,1,13,3,5,2,3,0,2,0,1,0,1,0,0
10018030006,埔前里,計,3826,147,30,25,38,27,27,190,37,43,33,41,36,194,47,33,28,41,45,178,32,42,38,34,32,194,39,37,44,39,35,207,42,28,36,47,54,242,48,38,51,47,58,300,72,61,62,62,43,355,51,67,68,80,89,383,96,89,65,69,64,300,67,67,57,55,54,245,52,51,58,45,39,237,44,45,50,49,49,222,36,62,42,41,41,186,44,35,37,34,36,119,32,25,18,17,27,71,16,13,11,12,19,40,10,8,10,7,5,15,8,3,3,1,0,1,0,0,1,0,0,0
10018030006,埔前里,男,1979,76,10,12,24,17,13,92,19,22,17,21,13,96,29,17,14,14,22,97,14,19,22,22,20,108,22,18,30,17,21,123,27,14,23,31,28,119,28,17,20,23,31,158,37,33,32,29,27,188,29,33,32,47,47,207,54,46,37,34,36,153,34,36,25,28,30,137,23,21,38,31,24,117,22,22,26,23,24,113,19,38,19,20,17,92,23,15,22,15,17,51,17,10,4,7,13,32,6,4,6,8,8,14,4,3,3,2,2,6,5,1,0,0,0,0,0,0,0,0,0,0
10018030006,埔前里,女,1847,71,20,13,14,10,14,98,18,21,16,20,23,98,18,16,14,27,23,81,18,23,16,12,12,86,17,19,14,22,14,84,15,14,13,16,26,123,20,21,31,24,27,142,35,28,30,33,16,167,22,34,36,33,42,176,42,43,28,35,28,147,33,31,32,27,24,108,29,30,20,14,15,120,22,23,24,26,25,109,17,24,23,21,24,94,21,20,15,19,19,68,15,15,14,10,14,39,10,9,5,4,11,26,6,5,7,5,3,9,3,2,3,1,0,1,0,0,1,0,0,0
10018030007,中埔里,計,3174,96,25,17,21,17,16,115,18,25,20,27,25,107,15,21,20,25,26,149,27,23,34,36,29,147,34,33,25,28,27,195,46,32,39,36,42,231,49,39,43,59,41,235,55,46,47,44,43,272,38,57,64,54,59,285,62,51,67,47,58,193,42,44,33,43,31,201,42,40,41,46,32,261,40,64,50,51,56,270,58,66,46,51,49,217,51,42,45,42,37,105,33,19,26,15,12,59,15,17,5,9,13,24,8,3,5,0,8,12,4,3,2,1,2,0,0,0,0,0,0,0
10018030007,中埔里,男,1584,53,15,10,12,9,7,60,8,16,13,14,9,59,7,10,11,17,14,74,17,10,20,17,10,78,18,18,16,14,12,105,27,17,23,19,19,120,27,22,19,28,24,125,34,22,24,25,20,132,23,23,28,28,30,154,32,32,30,31,29,91,24,21,15,17,14,96,20,18,20,23,15,121,21,35,22,17,26,122,27,24,25,23,23,111,29,16,25,23,18,47,14,7,12,6,8,28,7,6,3,5,7,5,2,0,2,0,1,3,1,0,0,1,1,0,0,0,0,0,0,0
10018030007,中埔里,女,1590,43,10,7,9,8,9,55,10,9,7,13,16,48,8,11,9,8,12,75,10,13,14,19,19,69,16,15,9,14,15,90,19,15,16,17,23,111,22,17,24,31,17,110,21,24,23,19,23,140,15,34,36,26,29,131,30,19,37,16,29,102,18,23,18,26,17,105,22,22,21,23,17,140,19,29,28,34,30,148,31,42,21,28,26,106,22,26,20,19,19,58,19,12,14,9,4,31,8,11,2,4,6,19,6,3,3,0,7,9,3,3,2,0,1,0,0,0,0,0,0,0
10018030008,牛埔里,計,6017,209,30,43,43,52,41,197,50,40,43,33,31,193,42,31,35,43,42,291,42,55,63,71,60,321,55,65,59,73,69,427,80,77,91,78,101,454,97,91,87,92,87,452,84,98,93,96,81,578,107,112,98,136,125,620,131,119,126,110,134,520,120,98,103,88,111,506,106,106,117,89,88,389,93,74,68,74,80,327,73,71,84,43,56,253,54,57,49,55,38,147,38,29,26,30,24,68,13,15,23,10,7,41,12,8,9,8,4,19,2,5,4,4,4,4,1,2,1,0,0,1
10018030008,牛埔里,男,3023,106,19,25,18,28,16,99,29,21,25,14,10,109,23,15,19,26,26,151,24,28,26,43,30,161,32,25,27,36,41,207,40,36,44,36,51,242,56,52,39,49,46,239,37,51,53,49,49,300,56,54,50,77,63,322,68,51,68,66,69,266,63,55,58,35,55,227,49,56,42,34,46,207,54,35,32,41,45,155,34,33,39,21,28,111,22,28,20,24,17,74,25,11,15,16,7,25,4,3,12,1,5,16,7,2,3,1,3,6,1,1,2,0,2,0,0,0,0,0,0,0
10018030008,牛埔里,女,2994,103,11,18,25,24,25,98,21,19,18,19,21,84,19,16,16,17,16,140,18,27,37,28,30,160,23,40,32,37,28,220,40,41,47,42,50,212,41,39,48,43,41,213,47,47,40,47,32,278,51,58,48,59,62,298,63,68,58,44,65,254,57,43,45,53,56,279,57,50,75,55,42,182,39,39,36,33,35,172,39,38,45,22,28,142,32,29,29,31,21,73,13,18,11,14,17,43,9,12,11,9,2,25,5,6,6,7,1,13,1,4,2,4,2,4,1,2,1,0,0,1
10018030009,頂埔里,計,6050,184,26,41,40,42,35,189,43,40,32,39,35,305,44,40,48,97,76,348,63,79,77,72,57,270,64,49,51,52,54,348,78,53,61,77,79,434,89,90,91,76,88,413,91,84,82,80,76,677,99,128,151,132,167,791,183,166,156,137,149,573,147,120,114,90,102,386,99,85,73,61,68,307,67,67,55,53,65,314,69,68,70,60,47,235,57,62,50,29,37,143,39,27,26,33,18,65,9,10,18,15,13,46,10,8,10,12,6,19,8,4,4,2,1,3,1,1,0,1,0,0
10018030009,頂埔里,男,2900,96,15,21,17,21,22,99,25,16,17,21,20,173,24,23,32,55,39,167,30,37,36,38,26,134,28,26,29,32,19,179,39,31,30,36,43,230,50,49,45,40,46,199,44,39,38,38,40,329,49,56,74,68,82,393,91,75,79,74,74,258,64,48,52,48,46,180,49,39,31,31,30,123,28,23,21,20,31,131,31,32,32,21,15,100,26,22,23,15,14,55,16,6,13,15,5,29,3,2,8,9,7,17,4,2,6,4,1,7,3,1,2,0,1,1,0,0,0,1,0,0
10018030009,頂埔里,女,3150,88,11,20,23,21,13,90,18,24,15,18,15,132,20,17,16,42,37,181,33,42,41,34,31,136,36,23,22,20,35,169,39,22,31,41,36,204,39,41,46,36,42,214,47,45,44,42,36,348,50,72,77,64,85,398,92,91,77,63,75,315,83,72,62,42,56,206,50,46,42,30,38,184,39,44,34,33,34,183,38,36,38,39,32,135,31,40,27,14,23,88,23,21,13,18,13,36,6,8,10,6,6,29,6,6,4,8,5,12,5,3,2,2,0,2,1,1,0,0,0,0
10018030010,東香里,計,4978,121,23,22,25,24,27,140,28,23,32,26,31,242,37,46,43,51,65,281,40,60,54,67,60,360,55,71,78,93,63,351,82,68,56,75,70,329,83,57,67,62,60,278,62,61,62,44,49,310,42,65,70,70,63,481,96,88,93,94,110,491,107,85,98,96,105,474,107,107,90,84,86,412,82,96,79,81,74,281,62,59,57,56,47,199,46,46,47,35,25,114,40,24,11,21,18,65,14,11,14,13,13,32,8,7,8,3,6,11,1,1,5,4,0,4,1,0,0,1,2,2
10018030010,東香里,男,2508,62,13,11,15,12,11,69,9,9,16,18,17,125,19,19,20,27,40,148,26,30,22,39,31,197,32,45,40,45,35,189,40,34,34,44,37,157,41,28,29,31,28,149,34,30,33,26,26,153,22,34,34,33,30,236,45,41,45,47,58,237,55,46,48,44,44,247,53,50,51,49,44,204,37,50,37,44,36,154,33,33,30,33,25,86,24,22,18,14,8,52,15,13,6,10,8,24,5,5,5,5,4,11,3,2,3,1,2,6,1,0,4,1,0,2,1,0,0,0,1,0
10018030010,東香里,女,2470,59,10,11,10,12,16,71,19,14,16,8,14,117,18,27,23,24,25,133,14,30,32,28,29,163,23,26,38,48,28,162,42,34,22,31,33,172,42,29,38,31,32,129,28,31,29,18,23,157,20,31,36,37,33,245,51,47,48,47,52,254,52,39,50,52,61,227,54,57,39,35,42,208,45,46,42,37,38,127,29,26,27,23,22,113,22,24,29,21,17,62,25,11,5,11,10,41,9,6,9,8,9,21,5,5,5,2,4,5,0,1,1,3,0,2,0,0,0,1,1,2
10018030011,香村里,計,4747,177,26,42,30,41,38,210,40,39,47,39,45,233,41,51,32,62,47,233,56,44,45,52,36,259,57,50,43,51,58,324,67,53,67,69,68,348,70,66,76,72,64,368,84,78,74,73,59,369,60,67,70,77,95,434,104,90,87,82,71,362,74,70,71,72,75,360,71,81,67,68,73,374,63,78,97,75,61,261,58,41,68,51,43,214,47,39,46,41,41,92,25,18,21,11,17,65,17,12,16,11,9,44,13,8,12,6,5,14,3,8,2,1,0,5,1,1,1,2,0,1
10018030011,香村里,男,2426,99,17,20,18,21,23,107,26,17,24,19,21,117,25,27,13,30,22,123,30,23,23,27,20,138,33,22,25,22,36,166,33,25,32,35,41,181,37,42,35,35,32,195,46,49,31,38,31,194,31,39,38,34,52,228,59,49,49,35,36,180,33,43,34,32,38,176,37,40,31,30,38,195,33,37,60,35,30,127,25,26,31,24,21,95,13,18,24,22,18,48,14,9,12,7,6,29,11,4,9,3,2,19,7,5,2,3,2,8,1,4,2,1,0,1,0,0,1,0,0,0
10018030011,香村里,女,2321,78,9,22,12,20,15,103,14,22,23,20,24,116,16,24,19,32,25,110,26,21,22,25,16,121,24,28,18,29,22,158,34,28,35,34,27,167,33,24,41,37,32,173,38,29,43,35,28,175,29,28,32,43,43,206,45,41,38,47,35,182,41,27,37,40,37,184,34,41,36,38,35,179,30,41,37,40,31,134,33,15,37,27,22,119,34,21,22,19,23,44,11,9,9,4,11,36,6,8,7,8,7,25,6,3,10,3,3,6,2,4,0,0,0,4,1,1,0,2,0,1
10018030012,香山里,計,5311,159,18,50,29,31,31,230,42,45,43,52,48,311,53,53,70,59,76,295,62,62,52,54,65,346,61,80,62,72,71,365,69,72,75,70,79,347,77,66,76,64,64,339,66,70,70,65,68,426,83,90,75,85,93,530,94,106,110,122,98,430,83,91,95,80,81,372,74,91,86,65,56,347,79,72,59,65,72,308,66,62,64,67,49,221,48,55,46,36,36,131,35,24,41,15,16,77,14,20,15,17,11,44,14,11,5,2,12,25,5,8,8,2,2,8,3,0,2,2,1,0
10018030012,香山里,男,2595,75,11,21,13,18,12,143,31,31,22,37,22,152,23,25,36,27,41,155,34,30,26,29,36,176,32,40,30,38,36,207,41,43,38,39,46,169,37,28,34,34,36,153,27,30,31,33,32,211,48,45,40,38,40,243,46,47,48,54,48,216,46,49,42,39,40,198,35,48,52,34,29,159,40,40,23,25,31,135,31,22,25,32,25,93,18,24,21,10,20,57,15,7,20,7,8,32,7,7,4,7,7,14,4,2,3,1,4,6,1,2,2,1,0,1,0,0,0,1,0,0
10018030012,香山里,女,2716,84,7,29,16,13,19,87,11,14,21,15,26,159,30,28,34,32,35,140,28,32,26,25,29,170,29,40,32,34,35,158,28,29,37,31,33,178,40,38,42,30,28,186,39,40,39,32,36,215,35,45,35,47,53,287,48,59,62,68,50,214,37,42,53,41,41,174,39,43,34,31,27,188,39,32,36,40,41,173,35,40,39,35,24,128,30,31,25,26,16,74,20,17,21,8,8,45,7,13,11,10,4,30,10,9,2,1,8,19,4,6,6,1,2,7,3,0,2,1,1,0
10018030013,大庄里,計,3514,115,21,30,26,18,20,158,34,34,22,35,33,172,32,36,29,46,29,193,30,38,38,45,42,203,35,43,44,36,45,226,42,51,36,54,43,249,45,51,50,51,52,293,68,51,58,62,54,302,57,53,57,69,66,297,55,48,68,66,60,268,61,52,44,55,56,219,41,45,48,43,42,259,43,56,63,47,50,198,51,38,52,27,30,158,37,36,33,22,30,99,20,23,23,16,17,45,9,10,6,10,10,38,9,15,6,5,3,14,4,6,2,0,2,5,1,2,0,0,2,3
10018030013,大庄里,男,1730,63,8,15,13,16,11,71,15,16,11,15,14,85,11,16,18,25,15,89,11,13,23,22,20,102,18,19,25,18,22,110,25,27,18,28,12,129,28,23,21,30,27,152,29,34,30,27,32,169,29,30,30,35,45,140,25,22,29,30,34,134,32,30,24,22,26,113,17,28,25,21,22,130,12,32,33,29,24,83,14,18,24,14,13,67,17,13,18,8,11,50,9,8,12,12,9,22,3,4,3,6,6,14,3,3,2,3,3,4,1,1,2,0,0,2,1,1,0,0,0,1
10018030013,大庄里,女,1784,52,13,15,13,2,9,87,19,18,11,20,19,87,21,20,11,21,14,104,19,25,15,23,22,101,17,24,19,18,23,116,17,24,18,26,31,120,17,28,29,21,25,141,39,17,28,35,22,133,28,23,27,34,21,157,30,26,39,36,26,134,29,22,20,33,30,106,24,17,23,22,20,129,31,24,30,18,26,115,37,20,28,13,17,91,20,23,15,14,19,49,11,15,11,4,8,23,6,6,3,4,4,24,6,12,4,2,0,10,3,5,0,0,2,3,0,1,0,0,2,2
10018030014,美山里,計,1184,35,4,8,6,9,8,35,6,6,13,4,6,26,8,8,2,4,4,42,9,4,10,10,9,54,13,7,15,3,16,87,17,19,12,19,20,105,21,17,15,26,26,100,22,26,24,18,10,64,17,7,13,15,12,76,15,16,16,18,11,95,16,27,20,21,11,109,14,21,23,23,28,103,24,23,19,25,12,83,17,17,16,17,16,61,10,18,11,8,14,36,15,11,5,3,2,39,4,6,9,14,6,20,3,2,11,3,1,10,1,2,4,1,2,3,1,1,0,1,0,1
10018030014,美山里,男,641,20,2,3,4,7,4,16,2,1,7,2,4,15,3,6,1,2,3,26,4,0,10,7,5,29,7,3,9,3,7,47,9,11,6,11,10,61,14,8,8,18,13,58,14,12,17,10,5,33,13,2,6,7,5,48,12,10,8,13,5,52,7,15,10,15,5,62,8,13,13,11,17,57,11,12,10,16,8,47,11,10,6,12,8,28,7,9,6,1,5,19,10,5,2,1,1,15,3,3,3,4,2,4,1,0,2,1,0,3,0,0,1,0,2,1,1,0,0,0,0,0
10018030014,美山里,女,543,15,2,5,2,2,4,19,4,5,6,2,2,11,5,2,1,2,1,16,5,4,0,3,4,25,6,4,6,0,9,40,8,8,6,8,10,44,7,9,7,8,13,42,8,14,7,8,5,31,4,5,7,8,7,28,3,6,8,5,6,43,9,12,10,6,6,47,6,8,10,12,11,46,13,11,9,9,4,36,6,7,10,5,8,33,3,9,5,7,9,17,5,6,3,2,1,24,1,3,6,10,4,16,2,2,9,2,1,7,1,2,3,1,0,2,0,1,0,1,0,1
10018030015,朝山里,計,2567,78,13,19,13,15,18,54,10,10,9,15,10,99,18,20,16,23,22,114,26,27,20,20,21,149,21,30,34,35,29,204,48,33,33,42,48,215,37,51,42,44,41,179,33,42,33,39,32,164,30,26,36,34,38,222,50,51,47,37,37,206,48,36,45,44,33,216,42,45,48,37,44,190,32,40,41,43,34,143,33,37,31,26,16,149,35,36,25,29,24,85,25,13,21,20,6,55,7,18,9,13,8,32,7,5,11,5,4,6,0,2,2,1,1,7,0,4,1,1,1,0
10018030015,朝山里,男,1313,43,6,13,6,7,11,34,10,6,4,8,6,52,8,12,10,13,9,58,13,15,10,9,11,84,9,16,22,21,16,99,25,14,14,21,25,118,18,31,24,23,22,95,18,25,13,21,18,81,14,10,17,18,22,106,24,23,23,17,19,106,22,18,28,24,14,111,18,22,25,22,24,91,16,24,18,17,16,84,18,22,19,16,9,75,15,19,12,15,14,43,17,7,6,9,4,21,2,8,2,7,2,10,2,1,4,1,2,1,0,1,0,0,0,1,0,1,0,0,0,0
10018030015,朝山里,女,1254,35,7,6,7,8,7,20,0,4,5,7,4,47,10,8,6,10,13,56,13,12,10,11,10,65,12,14,12,14,13,105,23,19,19,21,23,97,19,20,18,21,19,84,15,17,20,18,14,83,16,16,19,16,16,116,26,28,24,20,18,100,26,18,17,20,19,105,24,23,23,15,20,99,16,16,23,26,18,59,15,15,12,10,7,74,20,17,13,14,10,42,8,6,15,11,2,34,5,10,7,6,6,22,5,4,7,4,2,5,0,1,2,1,1,6,0,3,1,1,1,0
10018030016,海山里,計,2687,80,14,24,14,11,17,65,13,8,17,16,11,98,19,20,13,20,26,137,13,25,28,33,38,147,20,30,39,34,24,190,34,36,37,37,46,189,40,35,41,41,32,185,29,50,34,45,27,224,38,46,35,58,47,220,49,35,49,36,51,201,46,33,37,39,46,190,38,35,36,43,38,233,53,52,35,48,45,194,40,48,31,30,45,134,23,31,27,23,30,83,20,19,16,15,13,64,11,16,13,8,16,32,8,5,11,5,3,16,3,5,3,2,3,4,1,2,1,0,0,1
10018030016,海山里,男,1355,35,6,11,5,6,7,28,6,3,6,8,5,48,9,8,7,10,14,73,5,18,15,16,19,67,8,11,19,18,11,90,11,18,20,19,22,105,21,21,24,24,15,102,17,32,16,26,11,118,21,25,22,25,25,119,28,22,27,18,24,109,24,21,24,14,26,95,22,14,14,23,22,116,25,35,18,15,23,99,17,30,19,14,19,59,14,18,12,9,6,39,9,9,6,8,7,32,4,7,6,5,10,15,3,3,4,3,2,4,1,2,1,0,0,1,0,0,1,0,0,1
10018030016,海山里,女,1332,45,8,13,9,5,10,37,7,5,11,8,6,50,10,12,6,10,12,64,8,7,13,17,19,80,12,19,20,16,13,100,23,18,17,18,24,84,19,14,17,17,17,83,12,18,18,19,16,106,17,21,13,33,22,101,21,13,22,18,27,92,22,12,13,25,20,95,16,21,22,20,16,117,28,17,17,33,22,95,23,18,12,16,26,75,9,13,15,14,24,44,11,10,10,7,6,32,7,9,7,3,6,17,5,2,7,2,1,12,2,3,2,2,3,3,1,2,0,0,0,0
10018030017,茄苳里,計,1212,41,9,9,7,8,8,24,4,5,3,6,6,31,5,4,6,6,10,45,10,8,8,11,8,80,15,20,10,19,16,77,14,16,13,18,16,102,19,20,20,18,25,82,21,14,15,17,15,93,14,24,18,16,21,103,14,19,14,33,23,129,23,26,28,30,22,103,30,17,19,16,21,91,17,21,16,20,17,78,23,19,11,14,11,60,15,13,12,9,11,28,7,10,4,4,3,21,4,5,5,5,2,17,4,5,3,3,2,6,2,1,2,0,1,1,0,1,0,0,0,0
10018030017,茄苳里,男,646,18,4,3,4,3,4,9,2,1,1,3,2,16,2,2,3,4,5,24,7,4,4,4,5,47,8,12,9,9,9,42,8,12,5,7,10,47,12,7,10,9,9,46,10,8,10,7,11,52,9,12,11,11,9,50,5,8,10,15,12,83,14,16,19,16,18,51,18,8,7,6,12,59,11,13,10,13,12,38,7,11,6,8,6,25,10,5,4,2,4,14,5,5,3,1,0,12,2,3,2,3,2,9,1,4,2,1,1,4,1,1,1,0,1,0,0,0,0,0,0,0
10018030017,茄苳里,女,566,23,5,6,3,5,4,15,2,4,2,3,4,15,3,2,3,2,5,21,3,4,4,7,3,33,7,8,1,10,7,35,6,4,8,11,6,55,7,13,10,9,16,36,11,6,5,10,4,41,5,12,7,5,12,53,9,11,4,18,11,46,9,10,9,14,4,52,12,9,12,10,9,32,6,8,6,7,5,40,16,8,5,6,5,35,5,8,8,7,7,14,2,5,1,3,3,9,2,2,3,2,0,8,3,1,1,2,1,2,1,0,1,0,0,1,0,1,0,0,0,0
10018030018,大湖里,計,970,24,8,2,6,5,3,25,5,3,5,5,7,25,4,5,2,7,7,29,3,3,6,9,8,58,8,9,17,8,16,76,20,13,9,23,11,88,24,13,16,20,15,68,17,11,16,14,10,47,10,8,11,7,11,64,12,14,11,13,14,90,19,20,15,19,17,101,30,18,22,16,15,71,19,10,12,15,15,63,8,15,16,10,14,55,10,10,9,14,12,30,9,8,6,3,4,29,9,7,4,6,3,19,5,3,6,2,3,8,2,3,2,1,0,0,0,0,0,0,0,0
10018030018,大湖里,男,535,16,5,2,5,1,3,17,5,2,2,3,5,17,1,5,1,6,4,15,2,1,3,5,4,34,3,3,13,4,11,42,12,9,4,10,7,48,13,10,10,10,5,42,8,7,10,8,9,27,6,2,8,5,6,28,5,4,5,6,8,43,10,11,9,8,5,56,20,11,10,6,9,44,13,5,7,10,9,37,5,9,8,6,9,26,7,5,5,6,3,15,4,6,2,1,2,15,4,4,2,3,2,8,1,2,3,1,1,5,1,2,1,1,0,0,0,0,0,0,0,0
10018030018,大湖里,女,435,8,3,0,1,4,0,8,0,1,3,2,2,8,3,0,1,1,3,14,1,2,3,4,4,24,5,6,4,4,5,34,8,4,5,13,4,40,11,3,6,10,10,26,9,4,6,6,1,20,4,6,3,2,5,36,7,10,6,7,6,47,9,9,6,11,12,45,10,7,12,10,6,27,6,5,5,5,6,26,3,6,8,4,5,29,3,5,4,8,9,15,5,2,4,2,2,14,5,3,2,3,1,11,4,1,3,1,2,3,1,1,1,0,0,0,0,0,0,0,0,0
10018030019,南隘里,計,974,33,5,10,7,5,6,48,11,6,12,10,9,43,11,6,8,12,6,48,8,11,9,10,10,64,14,19,12,10,9,55,13,8,10,13,11,54,13,11,8,14,8,63,9,12,15,14,13,92,18,13,25,17,19,70,9,20,16,9,16,80,18,15,15,18,14,68,17,11,16,11,13,67,15,9,18,17,8,55,16,12,13,9,5,48,15,11,9,9,4,36,8,9,9,5,5,28,4,9,4,6,5,11,4,2,2,0,3,10,3,0,3,1,3,1,0,0,0,0,1,0
10018030019,南隘里,男,506,19,2,6,4,4,3,17,5,2,3,4,3,24,7,4,3,6,4,24,2,7,2,7,6,28,6,9,5,5,3,35,10,4,7,8,6,33,6,6,6,9,6,32,4,8,7,6,7,45,6,7,16,9,7,34,4,10,9,4,7,43,8,6,7,12,10,41,10,8,10,6,7,37,9,5,12,7,4,29,8,6,7,4,4,24,11,4,3,5,1,15,4,4,3,2,2,18,1,8,1,4,4,3,0,0,1,0,2,4,2,0,2,0,0,1,0,0,0,0,1,0
10018030019,南隘里,女,468,14,3,4,3,1,3,31,6,4,9,6,6,19,4,2,5,6,2,24,6,4,7,3,4,36,8,10,7,5,6,20,3,4,3,5,5,21,7,5,2,5,2,31,5,4,8,8,6,47,12,6,9,8,12,36,5,10,7,5,9,37,10,9,8,6,4,27,7,3,6,5,6,30,6,4,6,10,4,26,8,6,6,5,1,24,4,7,6,4,3,21,4,5,6,3,3,10,3,1,3,2,1,8,4,2,1,0,1,6,1,0,1,1,3,0,0,0,0,0,0,0
10018030020,中隘里,計,2376,88,16,18,17,21,16,59,11,16,17,7,8,82,18,16,6,18,24,106,20,24,24,25,13,110,20,22,22,18,28,176,33,35,28,35,45,210,50,37,41,45,37,185,41,29,47,31,37,231,42,52,32,53,52,196,36,39,39,41,41,171,30,39,31,34,37,191,36,37,43,35,40,179,32,38,38,37,34,145,29,41,33,21,21,110,26,25,20,23,16,64,15,13,16,8,12,42,10,9,7,7,9,18,7,3,2,5,1,13,2,1,1,6,3,0,0,0,0,0,0,0
10018030020,中隘里,男,1256,47,7,9,9,14,8,32,5,10,8,4,5,48,10,7,6,15,10,55,12,12,10,13,8,66,10,13,9,15,19,104,16,18,18,24,28,109,21,20,20,30,18,111,24,14,31,16,26,123,22,25,18,29,29,100,14,20,22,24,20,91,16,20,16,15,24,97,17,21,21,22,16,86,14,18,16,19,19,78,18,20,22,10,8,59,12,15,9,14,9,21,5,5,6,2,3,19,3,6,2,3,5,9,3,1,1,4,0,1,0,0,0,1,0,0,0,0,0,0,0,0
10018030020,中隘里,女,1120,41,9,9,8,7,8,27,6,6,9,3,3,34,8,9,0,3,14,51,8,12,14,12,5,44,10,9,13,3,9,72,17,17,10,11,17,101,29,17,21,15,19,74,17,15,16,15,11,108,20,27,14,24,23,96,22,19,17,17,21,80,14,19,15,19,13,94,19,16,22,13,24,93,18,20,22,18,15,67,11,21,11,11,13,51,14,10,11,9,7,43,10,8,10,6,9,23,7,3,5,4,4,9,4,2,1,1,1,12,2,1,1,5,3,0,0,0,0,0,0,0
10018030021,內湖里,計,5080,167,35,27,32,45,28,169,33,36,33,32,35,228,40,45,37,49,57,261,47,50,43,51,70,324,59,75,58,56,76,346,75,84,62,60,65,379,86,68,68,79,78,321,67,71,61,66,56,408,63,83,83,91,88,461,96,103,89,84,89,413,75,74,91,86,87,368,76,67,90,69,66,373,83,65,72,86,67,312,72,68,61,49,62,257,58,53,54,53,39,158,48,28,37,25,20,73,18,19,12,12,12,39,11,8,8,6,6,16,3,5,4,2,2,7,4,2,0,1,0,0
10018030021,內湖里,男,2526,82,18,14,17,19,14,75,14,13,17,14,17,124,26,27,19,23,29,144,27,25,20,30,42,180,31,41,36,31,41,182,35,45,40,32,30,190,37,32,38,41,42,168,40,34,31,34,29,213,36,45,44,48,40,236,48,47,49,45,47,201,44,35,41,39,42,177,39,30,37,35,36,178,49,26,32,43,28,147,36,30,28,26,27,108,21,24,20,27,16,73,17,15,20,13,8,27,8,7,3,4,5,13,1,2,6,1,3,4,1,1,1,1,0,4,2,1,0,1,0,0
10018030021,內湖里,女,2554,85,17,13,15,26,14,94,19,23,16,18,18,104,14,18,18,26,28,117,20,25,23,21,28,144,28,34,22,25,35,164,40,39,22,28,35,189,49,36,30,38,36,153,27,37,30,32,27,195,27,38,39,43,48,225,48,56,40,39,42,212,31,39,50,47,45,191,37,37,53,34,30,195,34,39,40,43,39,165,36,38,33,23,35,149,37,29,34,26,23,85,31,13,17,12,12,46,10,12,9,8,7,26,10,6,2,5,3,12,2,4,3,1,2,3,2,1,0,0,0,0
10018030022,鹽水里,計,1701,62,6,15,13,13,15,61,8,19,13,10,11,45,10,5,17,9,4,82,11,13,18,20,20,78,15,17,13,20,13,129,29,22,30,23,25,130,33,29,21,21,26,112,19,22,26,24,21,133,16,28,27,30,32,161,30,33,30,34,34,152,36,32,24,29,31,137,33,21,31,23,29,110,15,19,22,33,21,102,31,12,22,22,15,99,19,16,26,22,16,49,17,7,11,9,5,28,9,1,6,7,5,19,4,5,8,1,1,9,3,2,1,0,3,2,0,1,0,0,1,1
10018030022,鹽水里,男,873,31,2,9,5,7,8,30,2,10,8,3,7,25,6,2,11,4,2,38,5,7,8,9,9,42,9,7,7,9,10,67,11,11,14,12,19,74,19,18,10,11,16,63,8,10,17,14,14,70,8,14,11,21,16,85,19,17,13,15,21,83,22,16,12,13,20,76,23,11,18,10,14,61,7,11,16,18,9,46,11,4,12,10,9,44,6,9,13,8,8,16,5,3,4,2,2,10,5,1,2,1,1,5,2,0,3,0,0,4,3,0,0,0,1,2,0,1,0,0,1,1
10018030022,鹽水里,女,828,31,4,6,8,6,7,31,6,9,5,7,4,20,4,3,6,5,2,44,6,6,10,11,11,36,6,10,6,11,3,62,18,11,16,11,6,56,14,11,11,10,10,49,11,12,9,10,7,63,8,14,16,9,16,76,11,16,17,19,13,69,14,16,12,16,11,61,10,10,13,13,15,49,8,8,6,15,12,56,20,8,10,12,6,55,13,7,13,14,8,33,12,4,7,7,3,18,4,0,4,6,4,14,2,5,5,1,1,5,0,2,1,0,2,0,0,0,0,0,0,0
10018030023,南港里,計,907,31,7,11,3,4,6,31,4,9,9,4,5,36,7,6,7,4,12,37,8,6,9,8,6,44,7,9,12,7,9,51,10,14,5,8,14,63,11,14,13,9,16,59,14,7,10,20,8,91,20,21,14,17,19,89,27,14,18,15,15,53,13,13,10,6,11,63,15,8,13,15,12,62,13,10,12,8,19,64,18,13,12,13,8,62,11,14,12,18,7,31,10,4,8,4,5,28,10,3,5,4,6,9,2,1,1,1,4,1,1,0,0,0,0,2,0,2,0,0,0,0
10018030023,南港里,男,469,19,6,4,3,1,5,11,1,2,3,2,3,20,4,2,5,2,7,17,4,1,7,3,2,24,4,7,3,3,7,23,3,7,1,5,7,28,7,5,4,4,8,40,9,6,6,13,6,46,6,12,9,10,9,53,14,11,9,10,9,28,7,7,5,4,5,35,8,3,9,9,6,33,8,7,7,0,11,28,9,7,7,4,1,33,5,7,8,8,5,15,5,4,4,1,1,12,3,1,3,2,3,3,0,0,0,1,2,1,1,0,0,0,0,0,0,0,0,0,0,0
10018030023,南港里,女,438,12,1,7,0,3,1,20,3,7,6,2,2,16,3,4,2,2,5,20,4,5,2,5,4,20,3,2,9,4,2,28,7,7,4,3,7,35,4,9,9,5,8,19,5,1,4,7,2,45,14,9,5,7,10,36,13,3,9,5,6,25,6,6,5,2,6,28,7,5,4,6,6,29,5,3,5,8,8,36,9,6,5,9,7,29,6,7,4,10,2,16,5,0,4,3,4,16,7,2,2,2,3,6,2,1,1,0,2,0,0,0,0,0,0,2,0,2,0,0,0,0
10018030024,頂福里,計,5414,185,27,27,47,43,41,157,38,43,28,23,25,181,26,24,27,55,49,285,52,59,54,65,55,335,62,56,76,71,70,364,64,86,70,63,81,409,95,77,73,83,81,375,79,72,78,67,79,460,83,79,96,80,122,518,104,102,119,89,104,529,121,110,110,101,87,447,110,86,85,74,92,379,90,67,81,74,67,267,53,50,52,55,57,241,44,50,40,52,55,145,37,36,24,25,23,70,12,14,13,13,18,44,11,11,11,7,4,15,5,4,2,4,0,8,3,1,3,1,0,0
10018030024,頂福里,男,2666,92,11,15,23,22,21,78,20,24,13,8,13,96,14,14,13,28,27,142,27,28,25,33,29,188,35,33,39,42,39,195,35,51,37,25,47,212,49,50,31,44,38,207,30,37,41,43,56,228,42,42,52,37,55,257,58,60,44,46,49,258,55,52,54,58,39,210,54,40,35,37,44,185,41,23,42,31,48,116,32,20,24,20,20,91,15,20,14,23,19,63,11,14,10,15,13,26,3,5,3,3,12,13,2,4,4,2,1,5,1,1,0,3,0,4,2,0,1,1,0,0
10018030024,頂福里,女,2748,93,16,12,24,21,20,79,18,19,15,15,12,85,12,10,14,27,22,143,25,31,29,32,26,147,27,23,37,29,31,169,29,35,33,38,34,197,46,27,42,39,43,168,49,35,37,24,23,232,41,37,44,43,67,261,46,42,75,43,55,271,66,58,56,43,48,237,56,46,50,37,48,194,49,44,39,43,19,151,21,30,28,35,37,150,29,30,26,29,36,82,26,22,14,10,10,44,9,9,10,10,6,31,9,7,7,5,3,10,4,3,2,1,0,4,1,1,2,0,0,0
